customer_id,customer_segment,account_created_date
CUST_1000,Consumer,10-01-25
CUST_1001,Consumer,29-01-25
CUST_1002,Education,25-01-25
CUST_1003,Consumer,15-04-25
CUST_1004,Corporate B2B,08-05-25
CUST_1005,Consumer,10-04-25
CUST_1006,Consumer,13-09-25
CUST_1007,Consumer,23-02-25
CUST_1008,Corporate B2B,24-01-25
CUST_1009,Corporate B2B,19-10-25
CUST_1010,Consumer,18-01-25
CUST_1011,Corporate B2B,24-10-25
CUST_1012,Consumer,18-05-25
CUST_1013,Consumer,05-03-25
CUST_1014,Corporate B2B,11-03-25
CUST_1015,Education,29-01-25
CUST_1016,Consumer,19-02-25
CUST_1017,Consumer,27-07-25
CUST_1018,Corporate B2B,18-04-25
CUST_1019,Consumer,19-03-25
CUST_1020,Corporate B2B,05-07-25
CUST_1021,Consumer,31-01-25
CUST_1022,Consumer,27-01-25
CUST_1023,Consumer,07-04-25
CUST_1024,Consumer,06-03-25
CUST_1025,Education,20-09-25
CUST_1026,Consumer,26-10-25
CUST_1027,Consumer,27-03-25
CUST_1028,Consumer,07-10-25
CUST_1029,Consumer,28-09-25
CUST_1030,Corporate B2B,22-02-25
CUST_1031,Consumer,02-05-25
CUST_1032,Consumer,16-02-25
CUST_1033,Education,27-06-25
CUST_1034,Consumer,19-10-25
CUST_1035,Education,26-02-25
CUST_1036,Education,24-05-25
CUST_1037,Consumer,30-03-25
CUST_1038,Consumer,20-01-25
CUST_1039,Education,26-07-25
CUST_1040,Consumer,22-08-25
CUST_1041,Education,10-09-25
CUST_1042,Consumer,04-07-25
CUST_1043,Consumer,08-10-25
CUST_1044,Consumer,27-02-25
CUST_1045,Corporate B2B,19-10-25
CUST_1046,Corporate B2B,15-04-25
CUST_1047,Consumer,28-02-25
CUST_1048,Consumer,07-08-25
CUST_1049,Consumer,04-04-25
CUST_1050,Consumer,28-08-25
CUST_1051,Consumer,01-09-25
CUST_1052,Corporate B2B,28-01-25
CUST_1053,Corporate B2B,13-08-25
CUST_1054,Education,29-03-25
CUST_1055,Consumer,13-04-25
CUST_1056,Corporate B2B,16-08-25
CUST_1057,Consumer,20-07-25
CUST_1058,Corporate B2B,15-10-25
CUST_1059,Consumer,08-07-25
CUST_1060,Consumer,27-05-25
CUST_1061,Consumer,05-08-25
CUST_1062,Corporate B2B,09-09-25
CUST_1063,Consumer,19-06-25
CUST_1064,Consumer,03-06-25
CUST_1065,Consumer,08-02-25
CUST_1066,Consumer,18-08-25
CUST_1067,Consumer,11-02-25
CUST_1068,Corporate B2B,27-05-25
CUST_1069,Consumer,27-02-25
CUST_1070,Consumer,24-08-25
CUST_1071,Consumer,24-02-25
CUST_1072,Consumer,05-10-25
CUST_1073,Corporate B2B,13-04-25
CUST_1074,Consumer,21-10-25
CUST_1075,Corporate B2B,01-02-25
CUST_1076,Consumer,09-10-25
CUST_1077,Consumer,26-01-25
CUST_1078,Consumer,13-06-25
CUST_1079,Corporate B2B,05-06-25
CUST_1080,Corporate B2B,27-08-25
CUST_1081,Consumer,25-10-25
CUST_1082,Corporate B2B,31-01-25
CUST_1083,Consumer,31-05-25
CUST_1084,Consumer,27-09-25
CUST_1085,Consumer,25-02-25
CUST_1086,Consumer,06-04-25
CUST_1087,Consumer,02-01-25
CUST_1088,Consumer,20-03-25
CUST_1089,Consumer,06-05-25
CUST_1090,Consumer,12-08-25
CUST_1091,Corporate B2B,16-08-25
CUST_1092,Education,02-06-25
CUST_1093,Consumer,03-02-25
CUST_1094,Consumer,10-08-25
CUST_1095,Corporate B2B,08-10-25
CUST_1096,Consumer,10-06-25
CUST_1097,Consumer,16-10-25
CUST_1098,Education,03-06-25
CUST_1099,Consumer,08-04-25
CUST_1100,Consumer,13-02-25
CUST_1101,Consumer,25-06-25
CUST_1102,Corporate B2B,15-08-25
CUST_1103,Consumer,09-05-25
CUST_1104,Consumer,13-01-25
CUST_1105,Consumer,26-09-25
CUST_1106,Consumer,26-07-25
CUST_1107,Consumer,08-09-25
CUST_1108,Consumer,21-09-25
CUST_1109,Consumer,13-08-25
CUST_1110,Consumer,12-04-25
CUST_1111,Education,08-04-25
CUST_1112,Consumer,02-09-25
CUST_1113,Consumer,28-07-25
CUST_1114,Consumer,02-08-25
CUST_1115,Consumer,08-07-25
CUST_1116,Consumer,19-08-25
CUST_1117,Corporate B2B,30-04-25
CUST_1118,Corporate B2B,22-01-25
CUST_1119,Consumer,27-01-25
CUST_1120,Education,30-05-25
CUST_1121,Consumer,09-03-25
CUST_1122,Consumer,28-04-25
CUST_1123,Consumer,23-03-25
CUST_1124,Consumer,13-06-25
CUST_1125,Corporate B2B,23-06-25
CUST_1126,Consumer,21-04-25
CUST_1127,Corporate B2B,05-04-25
CUST_1128,Consumer,03-05-25
CUST_1129,Corporate B2B,03-07-25
CUST_1130,Consumer,10-05-25
CUST_1131,Corporate B2B,22-09-25
CUST_1132,Consumer,01-07-25
CUST_1133,Consumer,22-05-25
CUST_1134,Education,01-10-25
CUST_1135,Corporate B2B,23-01-25
CUST_1136,Consumer,26-04-25
CUST_1137,Corporate B2B,29-08-25
CUST_1138,Consumer,24-01-25
CUST_1139,Consumer,02-03-25
CUST_1140,Consumer,30-07-25
CUST_1141,Consumer,04-10-25
CUST_1142,Consumer,09-06-25
CUST_1143,Consumer,25-06-25
CUST_1144,Consumer,02-09-25
CUST_1145,Consumer,18-08-25
CUST_1146,Education,15-07-25
CUST_1147,Consumer,05-09-25
CUST_1148,Consumer,08-04-25
CUST_1149,Consumer,04-06-25
CUST_1150,Consumer,12-02-25
CUST_1151,Education,28-08-25
CUST_1152,Consumer,29-07-25
CUST_1153,Consumer,29-04-25
CUST_1154,Consumer,03-08-25
CUST_1155,Corporate B2B,29-04-25
CUST_1156,Consumer,07-08-25
CUST_1157,Education,12-06-25
CUST_1158,Consumer,08-10-25
CUST_1159,Consumer,20-08-25
CUST_1160,Corporate B2B,05-10-25
CUST_1161,Education,16-02-25
CUST_1162,Corporate B2B,02-04-25
CUST_1163,Corporate B2B,08-04-25
CUST_1164,Consumer,01-09-25
CUST_1165,Consumer,08-08-25
CUST_1166,Consumer,30-06-25
CUST_1167,Consumer,26-10-25
CUST_1168,Corporate B2B,30-04-25
CUST_1169,Consumer,08-07-25
CUST_1170,Consumer,28-05-25
CUST_1171,Consumer,18-02-25
CUST_1172,Consumer,12-01-25
CUST_1173,Consumer,27-02-25
CUST_1174,Education,07-05-25
CUST_1175,Corporate B2B,23-09-25
CUST_1176,Corporate B2B,24-01-25
CUST_1177,Education,16-04-25
CUST_1178,Consumer,24-08-25
CUST_1179,Consumer,24-07-25
CUST_1180,Corporate B2B,03-08-25
CUST_1181,Consumer,17-03-25
CUST_1182,Consumer,09-05-25
CUST_1183,Education,17-03-25
CUST_1184,Consumer,16-08-25
CUST_1185,Consumer,29-04-25
CUST_1186,Consumer,18-02-25
CUST_1187,Consumer,18-10-25
CUST_1188,Corporate B2B,23-02-25
CUST_1189,Corporate B2B,10-07-25
CUST_1190,Consumer,13-06-25
CUST_1191,Consumer,02-09-25
CUST_1192,Corporate B2B,18-10-25
CUST_1193,Corporate B2B,01-01-25
CUST_1194,Consumer,27-06-25
CUST_1195,Corporate B2B,04-07-25
CUST_1196,Consumer,16-06-25
CUST_1197,Corporate B2B,22-03-25
CUST_1198,Consumer,02-03-25
CUST_1199,Consumer,03-03-25
CUST_1200,Consumer,11-05-25
CUST_1201,Corporate B2B,25-05-25
CUST_1202,Corporate B2B,01-01-25
CUST_1203,Consumer,10-09-25
CUST_1204,Corporate B2B,01-09-25
CUST_1205,Corporate B2B,16-03-25
CUST_1206,Consumer,04-09-25
CUST_1207,Consumer,09-06-25
CUST_1208,Consumer,07-04-25
CUST_1209,Consumer,22-03-25
CUST_1210,Consumer,09-03-25
CUST_1211,Corporate B2B,20-04-25
CUST_1212,Consumer,14-10-25
CUST_1213,Corporate B2B,03-09-25
CUST_1214,Corporate B2B,17-01-25
CUST_1215,Consumer,02-01-25
CUST_1216,Corporate B2B,10-04-25
CUST_1217,Consumer,11-07-25
CUST_1218,Corporate B2B,02-02-25
CUST_1219,Corporate B2B,24-03-25
CUST_1220,Corporate B2B,06-09-25
CUST_1221,Consumer,05-02-25
CUST_1222,Education,24-01-25
CUST_1223,Consumer,06-08-25
CUST_1224,Consumer,28-09-25
CUST_1225,Consumer,03-05-25
CUST_1226,Consumer,15-04-25
CUST_1227,Consumer,21-01-25
CUST_1228,Consumer,26-09-25
CUST_1229,Corporate B2B,08-07-25
CUST_1230,Consumer,20-02-25
CUST_1231,Education,28-07-25
CUST_1232,Consumer,16-01-25
CUST_1233,Consumer,06-02-25
CUST_1234,Consumer,11-04-25
CUST_1235,Corporate B2B,17-03-25
CUST_1236,Consumer,12-07-25
CUST_1237,Consumer,26-10-25
CUST_1238,Consumer,05-08-25
CUST_1239,Consumer,26-04-25
CUST_1240,Consumer,02-07-25
CUST_1241,Corporate B2B,09-10-25
CUST_1242,Consumer,16-09-25
CUST_1243,Corporate B2B,23-09-25
CUST_1244,Consumer,13-06-25
CUST_1245,Corporate B2B,11-03-25
CUST_1246,Corporate B2B,25-04-25
CUST_1247,Consumer,02-01-25
CUST_1248,Education,25-04-25
CUST_1249,Consumer,15-02-25
CUST_1250,Consumer,23-01-25
CUST_1251,Corporate B2B,15-02-25
CUST_1252,Corporate B2B,27-08-25
CUST_1253,Consumer,07-07-25
CUST_1254,Consumer,29-08-25
CUST_1255,Consumer,27-08-25
CUST_1256,Consumer,30-04-25
CUST_1257,Consumer,26-10-25
CUST_1258,Consumer,17-07-25
CUST_1259,Education,28-01-25
CUST_1260,Consumer,01-05-25
CUST_1261,Consumer,07-07-25
CUST_1262,Consumer,12-03-25
CUST_1263,Consumer,18-10-25
CUST_1264,Consumer,13-02-25
CUST_1265,Consumer,05-04-25
CUST_1266,Consumer,10-03-25
CUST_1267,Consumer,21-08-25
CUST_1268,Consumer,23-08-25
CUST_1269,Corporate B2B,14-03-25
CUST_1270,Corporate B2B,25-03-25
CUST_1271,Corporate B2B,18-02-25
CUST_1272,Education,21-06-25
CUST_1273,Consumer,04-06-25
CUST_1274,Consumer,19-07-25
CUST_1275,Corporate B2B,20-06-25
CUST_1276,Consumer,28-06-25
CUST_1277,Education,13-08-25
CUST_1278,Consumer,10-08-25
CUST_1279,Consumer,28-05-25
CUST_1280,Corporate B2B,25-04-25
CUST_1281,Consumer,29-05-25
CUST_1282,Consumer,12-10-25
CUST_1283,Consumer,05-09-25
CUST_1284,Consumer,24-02-25
CUST_1285,Consumer,30-09-25
CUST_1286,Corporate B2B,15-09-25
CUST_1287,Corporate B2B,23-07-25
CUST_1288,Consumer,26-07-25
CUST_1289,Education,30-04-25
CUST_1290,Corporate B2B,17-08-25
CUST_1291,Consumer,01-01-25
CUST_1292,Consumer,12-06-25
CUST_1293,Consumer,07-09-25
CUST_1294,Consumer,05-09-25
CUST_1295,Consumer,27-08-25
CUST_1296,Corporate B2B,21-03-25
CUST_1297,Corporate B2B,28-07-25
CUST_1298,Education,10-07-25
CUST_1299,Consumer,18-09-25
