line_item_id,order_id,product_id,quantity,unit_selling_price,unit_cost,gross_revenue
LIT_000001,ORD_00001,PRD_102,1,129,65,129
LIT_000002,ORD_00002,PRD_104,8,249,110,1992
LIT_000003,ORD_00003,PRD_106,1,159,75,159
LIT_000004,ORD_00004,PRD_108,1,49,22,49
LIT_000005,ORD_00004,PRD_107,2,59,28,118
LIT_000006,ORD_00004,PRD_101,1,1799,1200,1799
LIT_000007,ORD_00004,PRD_105,1,599,380,599
LIT_000008,ORD_00005,PRD_105,1,599,380,599
LIT_000009,ORD_00005,PRD_107,1,59,28,59
LIT_000010,ORD_00006,PRD_102,1,129,65,129
LIT_000011,ORD_00007,PRD_101,1,1799,1200,1799
LIT_000012,ORD_00007,PRD_105,1,599,380,599
LIT_000013,ORD_00008,PRD_103,2,69,30,138
LIT_000014,ORD_00009,PRD_105,10,599,380,5990
LIT_000015,ORD_00010,PRD_105,1,599,380,599
LIT_000016,ORD_00011,PRD_103,7,69,30,483
LIT_000017,ORD_00011,PRD_102,9,129,65,1161
LIT_000018,ORD_00012,PRD_106,9,159,75,1431
LIT_000019,ORD_00012,PRD_101,9,1799,1200,16191
LIT_000020,ORD_00013,PRD_106,1,159,75,159
LIT_000021,ORD_00014,PRD_108,8,49,22,392
LIT_000022,ORD_00014,PRD_103,4,69,30,276
LIT_000023,ORD_00015,PRD_104,4,249,110,996
LIT_000024,ORD_00016,PRD_103,3,69,30,207
LIT_000025,ORD_00017,PRD_104,1,249,110,249
LIT_000026,ORD_00017,PRD_107,1,59,28,59
LIT_000027,ORD_00018,PRD_105,1,599,380,599
LIT_000028,ORD_00019,PRD_105,1,599,380,599
LIT_000029,ORD_00020,PRD_101,1,1799,1200,1799
LIT_000030,ORD_00020,PRD_106,3,159,75,477
LIT_000031,ORD_00021,PRD_105,2,599,380,1198
LIT_000032,ORD_00022,PRD_105,3,599,380,1797
LIT_000033,ORD_00023,PRD_108,2,49,22,98
LIT_000034,ORD_00023,PRD_103,1,69,30,69
LIT_000035,ORD_00024,PRD_108,1,49,22,49
LIT_000036,ORD_00024,PRD_103,1,69,30,69
LIT_000037,ORD_00025,PRD_101,2,1799,1200,3598
LIT_000038,ORD_00026,PRD_102,1,129,65,129
LIT_000039,ORD_00026,PRD_101,1,1799,1200,1799
LIT_000040,ORD_00026,PRD_106,2,159,75,318
LIT_000041,ORD_00027,PRD_103,1,69,30,69
LIT_000042,ORD_00027,PRD_107,1,59,28,59
LIT_000043,ORD_00028,PRD_103,4,69,30,276
LIT_000044,ORD_00029,PRD_105,2,599,380,1198
LIT_000045,ORD_00030,PRD_108,1,49,22,49
LIT_000046,ORD_00031,PRD_103,5,69,30,345
LIT_000047,ORD_00032,PRD_102,7,129,65,903
LIT_000048,ORD_00033,PRD_101,1,1799,1200,1799
LIT_000049,ORD_00034,PRD_108,1,49,22,49
LIT_000050,ORD_00035,PRD_101,1,1799,1200,1799
LIT_000051,ORD_00035,PRD_103,1,69,30,69
LIT_000052,ORD_00036,PRD_104,4,249,110,996
LIT_000053,ORD_00037,PRD_104,4,249,110,996
LIT_000054,ORD_00038,PRD_105,1,599,380,599
LIT_000055,ORD_00038,PRD_101,1,1799,1200,1799
LIT_000056,ORD_00039,PRD_107,1,59,28,59
LIT_000057,ORD_00040,PRD_105,1,599,380,599
LIT_000058,ORD_00040,PRD_104,1,249,110,249
LIT_000059,ORD_00041,PRD_106,1,159,75,159
LIT_000060,ORD_00042,PRD_101,1,1799,1200,1799
LIT_000061,ORD_00042,PRD_102,1,129,65,129
LIT_000062,ORD_00042,PRD_105,2,599,380,1198
LIT_000063,ORD_00042,PRD_106,1,159,75,159
LIT_000064,ORD_00043,PRD_102,1,129,65,129
LIT_000065,ORD_00044,PRD_101,1,1799,1200,1799
LIT_000066,ORD_00044,PRD_106,1,159,75,159
LIT_000067,ORD_00045,PRD_104,2,249,110,498
LIT_000068,ORD_00045,PRD_105,1,599,380,599
LIT_000069,ORD_00046,PRD_103,1,69,30,69
LIT_000070,ORD_00046,PRD_104,5,249,110,1245
LIT_000071,ORD_00047,PRD_105,1,599,380,599
LIT_000072,ORD_00048,PRD_104,4,249,110,996
LIT_000073,ORD_00048,PRD_103,6,69,30,414
LIT_000074,ORD_00049,PRD_108,1,49,22,49
LIT_000075,ORD_00049,PRD_107,2,59,28,118
LIT_000076,ORD_00050,PRD_108,3,49,22,147
LIT_000077,ORD_00050,PRD_105,1,599,380,599
LIT_000078,ORD_00051,PRD_106,4,159,75,636
LIT_000079,ORD_00051,PRD_108,6,49,22,294
LIT_000080,ORD_00052,PRD_102,1,129,65,129
LIT_000081,ORD_00052,PRD_105,1,599,380,599
LIT_000082,ORD_00053,PRD_102,1,129,65,129
LIT_000083,ORD_00053,PRD_101,1,1799,1200,1799
LIT_000084,ORD_00053,PRD_105,5,599,380,2995
LIT_000085,ORD_00054,PRD_107,1,59,28,59
LIT_000086,ORD_00055,PRD_102,1,129,65,129
LIT_000087,ORD_00056,PRD_102,7,129,65,903
LIT_000088,ORD_00057,PRD_108,5,49,22,245
LIT_000089,ORD_00057,PRD_102,9,129,65,1161
LIT_000090,ORD_00058,PRD_105,2,599,380,1198
LIT_000091,ORD_00059,PRD_104,2,249,110,498
LIT_000092,ORD_00059,PRD_106,4,159,75,636
LIT_000093,ORD_00060,PRD_101,1,1799,1200,1799
LIT_000094,ORD_00061,PRD_102,1,129,65,129
LIT_000095,ORD_00061,PRD_106,1,159,75,159
LIT_000096,ORD_00061,PRD_103,1,69,30,69
LIT_000097,ORD_00062,PRD_106,4,159,75,636
LIT_000098,ORD_00062,PRD_107,10,59,28,590
LIT_000099,ORD_00062,PRD_101,10,1799,1200,17990
LIT_000100,ORD_00062,PRD_105,2,599,380,1198
LIT_000101,ORD_00063,PRD_102,1,129,65,129
LIT_000102,ORD_00064,PRD_105,1,599,380,599
LIT_000103,ORD_00064,PRD_106,2,159,75,318
LIT_000104,ORD_00065,PRD_101,1,1799,1200,1799
LIT_000105,ORD_00065,PRD_106,1,159,75,159
LIT_000106,ORD_00066,PRD_102,2,129,65,258
LIT_000107,ORD_00067,PRD_105,1,599,380,599
LIT_000108,ORD_00068,PRD_105,1,599,380,599
LIT_000109,ORD_00068,PRD_106,1,159,75,159
LIT_000110,ORD_00068,PRD_103,1,69,30,69
LIT_000111,ORD_00069,PRD_106,1,159,75,159
LIT_000112,ORD_00070,PRD_107,1,59,28,59
LIT_000113,ORD_00070,PRD_108,1,49,22,49
LIT_000114,ORD_00071,PRD_108,1,49,22,49
LIT_000115,ORD_00071,PRD_104,1,249,110,249
LIT_000116,ORD_00072,PRD_105,1,599,380,599
LIT_000117,ORD_00073,PRD_101,3,1799,1200,5397
LIT_000118,ORD_00074,PRD_106,1,159,75,159
LIT_000119,ORD_00075,PRD_108,2,49,22,98
LIT_000120,ORD_00076,PRD_104,7,249,110,1743
LIT_000121,ORD_00077,PRD_106,2,159,75,318
LIT_000122,ORD_00078,PRD_103,2,69,30,138
LIT_000123,ORD_00079,PRD_102,1,129,65,129
LIT_000124,ORD_00079,PRD_105,1,599,380,599
LIT_000125,ORD_00080,PRD_105,2,599,380,1198
LIT_000126,ORD_00081,PRD_104,2,249,110,498
LIT_000127,ORD_00082,PRD_101,1,1799,1200,1799
LIT_000128,ORD_00082,PRD_108,1,49,22,49
LIT_000129,ORD_00083,PRD_108,6,49,22,294
LIT_000130,ORD_00083,PRD_101,10,1799,1200,17990
LIT_000131,ORD_00083,PRD_104,9,249,110,2241
LIT_000132,ORD_00084,PRD_106,1,159,75,159
LIT_000133,ORD_00085,PRD_101,1,1799,1200,1799
LIT_000134,ORD_00085,PRD_108,1,49,22,49
LIT_000135,ORD_00085,PRD_103,1,69,30,69
LIT_000136,ORD_00085,PRD_106,2,159,75,318
LIT_000137,ORD_00086,PRD_104,1,249,110,249
LIT_000138,ORD_00086,PRD_106,1,159,75,159
LIT_000139,ORD_00087,PRD_106,1,159,75,159
LIT_000140,ORD_00088,PRD_105,1,599,380,599
LIT_000141,ORD_00088,PRD_102,2,129,65,258
LIT_000142,ORD_00089,PRD_106,1,159,75,159
LIT_000143,ORD_00089,PRD_102,1,129,65,129
LIT_000144,ORD_00090,PRD_106,1,159,75,159
LIT_000145,ORD_00091,PRD_103,1,69,30,69
LIT_000146,ORD_00091,PRD_108,2,49,22,98
LIT_000147,ORD_00091,PRD_107,1,59,28,59
LIT_000148,ORD_00092,PRD_103,1,69,30,69
LIT_000149,ORD_00093,PRD_102,1,129,65,129
LIT_000150,ORD_00094,PRD_102,2,129,65,258
LIT_000151,ORD_00094,PRD_104,7,249,110,1743
LIT_000152,ORD_00095,PRD_102,6,129,65,774
LIT_000153,ORD_00096,PRD_106,2,159,75,318
LIT_000154,ORD_00097,PRD_103,1,69,30,69
LIT_000155,ORD_00098,PRD_106,1,159,75,159
LIT_000156,ORD_00099,PRD_108,8,49,22,392
LIT_000157,ORD_00099,PRD_102,8,129,65,1032
LIT_000158,ORD_00099,PRD_104,8,249,110,1992
LIT_000159,ORD_00100,PRD_104,3,249,110,747
LIT_000160,ORD_00100,PRD_106,1,159,75,159
LIT_000161,ORD_00101,PRD_102,1,129,65,129
LIT_000162,ORD_00102,PRD_108,1,49,22,49
LIT_000163,ORD_00102,PRD_102,5,129,65,645
LIT_000164,ORD_00102,PRD_104,1,249,110,249
LIT_000165,ORD_00103,PRD_106,1,159,75,159
LIT_000166,ORD_00104,PRD_107,1,59,28,59
LIT_000167,ORD_00105,PRD_102,2,129,65,258
LIT_000168,ORD_00106,PRD_101,10,1799,1200,17990
LIT_000169,ORD_00106,PRD_107,3,59,28,177
LIT_000170,ORD_00107,PRD_104,3,249,110,747
LIT_000171,ORD_00108,PRD_106,5,159,75,795
LIT_000172,ORD_00108,PRD_104,6,249,110,1494
LIT_000173,ORD_00109,PRD_105,3,599,380,1797
LIT_000174,ORD_00110,PRD_105,1,599,380,599
LIT_000175,ORD_00110,PRD_102,1,129,65,129
LIT_000176,ORD_00111,PRD_107,1,59,28,59
LIT_000177,ORD_00111,PRD_108,1,49,22,49
LIT_000178,ORD_00112,PRD_105,1,599,380,599
LIT_000179,ORD_00113,PRD_107,1,59,28,59
LIT_000180,ORD_00113,PRD_101,2,1799,1200,3598
LIT_000181,ORD_00113,PRD_105,1,599,380,599
LIT_000182,ORD_00113,PRD_106,1,159,75,159
LIT_000183,ORD_00114,PRD_107,1,59,28,59
LIT_000184,ORD_00114,PRD_102,1,129,65,129
LIT_000185,ORD_00114,PRD_101,1,1799,1200,1799
LIT_000186,ORD_00114,PRD_106,1,159,75,159
LIT_000187,ORD_00115,PRD_103,1,69,30,69
LIT_000188,ORD_00115,PRD_108,1,49,22,49
LIT_000189,ORD_00115,PRD_101,2,1799,1200,3598
LIT_000190,ORD_00115,PRD_107,1,59,28,59
LIT_000191,ORD_00116,PRD_103,1,69,30,69
LIT_000192,ORD_00117,PRD_101,5,1799,1200,8995
LIT_000193,ORD_00117,PRD_102,8,129,65,1032
LIT_000194,ORD_00118,PRD_107,1,59,28,59
LIT_000195,ORD_00118,PRD_105,1,599,380,599
LIT_000196,ORD_00118,PRD_102,1,129,65,129
LIT_000197,ORD_00119,PRD_103,1,69,30,69
LIT_000198,ORD_00120,PRD_106,1,159,75,159
LIT_000199,ORD_00121,PRD_105,1,599,380,599
LIT_000200,ORD_00121,PRD_108,1,49,22,49
LIT_000201,ORD_00121,PRD_103,1,69,30,69
LIT_000202,ORD_00122,PRD_102,6,129,65,774
LIT_000203,ORD_00123,PRD_103,1,69,30,69
LIT_000204,ORD_00123,PRD_107,1,59,28,59
LIT_000205,ORD_00124,PRD_103,1,69,30,69
LIT_000206,ORD_00124,PRD_108,1,49,22,49
LIT_000207,ORD_00124,PRD_102,2,129,65,258
LIT_000208,ORD_00125,PRD_108,8,49,22,392
LIT_000209,ORD_00126,PRD_104,1,249,110,249
LIT_000210,ORD_00126,PRD_106,1,159,75,159
LIT_000211,ORD_00126,PRD_108,1,49,22,49
LIT_000212,ORD_00126,PRD_101,1,1799,1200,1799
LIT_000213,ORD_00127,PRD_102,10,129,65,1290
LIT_000214,ORD_00128,PRD_103,3,69,30,207
LIT_000215,ORD_00128,PRD_104,3,249,110,747
LIT_000216,ORD_00129,PRD_103,1,69,30,69
LIT_000217,ORD_00130,PRD_108,1,49,22,49
LIT_000218,ORD_00131,PRD_104,1,249,110,249
LIT_000219,ORD_00132,PRD_104,1,249,110,249
LIT_000220,ORD_00133,PRD_103,6,69,30,414
LIT_000221,ORD_00134,PRD_101,1,1799,1200,1799
LIT_000222,ORD_00134,PRD_106,2,159,75,318
LIT_000223,ORD_00135,PRD_106,1,159,75,159
LIT_000224,ORD_00135,PRD_101,1,1799,1200,1799
LIT_000225,ORD_00135,PRD_104,1,249,110,249
LIT_000226,ORD_00136,PRD_101,1,1799,1200,1799
LIT_000227,ORD_00136,PRD_102,1,129,65,129
LIT_000228,ORD_00137,PRD_106,1,159,75,159
LIT_000229,ORD_00137,PRD_102,2,129,65,258
LIT_000230,ORD_00137,PRD_107,1,59,28,59
LIT_000231,ORD_00137,PRD_105,1,599,380,599
LIT_000232,ORD_00138,PRD_104,5,249,110,1245
LIT_000233,ORD_00139,PRD_103,1,69,30,69
LIT_000234,ORD_00139,PRD_104,1,249,110,249
LIT_000235,ORD_00139,PRD_108,1,49,22,49
LIT_000236,ORD_00140,PRD_104,1,249,110,249
LIT_000237,ORD_00140,PRD_107,1,59,28,59
LIT_000238,ORD_00141,PRD_103,1,69,30,69
LIT_000239,ORD_00142,PRD_108,7,49,22,343
LIT_000240,ORD_00143,PRD_107,1,59,28,59
LIT_000241,ORD_00144,PRD_103,7,69,30,483
LIT_000242,ORD_00145,PRD_101,1,1799,1200,1799
LIT_000243,ORD_00145,PRD_106,1,159,75,159
LIT_000244,ORD_00146,PRD_101,7,1799,1200,12593
LIT_000245,ORD_00146,PRD_105,10,599,380,5990
LIT_000246,ORD_00147,PRD_102,1,129,65,129
LIT_000247,ORD_00147,PRD_104,2,249,110,498
LIT_000248,ORD_00148,PRD_105,1,599,380,599
LIT_000249,ORD_00148,PRD_108,1,49,22,49
LIT_000250,ORD_00149,PRD_103,7,69,30,483
LIT_000251,ORD_00150,PRD_104,1,249,110,249
LIT_000252,ORD_00151,PRD_102,3,129,65,387
LIT_000253,ORD_00151,PRD_101,1,1799,1200,1799
LIT_000254,ORD_00151,PRD_106,1,159,75,159
LIT_000255,ORD_00152,PRD_101,1,1799,1200,1799
LIT_000256,ORD_00153,PRD_102,9,129,65,1161
LIT_000257,ORD_00154,PRD_104,1,249,110,249
LIT_000258,ORD_00154,PRD_101,2,1799,1200,3598
LIT_000259,ORD_00155,PRD_101,1,1799,1200,1799
LIT_000260,ORD_00155,PRD_106,1,159,75,159
LIT_000261,ORD_00156,PRD_108,1,49,22,49
LIT_000262,ORD_00157,PRD_103,1,69,30,69
LIT_000263,ORD_00158,PRD_101,1,1799,1200,1799
LIT_000264,ORD_00158,PRD_106,1,159,75,159
LIT_000265,ORD_00159,PRD_107,1,59,28,59
LIT_000266,ORD_00160,PRD_104,1,249,110,249
LIT_000267,ORD_00161,PRD_103,2,69,30,138
LIT_000268,ORD_00162,PRD_107,1,59,28,59
LIT_000269,ORD_00162,PRD_101,1,1799,1200,1799
LIT_000270,ORD_00163,PRD_107,1,59,28,59
LIT_000271,ORD_00163,PRD_106,1,159,75,159
LIT_000272,ORD_00164,PRD_105,4,599,380,2396
LIT_000273,ORD_00165,PRD_105,1,599,380,599
LIT_000274,ORD_00166,PRD_101,2,1799,1200,3598
LIT_000275,ORD_00166,PRD_105,3,599,380,1797
LIT_000276,ORD_00166,PRD_106,8,159,75,1272
LIT_000277,ORD_00167,PRD_104,1,249,110,249
LIT_000278,ORD_00168,PRD_108,1,49,22,49
LIT_000279,ORD_00169,PRD_107,2,59,28,118
LIT_000280,ORD_00170,PRD_104,2,249,110,498
LIT_000281,ORD_00170,PRD_101,10,1799,1200,17990
LIT_000282,ORD_00170,PRD_106,3,159,75,477
LIT_000283,ORD_00171,PRD_102,7,129,65,903
LIT_000284,ORD_00172,PRD_102,10,129,65,1290
LIT_000285,ORD_00173,PRD_104,1,249,110,249
LIT_000286,ORD_00173,PRD_107,2,59,28,118
LIT_000287,ORD_00174,PRD_101,1,1799,1200,1799
LIT_000288,ORD_00174,PRD_106,2,159,75,318
LIT_000289,ORD_00175,PRD_101,8,1799,1200,14392
LIT_000290,ORD_00175,PRD_107,8,59,28,472
LIT_000291,ORD_00176,PRD_108,1,49,22,49
LIT_000292,ORD_00177,PRD_102,1,129,65,129
LIT_000293,ORD_00178,PRD_105,2,599,380,1198
LIT_000294,ORD_00179,PRD_101,1,1799,1200,1799
LIT_000295,ORD_00179,PRD_106,1,159,75,159
LIT_000296,ORD_00179,PRD_104,1,249,110,249
LIT_000297,ORD_00179,PRD_108,1,49,22,49
LIT_000298,ORD_00180,PRD_104,8,249,110,1992
LIT_000299,ORD_00181,PRD_104,3,249,110,747
LIT_000300,ORD_00181,PRD_105,5,599,380,2995
LIT_000301,ORD_00182,PRD_105,1,599,380,599
LIT_000302,ORD_00183,PRD_103,3,69,30,207
LIT_000303,ORD_00184,PRD_106,1,159,75,159
LIT_000304,ORD_00185,PRD_107,1,59,28,59
LIT_000305,ORD_00186,PRD_108,1,49,22,49
LIT_000306,ORD_00187,PRD_108,1,49,22,49
LIT_000307,ORD_00188,PRD_107,1,59,28,59
LIT_000308,ORD_00188,PRD_101,1,1799,1200,1799
LIT_000309,ORD_00188,PRD_106,1,159,75,159
LIT_000310,ORD_00189,PRD_103,1,69,30,69
LIT_000311,ORD_00189,PRD_107,1,59,28,59
LIT_000312,ORD_00190,PRD_103,1,69,30,69
LIT_000313,ORD_00191,PRD_108,6,49,22,294
LIT_000314,ORD_00192,PRD_107,1,59,28,59
LIT_000315,ORD_00193,PRD_106,1,159,75,159
LIT_000316,ORD_00194,PRD_104,1,249,110,249
LIT_000317,ORD_00195,PRD_107,9,59,28,531
LIT_000318,ORD_00195,PRD_104,7,249,110,1743
LIT_000319,ORD_00196,PRD_108,5,49,22,245
LIT_000320,ORD_00197,PRD_107,2,59,28,118
LIT_000321,ORD_00197,PRD_106,5,159,75,795
LIT_000322,ORD_00197,PRD_103,7,69,30,483
LIT_000323,ORD_00198,PRD_107,6,59,28,354
LIT_000324,ORD_00199,PRD_107,1,59,28,59
LIT_000325,ORD_00199,PRD_102,1,129,65,129
LIT_000326,ORD_00200,PRD_103,1,69,30,69
LIT_000327,ORD_00201,PRD_107,1,59,28,59
LIT_000328,ORD_00201,PRD_108,2,49,22,98
LIT_000329,ORD_00202,PRD_108,2,49,22,98
LIT_000330,ORD_00203,PRD_105,1,599,380,599
LIT_000331,ORD_00204,PRD_101,1,1799,1200,1799
LIT_000332,ORD_00204,PRD_106,1,159,75,159
LIT_000333,ORD_00205,PRD_106,2,159,75,318
LIT_000334,ORD_00206,PRD_102,1,129,65,129
LIT_000335,ORD_00206,PRD_101,1,1799,1200,1799
LIT_000336,ORD_00207,PRD_104,1,249,110,249
LIT_000337,ORD_00208,PRD_103,2,69,30,138
LIT_000338,ORD_00208,PRD_106,1,159,75,159
LIT_000339,ORD_00208,PRD_101,1,1799,1200,1799
LIT_000340,ORD_00208,PRD_105,1,599,380,599
LIT_000341,ORD_00209,PRD_103,6,69,30,414
LIT_000342,ORD_00210,PRD_104,1,249,110,249
LIT_000343,ORD_00210,PRD_108,1,49,22,49
LIT_000344,ORD_00211,PRD_107,9,59,28,531
LIT_000345,ORD_00212,PRD_104,8,249,110,1992
LIT_000346,ORD_00213,PRD_105,2,599,380,1198
LIT_000347,ORD_00213,PRD_101,1,1799,1200,1799
LIT_000348,ORD_00214,PRD_102,1,129,65,129
LIT_000349,ORD_00214,PRD_107,1,59,28,59
LIT_000350,ORD_00215,PRD_102,1,129,65,129
LIT_000351,ORD_00216,PRD_106,1,159,75,159
LIT_000352,ORD_00216,PRD_105,1,599,380,599
LIT_000353,ORD_00216,PRD_107,2,59,28,118
LIT_000354,ORD_00216,PRD_101,1,1799,1200,1799
LIT_000355,ORD_00217,PRD_106,3,159,75,477
LIT_000356,ORD_00218,PRD_104,5,249,110,1245
LIT_000357,ORD_00219,PRD_106,1,159,75,159
LIT_000358,ORD_00220,PRD_101,2,1799,1200,3598
LIT_000359,ORD_00220,PRD_103,1,69,30,69
LIT_000360,ORD_00220,PRD_107,1,59,28,59
LIT_000361,ORD_00220,PRD_106,1,159,75,159
LIT_000362,ORD_00221,PRD_101,1,1799,1200,1799
LIT_000363,ORD_00222,PRD_105,9,599,380,5391
LIT_000364,ORD_00223,PRD_108,5,49,22,245
LIT_000365,ORD_00223,PRD_107,6,59,28,354
LIT_000366,ORD_00224,PRD_104,1,249,110,249
LIT_000367,ORD_00224,PRD_101,1,1799,1200,1799
LIT_000368,ORD_00224,PRD_105,3,599,380,1797
LIT_000369,ORD_00224,PRD_106,1,159,75,159
LIT_000370,ORD_00225,PRD_107,1,59,28,59
LIT_000371,ORD_00226,PRD_102,1,129,65,129
LIT_000372,ORD_00227,PRD_104,1,249,110,249
LIT_000373,ORD_00227,PRD_105,1,599,380,599
LIT_000374,ORD_00228,PRD_107,1,59,28,59
LIT_000375,ORD_00228,PRD_108,1,49,22,49
LIT_000376,ORD_00229,PRD_106,1,159,75,159
LIT_000377,ORD_00229,PRD_104,1,249,110,249
LIT_000378,ORD_00229,PRD_105,1,599,380,599
LIT_000379,ORD_00230,PRD_101,1,1799,1200,1799
LIT_000380,ORD_00231,PRD_107,2,59,28,118
LIT_000381,ORD_00231,PRD_102,1,129,65,129
LIT_000382,ORD_00231,PRD_103,1,69,30,69
LIT_000383,ORD_00232,PRD_104,1,249,110,249
LIT_000384,ORD_00232,PRD_102,1,129,65,129
LIT_000385,ORD_00233,PRD_102,1,129,65,129
LIT_000386,ORD_00234,PRD_105,1,599,380,599
LIT_000387,ORD_00235,PRD_102,3,129,65,387
LIT_000388,ORD_00236,PRD_105,1,599,380,599
LIT_000389,ORD_00236,PRD_102,1,129,65,129
LIT_000390,ORD_00236,PRD_103,2,69,30,138
LIT_000391,ORD_00237,PRD_108,10,49,22,490
LIT_000392,ORD_00237,PRD_103,6,69,30,414
LIT_000393,ORD_00238,PRD_103,6,69,30,414
LIT_000394,ORD_00238,PRD_106,9,159,75,1431
LIT_000395,ORD_00239,PRD_105,8,599,380,4792
LIT_000396,ORD_00239,PRD_106,2,159,75,318
LIT_000397,ORD_00240,PRD_101,1,1799,1200,1799
LIT_000398,ORD_00240,PRD_106,1,159,75,159
LIT_000399,ORD_00241,PRD_106,1,159,75,159
LIT_000400,ORD_00242,PRD_102,6,129,65,774
LIT_000401,ORD_00243,PRD_108,1,49,22,49
LIT_000402,ORD_00244,PRD_103,1,69,30,69
LIT_000403,ORD_00245,PRD_103,5,69,30,345
LIT_000404,ORD_00245,PRD_107,4,59,28,236
LIT_000405,ORD_00246,PRD_106,1,159,75,159
LIT_000406,ORD_00247,PRD_105,7,599,380,4193
LIT_000407,ORD_00247,PRD_108,2,49,22,98
LIT_000408,ORD_00248,PRD_104,1,249,110,249
LIT_000409,ORD_00248,PRD_102,2,129,65,258
LIT_000410,ORD_00248,PRD_107,1,59,28,59
LIT_000411,ORD_00249,PRD_102,1,129,65,129
LIT_000412,ORD_00250,PRD_102,1,129,65,129
LIT_000413,ORD_00250,PRD_107,1,59,28,59
LIT_000414,ORD_00251,PRD_105,1,599,380,599
LIT_000415,ORD_00252,PRD_108,6,49,22,294
LIT_000416,ORD_00252,PRD_101,3,1799,1200,5397
LIT_000417,ORD_00253,PRD_104,1,249,110,249
LIT_000418,ORD_00253,PRD_105,2,599,380,1198
LIT_000419,ORD_00254,PRD_103,1,69,30,69
LIT_000420,ORD_00254,PRD_102,1,129,65,129
LIT_000421,ORD_00255,PRD_106,10,159,75,1590
LIT_000422,ORD_00256,PRD_102,2,129,65,258
LIT_000423,ORD_00256,PRD_104,1,249,110,249
LIT_000424,ORD_00257,PRD_107,10,59,28,590
LIT_000425,ORD_00258,PRD_106,1,159,75,159
LIT_000426,ORD_00259,PRD_101,2,1799,1200,3598
LIT_000427,ORD_00259,PRD_106,5,159,75,795
LIT_000428,ORD_00260,PRD_101,3,1799,1200,5397
LIT_000429,ORD_00260,PRD_106,1,159,75,159
LIT_000430,ORD_00261,PRD_106,1,159,75,159
LIT_000431,ORD_00261,PRD_102,1,129,65,129
LIT_000432,ORD_00261,PRD_104,1,249,110,249
LIT_000433,ORD_00262,PRD_105,1,599,380,599
LIT_000434,ORD_00263,PRD_102,1,129,65,129
LIT_000435,ORD_00264,PRD_105,1,599,380,599
LIT_000436,ORD_00264,PRD_108,2,49,22,98
LIT_000437,ORD_00265,PRD_107,9,59,28,531
LIT_000438,ORD_00266,PRD_107,1,59,28,59
LIT_000439,ORD_00266,PRD_105,1,599,380,599
LIT_000440,ORD_00267,PRD_103,10,69,30,690
LIT_000441,ORD_00267,PRD_105,6,599,380,3594
LIT_000442,ORD_00267,PRD_107,8,59,28,472
LIT_000443,ORD_00268,PRD_107,1,59,28,59
LIT_000444,ORD_00269,PRD_105,2,599,380,1198
LIT_000445,ORD_00269,PRD_103,1,69,30,69
LIT_000446,ORD_00270,PRD_107,1,59,28,59
LIT_000447,ORD_00271,PRD_103,1,69,30,69
LIT_000448,ORD_00271,PRD_106,1,159,75,159
LIT_000449,ORD_00272,PRD_106,2,159,75,318
LIT_000450,ORD_00272,PRD_103,1,69,30,69
LIT_000451,ORD_00273,PRD_108,1,49,22,49
LIT_000452,ORD_00274,PRD_106,9,159,75,1431
LIT_000453,ORD_00274,PRD_103,10,69,30,690
LIT_000454,ORD_00274,PRD_101,5,1799,1200,8995
LIT_000455,ORD_00275,PRD_107,1,59,28,59
LIT_000456,ORD_00276,PRD_106,1,159,75,159
LIT_000457,ORD_00276,PRD_108,2,49,22,98
LIT_000458,ORD_00277,PRD_102,1,129,65,129
LIT_000459,ORD_00278,PRD_106,1,159,75,159
LIT_000460,ORD_00279,PRD_104,1,249,110,249
LIT_000461,ORD_00279,PRD_102,2,129,65,258
LIT_000462,ORD_00280,PRD_105,1,599,380,599
LIT_000463,ORD_00280,PRD_102,1,129,65,129
LIT_000464,ORD_00281,PRD_108,6,49,22,294
LIT_000465,ORD_00281,PRD_101,9,1799,1200,16191
LIT_000466,ORD_00281,PRD_106,9,159,75,1431
LIT_000467,ORD_00282,PRD_106,3,159,75,477
LIT_000468,ORD_00282,PRD_104,2,249,110,498
LIT_000469,ORD_00283,PRD_108,6,49,22,294
LIT_000470,ORD_00284,PRD_105,1,599,380,599
LIT_000471,ORD_00285,PRD_101,1,1799,1200,1799
LIT_000472,ORD_00286,PRD_101,1,1799,1200,1799
LIT_000473,ORD_00286,PRD_107,1,59,28,59
LIT_000474,ORD_00286,PRD_106,1,159,75,159
LIT_000475,ORD_00287,PRD_106,2,159,75,318
LIT_000476,ORD_00288,PRD_106,1,159,75,159
LIT_000477,ORD_00289,PRD_103,1,69,30,69
LIT_000478,ORD_00289,PRD_101,1,1799,1200,1799
LIT_000479,ORD_00290,PRD_107,2,59,28,118
LIT_000480,ORD_00291,PRD_102,1,129,65,129
LIT_000481,ORD_00291,PRD_107,1,59,28,59
LIT_000482,ORD_00291,PRD_106,1,159,75,159
LIT_000483,ORD_00292,PRD_102,1,129,65,129
LIT_000484,ORD_00293,PRD_107,8,59,28,472
LIT_000485,ORD_00293,PRD_106,9,159,75,1431
LIT_000486,ORD_00293,PRD_103,8,69,30,552
LIT_000487,ORD_00294,PRD_103,1,69,30,69
LIT_000488,ORD_00295,PRD_103,1,69,30,69
LIT_000489,ORD_00296,PRD_101,1,1799,1200,1799
LIT_000490,ORD_00296,PRD_106,2,159,75,318
LIT_000491,ORD_00297,PRD_107,1,59,28,59
LIT_000492,ORD_00297,PRD_104,1,249,110,249
LIT_000493,ORD_00298,PRD_102,1,129,65,129
LIT_000494,ORD_00299,PRD_108,1,49,22,49
LIT_000495,ORD_00299,PRD_104,1,249,110,249
LIT_000496,ORD_00300,PRD_107,1,59,28,59
LIT_000497,ORD_00300,PRD_102,1,129,65,129
LIT_000498,ORD_00300,PRD_104,1,249,110,249
LIT_000499,ORD_00301,PRD_103,4,69,30,276
LIT_000500,ORD_00302,PRD_103,1,69,30,69
LIT_000501,ORD_00303,PRD_108,2,49,22,98
LIT_000502,ORD_00303,PRD_104,2,249,110,498
LIT_000503,ORD_00304,PRD_107,3,59,28,177
LIT_000504,ORD_00305,PRD_104,1,249,110,249
LIT_000505,ORD_00306,PRD_107,1,59,28,59
LIT_000506,ORD_00307,PRD_105,1,599,380,599
LIT_000507,ORD_00308,PRD_106,3,159,75,477
LIT_000508,ORD_00308,PRD_101,1,1799,1200,1799
LIT_000509,ORD_00309,PRD_105,1,599,380,599
LIT_000510,ORD_00309,PRD_108,2,49,22,98
LIT_000511,ORD_00310,PRD_108,4,49,22,196
LIT_000512,ORD_00310,PRD_103,7,69,30,483
LIT_000513,ORD_00311,PRD_101,1,1799,1200,1799
LIT_000514,ORD_00311,PRD_106,2,159,75,318
LIT_000515,ORD_00312,PRD_107,1,59,28,59
LIT_000516,ORD_00312,PRD_104,1,249,110,249
LIT_000517,ORD_00313,PRD_107,5,59,28,295
LIT_000518,ORD_00313,PRD_108,8,49,22,392
LIT_000519,ORD_00313,PRD_104,4,249,110,996
LIT_000520,ORD_00313,PRD_106,3,159,75,477
LIT_000521,ORD_00314,PRD_101,1,1799,1200,1799
LIT_000522,ORD_00314,PRD_106,1,159,75,159
LIT_000523,ORD_00315,PRD_108,1,49,22,49
LIT_000524,ORD_00316,PRD_105,7,599,380,4193
LIT_000525,ORD_00317,PRD_107,1,59,28,59
LIT_000526,ORD_00317,PRD_104,2,249,110,498
LIT_000527,ORD_00318,PRD_106,1,159,75,159
LIT_000528,ORD_00319,PRD_103,1,69,30,69
LIT_000529,ORD_00320,PRD_101,2,1799,1200,3598
LIT_000530,ORD_00320,PRD_107,8,59,28,472
LIT_000531,ORD_00320,PRD_103,2,69,30,138
LIT_000532,ORD_00320,PRD_106,3,159,75,477
LIT_000533,ORD_00321,PRD_105,1,599,380,599
LIT_000534,ORD_00322,PRD_108,9,49,22,441
LIT_000535,ORD_00323,PRD_108,1,49,22,49
LIT_000536,ORD_00324,PRD_104,1,249,110,249
LIT_000537,ORD_00324,PRD_103,2,69,30,138
LIT_000538,ORD_00325,PRD_104,1,249,110,249
LIT_000539,ORD_00325,PRD_108,1,49,22,49
LIT_000540,ORD_00326,PRD_108,1,49,22,49
LIT_000541,ORD_00326,PRD_101,1,1799,1200,1799
LIT_000542,ORD_00326,PRD_106,3,159,75,477
LIT_000543,ORD_00327,PRD_106,1,159,75,159
LIT_000544,ORD_00327,PRD_103,1,69,30,69
LIT_000545,ORD_00328,PRD_104,2,249,110,498
LIT_000546,ORD_00328,PRD_106,2,159,75,318
LIT_000547,ORD_00329,PRD_103,2,69,30,138
LIT_000548,ORD_00329,PRD_104,2,249,110,498
LIT_000549,ORD_00330,PRD_102,3,129,65,387
LIT_000550,ORD_00330,PRD_108,8,49,22,392
LIT_000551,ORD_00330,PRD_105,6,599,380,3594
LIT_000552,ORD_00331,PRD_106,2,159,75,318
LIT_000553,ORD_00331,PRD_105,1,599,380,599
LIT_000554,ORD_00331,PRD_107,1,59,28,59
LIT_000555,ORD_00331,PRD_102,1,129,65,129
LIT_000556,ORD_00332,PRD_106,3,159,75,477
LIT_000557,ORD_00332,PRD_104,3,249,110,747
LIT_000558,ORD_00332,PRD_102,1,129,65,129
LIT_000559,ORD_00332,PRD_101,1,1799,1200,1799
LIT_000560,ORD_00333,PRD_103,1,69,30,69
LIT_000561,ORD_00334,PRD_105,10,599,380,5990
LIT_000562,ORD_00335,PRD_102,5,129,65,645
LIT_000563,ORD_00335,PRD_107,9,59,28,531
LIT_000564,ORD_00336,PRD_105,1,599,380,599
LIT_000565,ORD_00336,PRD_103,1,69,30,69
LIT_000566,ORD_00336,PRD_104,2,249,110,498
LIT_000567,ORD_00337,PRD_103,1,69,30,69
LIT_000568,ORD_00337,PRD_107,1,59,28,59
LIT_000569,ORD_00338,PRD_104,3,249,110,747
LIT_000570,ORD_00339,PRD_102,2,129,65,258
LIT_000571,ORD_00340,PRD_103,1,69,30,69
LIT_000572,ORD_00340,PRD_108,1,49,22,49
LIT_000573,ORD_00340,PRD_105,2,599,380,1198
LIT_000574,ORD_00341,PRD_107,1,59,28,59
LIT_000575,ORD_00342,PRD_101,1,1799,1200,1799
LIT_000576,ORD_00342,PRD_108,1,49,22,49
LIT_000577,ORD_00342,PRD_102,1,129,65,129
LIT_000578,ORD_00343,PRD_107,1,59,28,59
LIT_000579,ORD_00343,PRD_101,3,1799,1200,5397
LIT_000580,ORD_00343,PRD_106,1,159,75,159
LIT_000581,ORD_00344,PRD_103,2,69,30,138
LIT_000582,ORD_00344,PRD_101,5,1799,1200,8995
LIT_000583,ORD_00344,PRD_106,1,159,75,159
LIT_000584,ORD_00345,PRD_106,1,159,75,159
LIT_000585,ORD_00346,PRD_103,1,69,30,69
LIT_000586,ORD_00346,PRD_101,1,1799,1200,1799
LIT_000587,ORD_00346,PRD_102,3,129,65,387
LIT_000588,ORD_00346,PRD_106,2,159,75,318
LIT_000589,ORD_00347,PRD_104,7,249,110,1743
LIT_000590,ORD_00348,PRD_102,9,129,65,1161
LIT_000591,ORD_00349,PRD_105,1,599,380,599
LIT_000592,ORD_00350,PRD_107,1,59,28,59
LIT_000593,ORD_00350,PRD_101,1,1799,1200,1799
LIT_000594,ORD_00350,PRD_106,2,159,75,318
LIT_000595,ORD_00351,PRD_103,1,69,30,69
LIT_000596,ORD_00352,PRD_103,7,69,30,483
LIT_000597,ORD_00352,PRD_106,7,159,75,1113
LIT_000598,ORD_00353,PRD_104,1,249,110,249
LIT_000599,ORD_00353,PRD_101,3,1799,1200,5397
LIT_000600,ORD_00353,PRD_102,1,129,65,129
LIT_000601,ORD_00353,PRD_106,1,159,75,159
LIT_000602,ORD_00354,PRD_106,1,159,75,159
LIT_000603,ORD_00355,PRD_103,1,69,30,69
LIT_000604,ORD_00355,PRD_107,1,59,28,59
LIT_000605,ORD_00356,PRD_106,5,159,75,795
LIT_000606,ORD_00357,PRD_101,1,1799,1200,1799
LIT_000607,ORD_00358,PRD_104,2,249,110,498
LIT_000608,ORD_00359,PRD_106,2,159,75,318
LIT_000609,ORD_00359,PRD_105,1,599,380,599
LIT_000610,ORD_00360,PRD_102,2,129,65,258
LIT_000611,ORD_00361,PRD_103,7,69,30,483
LIT_000612,ORD_00362,PRD_106,5,159,75,795
LIT_000613,ORD_00363,PRD_103,2,69,30,138
LIT_000614,ORD_00363,PRD_105,1,599,380,599
LIT_000615,ORD_00364,PRD_105,6,599,380,3594
LIT_000616,ORD_00364,PRD_103,6,69,30,414
LIT_000617,ORD_00365,PRD_108,1,49,22,49
LIT_000618,ORD_00365,PRD_101,1,1799,1200,1799
LIT_000619,ORD_00365,PRD_106,2,159,75,318
LIT_000620,ORD_00365,PRD_107,1,59,28,59
LIT_000621,ORD_00366,PRD_106,1,159,75,159
LIT_000622,ORD_00367,PRD_108,7,49,22,343
LIT_000623,ORD_00367,PRD_107,6,59,28,354
LIT_000624,ORD_00368,PRD_103,9,69,30,621
LIT_000625,ORD_00369,PRD_105,1,599,380,599
LIT_000626,ORD_00370,PRD_103,1,69,30,69
LIT_000627,ORD_00370,PRD_106,5,159,75,795
LIT_000628,ORD_00371,PRD_108,1,49,22,49
LIT_000629,ORD_00372,PRD_104,1,249,110,249
LIT_000630,ORD_00372,PRD_108,1,49,22,49
LIT_000631,ORD_00373,PRD_103,1,69,30,69
LIT_000632,ORD_00374,PRD_107,1,59,28,59
LIT_000633,ORD_00375,PRD_103,1,69,30,69
LIT_000634,ORD_00375,PRD_107,1,59,28,59
LIT_000635,ORD_00376,PRD_108,1,49,22,49
LIT_000636,ORD_00377,PRD_103,1,69,30,69
LIT_000637,ORD_00378,PRD_106,1,159,75,159
LIT_000638,ORD_00379,PRD_101,1,1799,1200,1799
LIT_000639,ORD_00379,PRD_103,1,69,30,69
LIT_000640,ORD_00379,PRD_106,1,159,75,159
LIT_000641,ORD_00380,PRD_102,1,129,65,129
LIT_000642,ORD_00381,PRD_103,7,69,30,483
LIT_000643,ORD_00382,PRD_104,1,249,110,249
LIT_000644,ORD_00383,PRD_106,1,159,75,159
LIT_000645,ORD_00383,PRD_101,1,1799,1200,1799
LIT_000646,ORD_00384,PRD_107,2,59,28,118
LIT_000647,ORD_00384,PRD_102,1,129,65,129
LIT_000648,ORD_00385,PRD_103,1,69,30,69
LIT_000649,ORD_00385,PRD_104,1,249,110,249
LIT_000650,ORD_00386,PRD_102,7,129,65,903
LIT_000651,ORD_00386,PRD_104,8,249,110,1992
LIT_000652,ORD_00386,PRD_105,10,599,380,5990
LIT_000653,ORD_00387,PRD_108,5,49,22,245
LIT_000654,ORD_00387,PRD_105,1,599,380,599
LIT_000655,ORD_00388,PRD_105,2,599,380,1198
LIT_000656,ORD_00389,PRD_102,1,129,65,129
LIT_000657,ORD_00389,PRD_107,1,59,28,59
LIT_000658,ORD_00389,PRD_106,1,159,75,159
LIT_000659,ORD_00390,PRD_108,1,49,22,49
LIT_000660,ORD_00390,PRD_107,1,59,28,59
LIT_000661,ORD_00391,PRD_105,3,599,380,1797
LIT_000662,ORD_00391,PRD_104,10,249,110,2490
LIT_000663,ORD_00391,PRD_103,6,69,30,414
LIT_000664,ORD_00392,PRD_104,1,249,110,249
LIT_000665,ORD_00393,PRD_106,2,159,75,318
LIT_000666,ORD_00394,PRD_105,1,599,380,599
LIT_000667,ORD_00394,PRD_103,1,69,30,69
LIT_000668,ORD_00395,PRD_101,1,1799,1200,1799
LIT_000669,ORD_00395,PRD_106,1,159,75,159
LIT_000670,ORD_00396,PRD_108,9,49,22,441
LIT_000671,ORD_00397,PRD_101,5,1799,1200,8995
LIT_000672,ORD_00398,PRD_105,5,599,380,2995
LIT_000673,ORD_00399,PRD_107,1,59,28,59
LIT_000674,ORD_00400,PRD_108,2,49,22,98
LIT_000675,ORD_00400,PRD_101,1,1799,1200,1799
LIT_000676,ORD_00400,PRD_102,1,129,65,129
LIT_000677,ORD_00401,PRD_105,2,599,380,1198
LIT_000678,ORD_00401,PRD_101,8,1799,1200,14392
LIT_000679,ORD_00402,PRD_105,1,599,380,599
LIT_000680,ORD_00403,PRD_106,1,159,75,159
LIT_000681,ORD_00404,PRD_103,1,69,30,69
LIT_000682,ORD_00404,PRD_104,1,249,110,249
LIT_000683,ORD_00405,PRD_101,1,1799,1200,1799
LIT_000684,ORD_00405,PRD_106,1,159,75,159
LIT_000685,ORD_00406,PRD_107,1,59,28,59
LIT_000686,ORD_00407,PRD_102,3,129,65,387
LIT_000687,ORD_00408,PRD_104,7,249,110,1743
LIT_000688,ORD_00408,PRD_103,2,69,30,138
LIT_000689,ORD_00408,PRD_102,8,129,65,1032
LIT_000690,ORD_00408,PRD_106,4,159,75,636
LIT_000691,ORD_00409,PRD_103,5,69,30,345
LIT_000692,ORD_00410,PRD_101,3,1799,1200,5397
LIT_000693,ORD_00410,PRD_102,2,129,65,258
LIT_000694,ORD_00410,PRD_106,1,159,75,159
LIT_000695,ORD_00411,PRD_103,1,69,30,69
LIT_000696,ORD_00412,PRD_102,1,129,65,129
LIT_000697,ORD_00412,PRD_105,1,599,380,599
LIT_000698,ORD_00413,PRD_102,1,129,65,129
LIT_000699,ORD_00414,PRD_107,1,59,28,59
LIT_000700,ORD_00414,PRD_105,1,599,380,599
LIT_000701,ORD_00415,PRD_102,1,129,65,129
LIT_000702,ORD_00416,PRD_101,1,1799,1200,1799
LIT_000703,ORD_00417,PRD_104,4,249,110,996
LIT_000704,ORD_00417,PRD_107,6,59,28,354
LIT_000705,ORD_00417,PRD_102,9,129,65,1161
LIT_000706,ORD_00417,PRD_103,2,69,30,138
LIT_000707,ORD_00418,PRD_107,1,59,28,59
LIT_000708,ORD_00418,PRD_103,1,69,30,69
LIT_000709,ORD_00418,PRD_104,1,249,110,249
LIT_000710,ORD_00418,PRD_106,1,159,75,159
LIT_000711,ORD_00419,PRD_101,1,1799,1200,1799
LIT_000712,ORD_00419,PRD_106,1,159,75,159
LIT_000713,ORD_00420,PRD_107,1,59,28,59
LIT_000714,ORD_00421,PRD_102,4,129,65,516
LIT_000715,ORD_00422,PRD_102,1,129,65,129
LIT_000716,ORD_00422,PRD_108,1,49,22,49
LIT_000717,ORD_00422,PRD_104,1,249,110,249
LIT_000718,ORD_00423,PRD_104,1,249,110,249
LIT_000719,ORD_00423,PRD_105,2,599,380,1198
LIT_000720,ORD_00424,PRD_101,1,1799,1200,1799
LIT_000721,ORD_00425,PRD_106,7,159,75,1113
LIT_000722,ORD_00426,PRD_108,1,49,22,49
LIT_000723,ORD_00426,PRD_101,1,1799,1200,1799
LIT_000724,ORD_00426,PRD_106,1,159,75,159
LIT_000725,ORD_00427,PRD_104,1,249,110,249
LIT_000726,ORD_00427,PRD_103,1,69,30,69
LIT_000727,ORD_00428,PRD_103,1,69,30,69
LIT_000728,ORD_00429,PRD_107,1,59,28,59
LIT_000729,ORD_00429,PRD_108,1,49,22,49
LIT_000730,ORD_00430,PRD_102,2,129,65,258
LIT_000731,ORD_00430,PRD_108,1,49,22,49
LIT_000732,ORD_00430,PRD_104,1,249,110,249
LIT_000733,ORD_00430,PRD_105,1,599,380,599
LIT_000734,ORD_00431,PRD_105,5,599,380,2995
LIT_000735,ORD_00432,PRD_106,6,159,75,954
LIT_000736,ORD_00432,PRD_108,9,49,22,441
LIT_000737,ORD_00433,PRD_102,8,129,65,1032
LIT_000738,ORD_00434,PRD_108,3,49,22,147
LIT_000739,ORD_00434,PRD_105,1,599,380,599
LIT_000740,ORD_00435,PRD_101,1,1799,1200,1799
LIT_000741,ORD_00435,PRD_106,1,159,75,159
LIT_000742,ORD_00436,PRD_104,1,249,110,249
LIT_000743,ORD_00436,PRD_101,2,1799,1200,3598
LIT_000744,ORD_00436,PRD_105,1,599,380,599
LIT_000745,ORD_00436,PRD_107,1,59,28,59
LIT_000746,ORD_00436,PRD_106,1,159,75,159
LIT_000747,ORD_00437,PRD_106,1,159,75,159
LIT_000748,ORD_00437,PRD_102,2,129,65,258
LIT_000749,ORD_00438,PRD_102,2,129,65,258
LIT_000750,ORD_00439,PRD_105,1,599,380,599
LIT_000751,ORD_00439,PRD_107,1,59,28,59
LIT_000752,ORD_00439,PRD_103,1,69,30,69
LIT_000753,ORD_00440,PRD_107,6,59,28,354
LIT_000754,ORD_00441,PRD_103,10,69,30,690
LIT_000755,ORD_00442,PRD_101,2,1799,1200,3598
LIT_000756,ORD_00442,PRD_103,1,69,30,69
LIT_000757,ORD_00442,PRD_108,1,49,22,49
LIT_000758,ORD_00442,PRD_106,2,159,75,318
LIT_000759,ORD_00443,PRD_108,1,49,22,49
LIT_000760,ORD_00444,PRD_106,9,159,75,1431
LIT_000761,ORD_00444,PRD_101,10,1799,1200,17990
LIT_000762,ORD_00445,PRD_107,3,59,28,177
LIT_000763,ORD_00446,PRD_104,1,249,110,249
LIT_000764,ORD_00447,PRD_101,1,1799,1200,1799
LIT_000765,ORD_00448,PRD_101,1,1799,1200,1799
LIT_000766,ORD_00448,PRD_103,1,69,30,69
LIT_000767,ORD_00448,PRD_106,1,159,75,159
LIT_000768,ORD_00449,PRD_105,3,599,380,1797
LIT_000769,ORD_00449,PRD_107,7,59,28,413
LIT_000770,ORD_00450,PRD_105,2,599,380,1198
LIT_000771,ORD_00450,PRD_108,6,49,22,294
LIT_000772,ORD_00451,PRD_101,1,1799,1200,1799
LIT_000773,ORD_00452,PRD_102,1,129,65,129
LIT_000774,ORD_00453,PRD_106,6,159,75,954
LIT_000775,ORD_00453,PRD_108,10,49,22,490
LIT_000776,ORD_00454,PRD_108,1,49,22,49
LIT_000777,ORD_00454,PRD_104,1,249,110,249
LIT_000778,ORD_00454,PRD_106,1,159,75,159
LIT_000779,ORD_00455,PRD_106,1,159,75,159
LIT_000780,ORD_00456,PRD_106,1,159,75,159
LIT_000781,ORD_00456,PRD_105,5,599,380,2995
LIT_000782,ORD_00457,PRD_102,1,129,65,129
LIT_000783,ORD_00457,PRD_104,1,249,110,249
LIT_000784,ORD_00458,PRD_106,6,159,75,954
LIT_000785,ORD_00458,PRD_103,4,69,30,276
LIT_000786,ORD_00459,PRD_104,1,249,110,249
LIT_000787,ORD_00459,PRD_103,1,69,30,69
LIT_000788,ORD_00459,PRD_106,1,159,75,159
LIT_000789,ORD_00460,PRD_108,1,49,22,49
LIT_000790,ORD_00461,PRD_101,1,1799,1200,1799
LIT_000791,ORD_00461,PRD_104,1,249,110,249
LIT_000792,ORD_00462,PRD_101,1,1799,1200,1799
LIT_000793,ORD_00462,PRD_106,1,159,75,159
LIT_000794,ORD_00463,PRD_101,1,1799,1200,1799
LIT_000795,ORD_00463,PRD_108,1,49,22,49
LIT_000796,ORD_00463,PRD_106,1,159,75,159
LIT_000797,ORD_00464,PRD_101,1,1799,1200,1799
LIT_000798,ORD_00464,PRD_108,1,49,22,49
LIT_000799,ORD_00464,PRD_107,5,59,28,295
LIT_000800,ORD_00464,PRD_102,2,129,65,258
LIT_000801,ORD_00464,PRD_106,5,159,75,795
LIT_000802,ORD_00465,PRD_105,1,599,380,599
LIT_000803,ORD_00465,PRD_104,1,249,110,249
LIT_000804,ORD_00465,PRD_107,2,59,28,118
LIT_000805,ORD_00466,PRD_105,1,599,380,599
LIT_000806,ORD_00467,PRD_101,2,1799,1200,3598
LIT_000807,ORD_00468,PRD_105,2,599,380,1198
LIT_000808,ORD_00469,PRD_107,4,59,28,236
LIT_000809,ORD_00470,PRD_101,7,1799,1200,12593
LIT_000810,ORD_00470,PRD_106,3,159,75,477
LIT_000811,ORD_00471,PRD_105,1,599,380,599
LIT_000812,ORD_00471,PRD_102,2,129,65,258
LIT_000813,ORD_00472,PRD_107,1,59,28,59
LIT_000814,ORD_00473,PRD_105,1,599,380,599
LIT_000815,ORD_00473,PRD_106,2,159,75,318
LIT_000816,ORD_00474,PRD_105,10,599,380,5990
LIT_000817,ORD_00474,PRD_102,5,129,65,645
LIT_000818,ORD_00474,PRD_108,3,49,22,147
LIT_000819,ORD_00475,PRD_105,1,599,380,599
LIT_000820,ORD_00475,PRD_103,1,69,30,69
LIT_000821,ORD_00476,PRD_107,1,59,28,59
LIT_000822,ORD_00477,PRD_107,10,59,28,590
LIT_000823,ORD_00478,PRD_101,1,1799,1200,1799
LIT_000824,ORD_00478,PRD_104,2,249,110,498
LIT_000825,ORD_00478,PRD_106,1,159,75,159
LIT_000826,ORD_00478,PRD_103,1,69,30,69
LIT_000827,ORD_00479,PRD_102,1,129,65,129
LIT_000828,ORD_00480,PRD_106,1,159,75,159
LIT_000829,ORD_00481,PRD_105,1,599,380,599
LIT_000830,ORD_00481,PRD_108,1,49,22,49
LIT_000831,ORD_00482,PRD_101,1,1799,1200,1799
LIT_000832,ORD_00482,PRD_106,2,159,75,318
LIT_000833,ORD_00483,PRD_104,1,249,110,249
LIT_000834,ORD_00484,PRD_102,1,129,65,129
LIT_000835,ORD_00485,PRD_104,2,249,110,498
LIT_000836,ORD_00485,PRD_103,1,69,30,69
LIT_000837,ORD_00486,PRD_101,1,1799,1200,1799
LIT_000838,ORD_00486,PRD_106,2,159,75,318
LIT_000839,ORD_00487,PRD_105,2,599,380,1198
LIT_000840,ORD_00487,PRD_101,4,1799,1200,7196
LIT_000841,ORD_00487,PRD_106,8,159,75,1272
LIT_000842,ORD_00488,PRD_103,3,69,30,207
LIT_000843,ORD_00489,PRD_103,1,69,30,69
LIT_000844,ORD_00490,PRD_104,1,249,110,249
LIT_000845,ORD_00491,PRD_105,3,599,380,1797
LIT_000846,ORD_00491,PRD_102,1,129,65,129
LIT_000847,ORD_00491,PRD_108,2,49,22,98
LIT_000848,ORD_00492,PRD_108,3,49,22,147
LIT_000849,ORD_00493,PRD_103,1,69,30,69
LIT_000850,ORD_00494,PRD_107,1,59,28,59
LIT_000851,ORD_00494,PRD_102,2,129,65,258
LIT_000852,ORD_00495,PRD_107,1,59,28,59
LIT_000853,ORD_00496,PRD_102,1,129,65,129
LIT_000854,ORD_00497,PRD_106,1,159,75,159
LIT_000855,ORD_00498,PRD_101,2,1799,1200,3598
LIT_000856,ORD_00498,PRD_106,2,159,75,318
LIT_000857,ORD_00499,PRD_103,1,69,30,69
LIT_000858,ORD_00500,PRD_106,2,159,75,318
LIT_000859,ORD_00500,PRD_108,4,49,22,196
LIT_000860,ORD_00501,PRD_101,5,1799,1200,8995
LIT_000861,ORD_00501,PRD_105,8,599,380,4792
LIT_000862,ORD_00501,PRD_106,6,159,75,954
LIT_000863,ORD_00502,PRD_101,1,1799,1200,1799
LIT_000864,ORD_00502,PRD_104,2,249,110,498
LIT_000865,ORD_00502,PRD_105,1,599,380,599
LIT_000866,ORD_00503,PRD_107,1,59,28,59
LIT_000867,ORD_00503,PRD_104,1,249,110,249
LIT_000868,ORD_00503,PRD_101,1,1799,1200,1799
LIT_000869,ORD_00504,PRD_102,2,129,65,258
LIT_000870,ORD_00504,PRD_101,1,1799,1200,1799
LIT_000871,ORD_00504,PRD_106,1,159,75,159
LIT_000872,ORD_00505,PRD_107,5,59,28,295
LIT_000873,ORD_00505,PRD_102,1,129,65,129
LIT_000874,ORD_00505,PRD_106,1,159,75,159
LIT_000875,ORD_00506,PRD_106,1,159,75,159
LIT_000876,ORD_00507,PRD_106,1,159,75,159
LIT_000877,ORD_00507,PRD_104,1,249,110,249
LIT_000878,ORD_00508,PRD_101,1,1799,1200,1799
LIT_000879,ORD_00508,PRD_106,1,159,75,159
LIT_000880,ORD_00509,PRD_101,1,1799,1200,1799
LIT_000881,ORD_00510,PRD_103,1,69,30,69
LIT_000882,ORD_00510,PRD_106,1,159,75,159
LIT_000883,ORD_00510,PRD_107,1,59,28,59
LIT_000884,ORD_00511,PRD_105,1,599,380,599
LIT_000885,ORD_00512,PRD_101,2,1799,1200,3598
LIT_000886,ORD_00513,PRD_105,1,599,380,599
LIT_000887,ORD_00513,PRD_101,1,1799,1200,1799
LIT_000888,ORD_00513,PRD_106,1,159,75,159
LIT_000889,ORD_00514,PRD_106,1,159,75,159
LIT_000890,ORD_00515,PRD_104,1,249,110,249
LIT_000891,ORD_00515,PRD_106,1,159,75,159
LIT_000892,ORD_00516,PRD_108,1,49,22,49
LIT_000893,ORD_00517,PRD_101,4,1799,1200,7196
LIT_000894,ORD_00518,PRD_103,2,69,30,138
LIT_000895,ORD_00518,PRD_105,1,599,380,599
LIT_000896,ORD_00519,PRD_102,1,129,65,129
LIT_000897,ORD_00519,PRD_104,1,249,110,249
LIT_000898,ORD_00520,PRD_106,4,159,75,636
LIT_000899,ORD_00520,PRD_101,9,1799,1200,16191
LIT_000900,ORD_00521,PRD_105,1,599,380,599
LIT_000901,ORD_00521,PRD_104,1,249,110,249
LIT_000902,ORD_00522,PRD_102,1,129,65,129
LIT_000903,ORD_00523,PRD_106,9,159,75,1431
LIT_000904,ORD_00524,PRD_102,4,129,65,516
LIT_000905,ORD_00525,PRD_105,10,599,380,5990
LIT_000906,ORD_00525,PRD_102,10,129,65,1290
LIT_000907,ORD_00526,PRD_102,3,129,65,387
LIT_000908,ORD_00527,PRD_105,5,599,380,2995
LIT_000909,ORD_00528,PRD_104,3,249,110,747
LIT_000910,ORD_00529,PRD_104,1,249,110,249
LIT_000911,ORD_00530,PRD_107,4,59,28,236
LIT_000912,ORD_00530,PRD_104,2,249,110,498
LIT_000913,ORD_00531,PRD_108,6,49,22,294
LIT_000914,ORD_00532,PRD_103,1,69,30,69
LIT_000915,ORD_00533,PRD_104,1,249,110,249
LIT_000916,ORD_00534,PRD_103,1,69,30,69
LIT_000917,ORD_00534,PRD_101,1,1799,1200,1799
LIT_000918,ORD_00535,PRD_108,1,49,22,49
LIT_000919,ORD_00535,PRD_103,2,69,30,138
LIT_000920,ORD_00536,PRD_104,2,249,110,498
LIT_000921,ORD_00537,PRD_108,1,49,22,49
LIT_000922,ORD_00537,PRD_104,1,249,110,249
LIT_000923,ORD_00538,PRD_108,1,49,22,49
LIT_000924,ORD_00539,PRD_104,2,249,110,498
LIT_000925,ORD_00540,PRD_108,1,49,22,49
LIT_000926,ORD_00540,PRD_106,1,159,75,159
LIT_000927,ORD_00541,PRD_101,1,1799,1200,1799
LIT_000928,ORD_00541,PRD_106,1,159,75,159
LIT_000929,ORD_00542,PRD_101,2,1799,1200,3598
LIT_000930,ORD_00543,PRD_103,1,69,30,69
LIT_000931,ORD_00543,PRD_108,1,49,22,49
LIT_000932,ORD_00544,PRD_104,1,249,110,249
LIT_000933,ORD_00545,PRD_108,1,49,22,49
LIT_000934,ORD_00546,PRD_105,2,599,380,1198
LIT_000935,ORD_00546,PRD_108,2,49,22,98
LIT_000936,ORD_00546,PRD_107,1,59,28,59
LIT_000937,ORD_00547,PRD_101,7,1799,1200,12593
LIT_000938,ORD_00547,PRD_107,9,59,28,531
LIT_000939,ORD_00548,PRD_104,3,249,110,747
LIT_000940,ORD_00549,PRD_107,1,59,28,59
LIT_000941,ORD_00549,PRD_103,5,69,30,345
LIT_000942,ORD_00550,PRD_103,1,69,30,69
LIT_000943,ORD_00551,PRD_101,1,1799,1200,1799
LIT_000944,ORD_00552,PRD_104,1,249,110,249
LIT_000945,ORD_00552,PRD_105,1,599,380,599
LIT_000946,ORD_00552,PRD_108,1,49,22,49
LIT_000947,ORD_00552,PRD_106,2,159,75,318
LIT_000948,ORD_00553,PRD_108,1,49,22,49
LIT_000949,ORD_00554,PRD_102,1,129,65,129
LIT_000950,ORD_00554,PRD_104,1,249,110,249
LIT_000951,ORD_00554,PRD_101,1,1799,1200,1799
LIT_000952,ORD_00554,PRD_106,1,159,75,159
LIT_000953,ORD_00555,PRD_107,1,59,28,59
LIT_000954,ORD_00556,PRD_101,2,1799,1200,3598
LIT_000955,ORD_00556,PRD_103,1,69,30,69
LIT_000956,ORD_00556,PRD_106,1,159,75,159
LIT_000957,ORD_00557,PRD_102,5,129,65,645
LIT_000958,ORD_00557,PRD_104,2,249,110,498
LIT_000959,ORD_00558,PRD_107,1,59,28,59
LIT_000960,ORD_00558,PRD_104,1,249,110,249
LIT_000961,ORD_00558,PRD_102,1,129,65,129
LIT_000962,ORD_00559,PRD_108,1,49,22,49
LIT_000963,ORD_00559,PRD_103,1,69,30,69
LIT_000964,ORD_00560,PRD_101,1,1799,1200,1799
LIT_000965,ORD_00560,PRD_108,1,49,22,49
LIT_000966,ORD_00560,PRD_105,2,599,380,1198
LIT_000967,ORD_00560,PRD_106,2,159,75,318
LIT_000968,ORD_00561,PRD_104,1,249,110,249
LIT_000969,ORD_00562,PRD_108,1,49,22,49
LIT_000970,ORD_00563,PRD_107,1,59,28,59
LIT_000971,ORD_00564,PRD_103,1,69,30,69
LIT_000972,ORD_00564,PRD_104,1,249,110,249
LIT_000973,ORD_00565,PRD_103,2,69,30,138
LIT_000974,ORD_00565,PRD_108,1,49,22,49
LIT_000975,ORD_00565,PRD_102,1,129,65,129
LIT_000976,ORD_00566,PRD_106,3,159,75,477
LIT_000977,ORD_00566,PRD_105,8,599,380,4792
LIT_000978,ORD_00567,PRD_104,1,249,110,249
LIT_000979,ORD_00567,PRD_107,1,59,28,59
LIT_000980,ORD_00568,PRD_104,1,249,110,249
LIT_000981,ORD_00569,PRD_103,1,69,30,69
LIT_000982,ORD_00570,PRD_102,2,129,65,258
LIT_000983,ORD_00570,PRD_101,1,1799,1200,1799
LIT_000984,ORD_00570,PRD_104,1,249,110,249
LIT_000985,ORD_00570,PRD_106,1,159,75,159
LIT_000986,ORD_00571,PRD_105,9,599,380,5391
LIT_000987,ORD_00572,PRD_107,1,59,28,59
LIT_000988,ORD_00572,PRD_105,1,599,380,599
LIT_000989,ORD_00573,PRD_105,1,599,380,599
LIT_000990,ORD_00573,PRD_108,1,49,22,49
LIT_000991,ORD_00573,PRD_102,3,129,65,387
LIT_000992,ORD_00574,PRD_102,3,129,65,387
LIT_000993,ORD_00575,PRD_104,10,249,110,2490
LIT_000994,ORD_00576,PRD_107,1,59,28,59
LIT_000995,ORD_00577,PRD_105,1,599,380,599
LIT_000996,ORD_00578,PRD_101,1,1799,1200,1799
LIT_000997,ORD_00578,PRD_106,2,159,75,318
LIT_000998,ORD_00579,PRD_106,1,159,75,159
LIT_000999,ORD_00580,PRD_103,1,69,30,69
LIT_001000,ORD_00581,PRD_105,1,599,380,599
LIT_001001,ORD_00581,PRD_107,1,59,28,59
LIT_001002,ORD_00581,PRD_106,1,159,75,159
LIT_001003,ORD_00582,PRD_103,1,69,30,69
LIT_001004,ORD_00582,PRD_105,1,599,380,599
LIT_001005,ORD_00583,PRD_102,1,129,65,129
LIT_001006,ORD_00583,PRD_101,1,1799,1200,1799
LIT_001007,ORD_00583,PRD_106,2,159,75,318
LIT_001008,ORD_00584,PRD_108,1,49,22,49
LIT_001009,ORD_00584,PRD_106,1,159,75,159
LIT_001010,ORD_00584,PRD_104,2,249,110,498
LIT_001011,ORD_00584,PRD_107,1,59,28,59
LIT_001012,ORD_00585,PRD_105,1,599,380,599
LIT_001013,ORD_00585,PRD_104,1,249,110,249
LIT_001014,ORD_00586,PRD_103,7,69,30,483
LIT_001015,ORD_00586,PRD_104,5,249,110,1245
LIT_001016,ORD_00586,PRD_107,2,59,28,118
LIT_001017,ORD_00586,PRD_102,9,129,65,1161
LIT_001018,ORD_00587,PRD_108,1,49,22,49
LIT_001019,ORD_00587,PRD_101,3,1799,1200,5397
LIT_001020,ORD_00588,PRD_106,10,159,75,1590
LIT_001021,ORD_00589,PRD_102,1,129,65,129
LIT_001022,ORD_00589,PRD_107,1,59,28,59
LIT_001023,ORD_00589,PRD_108,1,49,22,49
LIT_001024,ORD_00590,PRD_108,5,49,22,245
LIT_001025,ORD_00591,PRD_107,1,59,28,59
LIT_001026,ORD_00591,PRD_102,1,129,65,129
LIT_001027,ORD_00592,PRD_108,1,49,22,49
LIT_001028,ORD_00592,PRD_101,2,1799,1200,3598
LIT_001029,ORD_00593,PRD_104,1,249,110,249
LIT_001030,ORD_00593,PRD_101,3,1799,1200,5397
LIT_001031,ORD_00594,PRD_102,5,129,65,645
LIT_001032,ORD_00594,PRD_103,1,69,30,69
LIT_001033,ORD_00595,PRD_104,1,249,110,249
LIT_001034,ORD_00595,PRD_106,1,159,75,159
LIT_001035,ORD_00596,PRD_108,5,49,22,245
LIT_001036,ORD_00597,PRD_104,1,249,110,249
LIT_001037,ORD_00598,PRD_101,2,1799,1200,3598
LIT_001038,ORD_00599,PRD_105,5,599,380,2995
LIT_001039,ORD_00600,PRD_107,1,59,28,59
LIT_001040,ORD_00600,PRD_105,3,599,380,1797
LIT_001041,ORD_00601,PRD_105,1,599,380,599
LIT_001042,ORD_00602,PRD_108,5,49,22,245
LIT_001043,ORD_00603,PRD_103,7,69,30,483
LIT_001044,ORD_00604,PRD_104,1,249,110,249
LIT_001045,ORD_00605,PRD_108,1,49,22,49
LIT_001046,ORD_00606,PRD_102,1,129,65,129
LIT_001047,ORD_00607,PRD_101,1,1799,1200,1799
LIT_001048,ORD_00607,PRD_106,1,159,75,159
LIT_001049,ORD_00608,PRD_107,1,59,28,59
LIT_001050,ORD_00608,PRD_108,1,49,22,49
LIT_001051,ORD_00608,PRD_105,1,599,380,599
LIT_001052,ORD_00609,PRD_108,8,49,22,392
LIT_001053,ORD_00610,PRD_101,4,1799,1200,7196
LIT_001054,ORD_00610,PRD_105,6,599,380,3594
LIT_001055,ORD_00611,PRD_101,4,1799,1200,7196
LIT_001056,ORD_00612,PRD_101,1,1799,1200,1799
LIT_001057,ORD_00612,PRD_107,5,59,28,295
LIT_001058,ORD_00612,PRD_102,2,129,65,258
LIT_001059,ORD_00613,PRD_108,3,49,22,147
LIT_001060,ORD_00613,PRD_104,8,249,110,1992
LIT_001061,ORD_00614,PRD_102,1,129,65,129
LIT_001062,ORD_00615,PRD_106,5,159,75,795
LIT_001063,ORD_00616,PRD_105,1,599,380,599
LIT_001064,ORD_00616,PRD_103,1,69,30,69
LIT_001065,ORD_00617,PRD_106,1,159,75,159
LIT_001066,ORD_00618,PRD_107,7,59,28,413
LIT_001067,ORD_00619,PRD_107,2,59,28,118
LIT_001068,ORD_00620,PRD_104,1,249,110,249
LIT_001069,ORD_00621,PRD_105,1,599,380,599
LIT_001070,ORD_00622,PRD_103,1,69,30,69
LIT_001071,ORD_00622,PRD_105,2,599,380,1198
LIT_001072,ORD_00623,PRD_107,9,59,28,531
LIT_001073,ORD_00624,PRD_106,1,159,75,159
LIT_001074,ORD_00625,PRD_101,1,1799,1200,1799
LIT_001075,ORD_00625,PRD_106,2,159,75,318
LIT_001076,ORD_00626,PRD_102,1,129,65,129
LIT_001077,ORD_00627,PRD_108,1,49,22,49
LIT_001078,ORD_00627,PRD_101,1,1799,1200,1799
LIT_001079,ORD_00628,PRD_106,2,159,75,318
LIT_001080,ORD_00629,PRD_103,8,69,30,552
LIT_001081,ORD_00629,PRD_106,2,159,75,318
LIT_001082,ORD_00630,PRD_105,1,599,380,599
LIT_001083,ORD_00630,PRD_107,1,59,28,59
LIT_001084,ORD_00631,PRD_102,2,129,65,258
LIT_001085,ORD_00631,PRD_107,1,59,28,59
LIT_001086,ORD_00632,PRD_102,4,129,65,516
LIT_001087,ORD_00632,PRD_108,4,49,22,196
LIT_001088,ORD_00633,PRD_106,1,159,75,159
LIT_001089,ORD_00633,PRD_105,1,599,380,599
LIT_001090,ORD_00634,PRD_105,1,599,380,599
LIT_001091,ORD_00635,PRD_108,7,49,22,343
LIT_001092,ORD_00635,PRD_105,10,599,380,5990
LIT_001093,ORD_00636,PRD_104,1,249,110,249
LIT_001094,ORD_00637,PRD_106,1,159,75,159
LIT_001095,ORD_00638,PRD_107,1,59,28,59
LIT_001096,ORD_00639,PRD_102,1,129,65,129
LIT_001097,ORD_00639,PRD_103,1,69,30,69
LIT_001098,ORD_00639,PRD_108,1,49,22,49
LIT_001099,ORD_00639,PRD_107,1,59,28,59
LIT_001100,ORD_00640,PRD_104,9,249,110,2241
LIT_001101,ORD_00640,PRD_108,6,49,22,294
LIT_001102,ORD_00641,PRD_101,2,1799,1200,3598
LIT_001103,ORD_00641,PRD_106,1,159,75,159
LIT_001104,ORD_00641,PRD_108,1,49,22,49
LIT_001105,ORD_00641,PRD_107,1,59,28,59
LIT_001106,ORD_00642,PRD_104,1,249,110,249
LIT_001107,ORD_00643,PRD_105,1,599,380,599
LIT_001108,ORD_00644,PRD_107,5,59,28,295
LIT_001109,ORD_00644,PRD_104,8,249,110,1992
LIT_001110,ORD_00645,PRD_104,1,249,110,249
LIT_001111,ORD_00645,PRD_103,1,69,30,69
LIT_001112,ORD_00646,PRD_105,8,599,380,4792
LIT_001113,ORD_00647,PRD_106,1,159,75,159
LIT_001114,ORD_00647,PRD_102,2,129,65,258
LIT_001115,ORD_00647,PRD_104,2,249,110,498
LIT_001116,ORD_00648,PRD_107,1,59,28,59
LIT_001117,ORD_00648,PRD_104,2,249,110,498
LIT_001118,ORD_00649,PRD_106,1,159,75,159
LIT_001119,ORD_00650,PRD_106,5,159,75,795
LIT_001120,ORD_00651,PRD_104,1,249,110,249
LIT_001121,ORD_00651,PRD_102,2,129,65,258
LIT_001122,ORD_00652,PRD_105,5,599,380,2995
LIT_001123,ORD_00653,PRD_106,1,159,75,159
LIT_001124,ORD_00654,PRD_104,10,249,110,2490
LIT_001125,ORD_00655,PRD_106,2,159,75,318
LIT_001126,ORD_00655,PRD_108,1,49,22,49
LIT_001127,ORD_00656,PRD_104,9,249,110,2241
LIT_001128,ORD_00656,PRD_101,9,1799,1200,16191
LIT_001129,ORD_00657,PRD_107,1,59,28,59
LIT_001130,ORD_00658,PRD_102,8,129,65,1032
LIT_001131,ORD_00658,PRD_105,2,599,380,1198
LIT_001132,ORD_00659,PRD_104,1,249,110,249
LIT_001133,ORD_00660,PRD_102,1,129,65,129
LIT_001134,ORD_00660,PRD_104,1,249,110,249
LIT_001135,ORD_00660,PRD_103,1,69,30,69
LIT_001136,ORD_00661,PRD_101,1,1799,1200,1799
LIT_001137,ORD_00661,PRD_106,1,159,75,159
LIT_001138,ORD_00662,PRD_102,1,129,65,129
LIT_001139,ORD_00662,PRD_101,1,1799,1200,1799
LIT_001140,ORD_00663,PRD_105,1,599,380,599
LIT_001141,ORD_00663,PRD_106,5,159,75,795
LIT_001142,ORD_00664,PRD_106,1,159,75,159
LIT_001143,ORD_00665,PRD_106,1,159,75,159
LIT_001144,ORD_00666,PRD_102,4,129,65,516
LIT_001145,ORD_00667,PRD_107,6,59,28,354
LIT_001146,ORD_00668,PRD_108,1,49,22,49
LIT_001147,ORD_00669,PRD_103,1,69,30,69
LIT_001148,ORD_00669,PRD_106,1,159,75,159
LIT_001149,ORD_00670,PRD_103,2,69,30,138
LIT_001150,ORD_00671,PRD_103,1,69,30,69
LIT_001151,ORD_00672,PRD_106,1,159,75,159
LIT_001152,ORD_00672,PRD_104,1,249,110,249
LIT_001153,ORD_00672,PRD_102,1,129,65,129
LIT_001154,ORD_00673,PRD_105,10,599,380,5990
LIT_001155,ORD_00673,PRD_103,6,69,30,414
LIT_001156,ORD_00674,PRD_106,1,159,75,159
LIT_001157,ORD_00674,PRD_101,1,1799,1200,1799
LIT_001158,ORD_00675,PRD_101,1,1799,1200,1799
LIT_001159,ORD_00675,PRD_103,1,69,30,69
LIT_001160,ORD_00675,PRD_104,1,249,110,249
LIT_001161,ORD_00675,PRD_106,1,159,75,159
LIT_001162,ORD_00676,PRD_103,1,69,30,69
LIT_001163,ORD_00677,PRD_102,1,129,65,129
LIT_001164,ORD_00677,PRD_103,1,69,30,69
LIT_001165,ORD_00677,PRD_108,1,49,22,49
LIT_001166,ORD_00678,PRD_106,1,159,75,159
LIT_001167,ORD_00679,PRD_104,1,249,110,249
LIT_001168,ORD_00680,PRD_103,1,69,30,69
LIT_001169,ORD_00681,PRD_108,1,49,22,49
LIT_001170,ORD_00681,PRD_101,1,1799,1200,1799
LIT_001171,ORD_00682,PRD_106,1,159,75,159
LIT_001172,ORD_00682,PRD_103,1,69,30,69
LIT_001173,ORD_00683,PRD_103,10,69,30,690
LIT_001174,ORD_00684,PRD_103,3,69,30,207
LIT_001175,ORD_00685,PRD_103,1,69,30,69
LIT_001176,ORD_00686,PRD_105,8,599,380,4792
LIT_001177,ORD_00687,PRD_104,1,249,110,249
LIT_001178,ORD_00687,PRD_103,2,69,30,138
LIT_001179,ORD_00688,PRD_103,10,69,30,690
LIT_001180,ORD_00689,PRD_103,1,69,30,69
LIT_001181,ORD_00689,PRD_104,1,249,110,249
LIT_001182,ORD_00690,PRD_107,2,59,28,118
LIT_001183,ORD_00691,PRD_102,1,129,65,129
LIT_001184,ORD_00692,PRD_104,1,249,110,249
LIT_001185,ORD_00692,PRD_101,2,1799,1200,3598
LIT_001186,ORD_00692,PRD_108,5,49,22,245
LIT_001187,ORD_00692,PRD_106,1,159,75,159
LIT_001188,ORD_00693,PRD_103,3,69,30,207
LIT_001189,ORD_00694,PRD_102,4,129,65,516
LIT_001190,ORD_00694,PRD_101,7,1799,1200,12593
LIT_001191,ORD_00695,PRD_106,5,159,75,795
LIT_001192,ORD_00695,PRD_107,6,59,28,354
LIT_001193,ORD_00696,PRD_102,1,129,65,129
LIT_001194,ORD_00696,PRD_106,1,159,75,159
LIT_001195,ORD_00697,PRD_104,1,249,110,249
LIT_001196,ORD_00697,PRD_103,1,69,30,69
LIT_001197,ORD_00697,PRD_101,1,1799,1200,1799
LIT_001198,ORD_00697,PRD_106,1,159,75,159
LIT_001199,ORD_00698,PRD_102,4,129,65,516
LIT_001200,ORD_00698,PRD_101,4,1799,1200,7196
LIT_001201,ORD_00698,PRD_106,10,159,75,1590
LIT_001202,ORD_00699,PRD_108,1,49,22,49
LIT_001203,ORD_00700,PRD_108,1,49,22,49
LIT_001204,ORD_00701,PRD_103,3,69,30,207
LIT_001205,ORD_00701,PRD_106,1,159,75,159
LIT_001206,ORD_00702,PRD_104,3,249,110,747
LIT_001207,ORD_00702,PRD_103,1,69,30,69
LIT_001208,ORD_00703,PRD_101,1,1799,1200,1799
LIT_001209,ORD_00703,PRD_104,2,249,110,498
LIT_001210,ORD_00704,PRD_105,1,599,380,599
LIT_001211,ORD_00704,PRD_106,1,159,75,159
LIT_001212,ORD_00705,PRD_102,1,129,65,129
LIT_001213,ORD_00706,PRD_105,1,599,380,599
LIT_001214,ORD_00707,PRD_103,1,69,30,69
LIT_001215,ORD_00708,PRD_101,1,1799,1200,1799
LIT_001216,ORD_00709,PRD_106,8,159,75,1272
LIT_001217,ORD_00710,PRD_108,3,49,22,147
LIT_001218,ORD_00710,PRD_107,1,59,28,59
LIT_001219,ORD_00711,PRD_108,2,49,22,98
LIT_001220,ORD_00711,PRD_103,1,69,30,69
LIT_001221,ORD_00711,PRD_106,1,159,75,159
LIT_001222,ORD_00712,PRD_108,3,49,22,147
LIT_001223,ORD_00713,PRD_104,1,249,110,249
LIT_001224,ORD_00713,PRD_103,1,69,30,69
LIT_001225,ORD_00713,PRD_107,1,59,28,59
LIT_001226,ORD_00714,PRD_106,2,159,75,318
LIT_001227,ORD_00715,PRD_108,4,49,22,196
LIT_001228,ORD_00716,PRD_102,1,129,65,129
LIT_001229,ORD_00716,PRD_107,1,59,28,59
LIT_001230,ORD_00717,PRD_104,1,249,110,249
LIT_001231,ORD_00717,PRD_107,2,59,28,118
LIT_001232,ORD_00718,PRD_103,1,69,30,69
LIT_001233,ORD_00718,PRD_106,1,159,75,159
LIT_001234,ORD_00719,PRD_101,8,1799,1200,14392
LIT_001235,ORD_00719,PRD_106,8,159,75,1272
LIT_001236,ORD_00720,PRD_101,1,1799,1200,1799
LIT_001237,ORD_00720,PRD_103,1,69,30,69
LIT_001238,ORD_00720,PRD_107,1,59,28,59
LIT_001239,ORD_00721,PRD_105,1,599,380,599
LIT_001240,ORD_00721,PRD_108,1,49,22,49
LIT_001241,ORD_00722,PRD_101,1,1799,1200,1799
LIT_001242,ORD_00723,PRD_108,2,49,22,98
LIT_001243,ORD_00724,PRD_102,10,129,65,1290
LIT_001244,ORD_00725,PRD_101,1,1799,1200,1799
LIT_001245,ORD_00725,PRD_102,1,129,65,129
LIT_001246,ORD_00725,PRD_108,1,49,22,49
LIT_001247,ORD_00725,PRD_106,1,159,75,159
LIT_001248,ORD_00726,PRD_108,1,49,22,49
LIT_001249,ORD_00727,PRD_102,8,129,65,1032
LIT_001250,ORD_00728,PRD_102,10,129,65,1290
LIT_001251,ORD_00729,PRD_105,3,599,380,1797
LIT_001252,ORD_00730,PRD_102,1,129,65,129
LIT_001253,ORD_00730,PRD_101,1,1799,1200,1799
LIT_001254,ORD_00730,PRD_106,1,159,75,159
LIT_001255,ORD_00731,PRD_105,1,599,380,599
LIT_001256,ORD_00732,PRD_104,5,249,110,1245
LIT_001257,ORD_00733,PRD_103,1,69,30,69
LIT_001258,ORD_00734,PRD_102,1,129,65,129
LIT_001259,ORD_00735,PRD_104,6,249,110,1494
LIT_001260,ORD_00735,PRD_105,3,599,380,1797
LIT_001261,ORD_00736,PRD_104,1,249,110,249
LIT_001262,ORD_00736,PRD_101,1,1799,1200,1799
LIT_001263,ORD_00737,PRD_108,1,49,22,49
LIT_001264,ORD_00737,PRD_103,1,69,30,69
LIT_001265,ORD_00738,PRD_101,1,1799,1200,1799
LIT_001266,ORD_00738,PRD_106,1,159,75,159
LIT_001267,ORD_00739,PRD_107,1,59,28,59
LIT_001268,ORD_00740,PRD_108,2,49,22,98
LIT_001269,ORD_00741,PRD_108,9,49,22,441
LIT_001270,ORD_00742,PRD_103,1,69,30,69
LIT_001271,ORD_00743,PRD_107,1,59,28,59
LIT_001272,ORD_00743,PRD_101,1,1799,1200,1799
LIT_001273,ORD_00743,PRD_106,1,159,75,159
LIT_001274,ORD_00744,PRD_103,5,69,30,345
LIT_001275,ORD_00744,PRD_102,9,129,65,1161
LIT_001276,ORD_00745,PRD_108,1,49,22,49
LIT_001277,ORD_00746,PRD_107,1,59,28,59
LIT_001278,ORD_00746,PRD_108,2,49,22,98
LIT_001279,ORD_00747,PRD_103,1,69,30,69
LIT_001280,ORD_00747,PRD_105,1,599,380,599
LIT_001281,ORD_00747,PRD_102,1,129,65,129
LIT_001282,ORD_00748,PRD_107,1,59,28,59
LIT_001283,ORD_00749,PRD_102,5,129,65,645
LIT_001284,ORD_00749,PRD_105,1,599,380,599
LIT_001285,ORD_00750,PRD_101,1,1799,1200,1799
LIT_001286,ORD_00750,PRD_108,1,49,22,49
LIT_001287,ORD_00750,PRD_105,1,599,380,599
LIT_001288,ORD_00750,PRD_103,2,69,30,138
LIT_001289,ORD_00750,PRD_106,1,159,75,159
LIT_001290,ORD_00751,PRD_108,1,49,22,49
LIT_001291,ORD_00752,PRD_108,1,49,22,49
LIT_001292,ORD_00752,PRD_102,1,129,65,129
LIT_001293,ORD_00753,PRD_108,1,49,22,49
LIT_001294,ORD_00754,PRD_103,1,69,30,69
LIT_001295,ORD_00755,PRD_106,1,159,75,159
LIT_001296,ORD_00756,PRD_102,3,129,65,387
LIT_001297,ORD_00757,PRD_106,1,159,75,159
LIT_001298,ORD_00758,PRD_105,1,599,380,599
LIT_001299,ORD_00758,PRD_104,2,249,110,498
LIT_001300,ORD_00758,PRD_108,1,49,22,49
LIT_001301,ORD_00759,PRD_105,3,599,380,1797
LIT_001302,ORD_00759,PRD_108,1,49,22,49
LIT_001303,ORD_00760,PRD_103,1,69,30,69
LIT_001304,ORD_00760,PRD_105,1,599,380,599
LIT_001305,ORD_00761,PRD_105,10,599,380,5990
LIT_001306,ORD_00762,PRD_108,3,49,22,147
LIT_001307,ORD_00762,PRD_105,1,599,380,599
LIT_001308,ORD_00763,PRD_104,1,249,110,249
LIT_001309,ORD_00763,PRD_101,1,1799,1200,1799
LIT_001310,ORD_00764,PRD_108,5,49,22,245
LIT_001311,ORD_00764,PRD_107,1,59,28,59
LIT_001312,ORD_00765,PRD_107,1,59,28,59
LIT_001313,ORD_00766,PRD_103,2,69,30,138
LIT_001314,ORD_00766,PRD_108,10,49,22,490
LIT_001315,ORD_00767,PRD_103,2,69,30,138
LIT_001316,ORD_00768,PRD_106,1,159,75,159
LIT_001317,ORD_00769,PRD_102,1,129,65,129
LIT_001318,ORD_00769,PRD_103,1,69,30,69
LIT_001319,ORD_00770,PRD_108,1,49,22,49
LIT_001320,ORD_00771,PRD_104,1,249,110,249
LIT_001321,ORD_00772,PRD_103,6,69,30,414
LIT_001322,ORD_00773,PRD_101,1,1799,1200,1799
LIT_001323,ORD_00774,PRD_102,3,129,65,387
LIT_001324,ORD_00774,PRD_104,10,249,110,2490
LIT_001325,ORD_00775,PRD_102,1,129,65,129
LIT_001326,ORD_00776,PRD_103,2,69,30,138
LIT_001327,ORD_00776,PRD_102,2,129,65,258
LIT_001328,ORD_00777,PRD_107,1,59,28,59
LIT_001329,ORD_00778,PRD_101,2,1799,1200,3598
LIT_001330,ORD_00778,PRD_106,1,159,75,159
LIT_001331,ORD_00779,PRD_106,1,159,75,159
LIT_001332,ORD_00780,PRD_102,3,129,65,387
LIT_001333,ORD_00781,PRD_104,1,249,110,249
LIT_001334,ORD_00781,PRD_108,1,49,22,49
LIT_001335,ORD_00781,PRD_101,1,1799,1200,1799
LIT_001336,ORD_00781,PRD_106,2,159,75,318
LIT_001337,ORD_00782,PRD_104,1,249,110,249
LIT_001338,ORD_00783,PRD_102,2,129,65,258
LIT_001339,ORD_00783,PRD_108,1,49,22,49
LIT_001340,ORD_00783,PRD_106,1,159,75,159
LIT_001341,ORD_00783,PRD_104,1,249,110,249
LIT_001342,ORD_00784,PRD_105,1,599,380,599
LIT_001343,ORD_00784,PRD_106,1,159,75,159
LIT_001344,ORD_00784,PRD_108,1,49,22,49
LIT_001345,ORD_00784,PRD_107,1,59,28,59
LIT_001346,ORD_00785,PRD_108,1,49,22,49
LIT_001347,ORD_00786,PRD_101,1,1799,1200,1799
LIT_001348,ORD_00786,PRD_102,2,129,65,258
LIT_001349,ORD_00787,PRD_108,2,49,22,98
LIT_001350,ORD_00787,PRD_101,1,1799,1200,1799
LIT_001351,ORD_00787,PRD_106,1,159,75,159
LIT_001352,ORD_00788,PRD_108,1,49,22,49
LIT_001353,ORD_00789,PRD_103,1,69,30,69
LIT_001354,ORD_00790,PRD_108,6,49,22,294
LIT_001355,ORD_00791,PRD_106,1,159,75,159
LIT_001356,ORD_00791,PRD_104,1,249,110,249
LIT_001357,ORD_00792,PRD_106,2,159,75,318
LIT_001358,ORD_00793,PRD_108,9,49,22,441
LIT_001359,ORD_00794,PRD_103,1,69,30,69
LIT_001360,ORD_00795,PRD_104,4,249,110,996
LIT_001361,ORD_00795,PRD_103,10,69,30,690
LIT_001362,ORD_00795,PRD_106,7,159,75,1113
LIT_001363,ORD_00796,PRD_102,1,129,65,129
LIT_001364,ORD_00797,PRD_103,6,69,30,414
LIT_001365,ORD_00797,PRD_105,9,599,380,5391
LIT_001366,ORD_00798,PRD_106,10,159,75,1590
LIT_001367,ORD_00798,PRD_108,5,49,22,245
LIT_001368,ORD_00799,PRD_103,1,69,30,69
LIT_001369,ORD_00799,PRD_102,2,129,65,258
LIT_001370,ORD_00800,PRD_102,1,129,65,129
LIT_001371,ORD_00801,PRD_101,1,1799,1200,1799
LIT_001372,ORD_00801,PRD_103,1,69,30,69
LIT_001373,ORD_00801,PRD_105,1,599,380,599
LIT_001374,ORD_00802,PRD_107,1,59,28,59
LIT_001375,ORD_00803,PRD_104,1,249,110,249
LIT_001376,ORD_00804,PRD_108,2,49,22,98
LIT_001377,ORD_00805,PRD_108,1,49,22,49
LIT_001378,ORD_00806,PRD_101,1,1799,1200,1799
LIT_001379,ORD_00806,PRD_108,1,49,22,49
LIT_001380,ORD_00806,PRD_106,1,159,75,159
LIT_001381,ORD_00807,PRD_105,1,599,380,599
LIT_001382,ORD_00808,PRD_104,1,249,110,249
LIT_001383,ORD_00808,PRD_102,1,129,65,129
LIT_001384,ORD_00809,PRD_106,3,159,75,477
LIT_001385,ORD_00809,PRD_108,1,49,22,49
LIT_001386,ORD_00809,PRD_102,1,129,65,129
LIT_001387,ORD_00809,PRD_103,2,69,30,138
LIT_001388,ORD_00810,PRD_104,3,249,110,747
LIT_001389,ORD_00811,PRD_102,6,129,65,774
LIT_001390,ORD_00812,PRD_103,1,69,30,69
LIT_001391,ORD_00812,PRD_101,1,1799,1200,1799
LIT_001392,ORD_00812,PRD_106,1,159,75,159
LIT_001393,ORD_00813,PRD_103,7,69,30,483
LIT_001394,ORD_00814,PRD_107,2,59,28,118
LIT_001395,ORD_00814,PRD_104,2,249,110,498
LIT_001396,ORD_00814,PRD_101,7,1799,1200,12593
LIT_001397,ORD_00815,PRD_107,1,59,28,59
LIT_001398,ORD_00816,PRD_107,1,59,28,59
LIT_001399,ORD_00816,PRD_101,1,1799,1200,1799
LIT_001400,ORD_00817,PRD_104,5,249,110,1245
LIT_001401,ORD_00818,PRD_106,1,159,75,159
LIT_001402,ORD_00818,PRD_104,1,249,110,249
LIT_001403,ORD_00819,PRD_101,2,1799,1200,3598
LIT_001404,ORD_00819,PRD_105,1,599,380,599
LIT_001405,ORD_00819,PRD_106,1,159,75,159
LIT_001406,ORD_00820,PRD_105,8,599,380,4792
LIT_001407,ORD_00820,PRD_102,6,129,65,774
LIT_001408,ORD_00821,PRD_103,1,69,30,69
LIT_001409,ORD_00822,PRD_102,3,129,65,387
LIT_001410,ORD_00823,PRD_107,9,59,28,531
LIT_001411,ORD_00824,PRD_106,1,159,75,159
LIT_001412,ORD_00825,PRD_105,1,599,380,599
LIT_001413,ORD_00826,PRD_103,1,69,30,69
LIT_001414,ORD_00827,PRD_102,1,129,65,129
LIT_001415,ORD_00828,PRD_105,10,599,380,5990
LIT_001416,ORD_00829,PRD_108,8,49,22,392
LIT_001417,ORD_00829,PRD_103,10,69,30,690
LIT_001418,ORD_00830,PRD_101,1,1799,1200,1799
LIT_001419,ORD_00830,PRD_106,1,159,75,159
LIT_001420,ORD_00831,PRD_102,2,129,65,258
LIT_001421,ORD_00831,PRD_101,1,1799,1200,1799
LIT_001422,ORD_00832,PRD_106,8,159,75,1272
LIT_001423,ORD_00833,PRD_101,1,1799,1200,1799
LIT_001424,ORD_00833,PRD_104,1,249,110,249
LIT_001425,ORD_00833,PRD_103,1,69,30,69
LIT_001426,ORD_00833,PRD_106,1,159,75,159
LIT_001427,ORD_00834,PRD_107,1,59,28,59
LIT_001428,ORD_00835,PRD_105,1,599,380,599
LIT_001429,ORD_00835,PRD_108,1,49,22,49
LIT_001430,ORD_00836,PRD_104,5,249,110,1245
LIT_001431,ORD_00837,PRD_106,1,159,75,159
LIT_001432,ORD_00838,PRD_107,1,59,28,59
LIT_001433,ORD_00839,PRD_103,1,69,30,69
LIT_001434,ORD_00839,PRD_101,1,1799,1200,1799
LIT_001435,ORD_00839,PRD_106,1,159,75,159
LIT_001436,ORD_00840,PRD_107,5,59,28,295
LIT_001437,ORD_00841,PRD_107,1,59,28,59
LIT_001438,ORD_00842,PRD_108,1,49,22,49
LIT_001439,ORD_00843,PRD_106,3,159,75,477
LIT_001440,ORD_00844,PRD_106,10,159,75,1590
LIT_001441,ORD_00845,PRD_102,1,129,65,129
LIT_001442,ORD_00845,PRD_108,1,49,22,49
LIT_001443,ORD_00845,PRD_107,1,59,28,59
LIT_001444,ORD_00845,PRD_103,1,69,30,69
LIT_001445,ORD_00846,PRD_103,1,69,30,69
LIT_001446,ORD_00847,PRD_107,8,59,28,472
LIT_001447,ORD_00848,PRD_105,1,599,380,599
LIT_001448,ORD_00849,PRD_101,1,1799,1200,1799
LIT_001449,ORD_00849,PRD_106,1,159,75,159
LIT_001450,ORD_00850,PRD_101,1,1799,1200,1799
LIT_001451,ORD_00850,PRD_107,1,59,28,59
LIT_001452,ORD_00850,PRD_105,1,599,380,599
LIT_001453,ORD_00850,PRD_106,1,159,75,159
LIT_001454,ORD_00851,PRD_105,1,599,380,599
LIT_001455,ORD_00852,PRD_108,2,49,22,98
LIT_001456,ORD_00852,PRD_102,1,129,65,129
LIT_001457,ORD_00852,PRD_106,2,159,75,318
LIT_001458,ORD_00853,PRD_107,2,59,28,118
LIT_001459,ORD_00854,PRD_103,1,69,30,69
LIT_001460,ORD_00854,PRD_106,1,159,75,159
LIT_001461,ORD_00855,PRD_106,1,159,75,159
LIT_001462,ORD_00855,PRD_107,1,59,28,59
LIT_001463,ORD_00856,PRD_106,4,159,75,636
LIT_001464,ORD_00857,PRD_102,2,129,65,258
LIT_001465,ORD_00858,PRD_104,1,249,110,249
LIT_001466,ORD_00858,PRD_107,1,59,28,59
LIT_001467,ORD_00859,PRD_108,7,49,22,343
LIT_001468,ORD_00859,PRD_102,7,129,65,903
LIT_001469,ORD_00860,PRD_102,6,129,65,774
LIT_001470,ORD_00860,PRD_103,4,69,30,276
LIT_001471,ORD_00860,PRD_108,8,49,22,392
LIT_001472,ORD_00861,PRD_108,1,49,22,49
LIT_001473,ORD_00862,PRD_101,7,1799,1200,12593
LIT_001474,ORD_00862,PRD_106,7,159,75,1113
LIT_001475,ORD_00863,PRD_105,1,599,380,599
LIT_001476,ORD_00864,PRD_102,9,129,65,1161
LIT_001477,ORD_00865,PRD_103,8,69,30,552
LIT_001478,ORD_00865,PRD_102,2,129,65,258
LIT_001479,ORD_00865,PRD_101,3,1799,1200,5397
LIT_001480,ORD_00865,PRD_106,8,159,75,1272
LIT_001481,ORD_00866,PRD_106,4,159,75,636
LIT_001482,ORD_00867,PRD_107,8,59,28,472
LIT_001483,ORD_00868,PRD_107,2,59,28,118
LIT_001484,ORD_00869,PRD_107,3,59,28,177
LIT_001485,ORD_00869,PRD_101,1,1799,1200,1799
LIT_001486,ORD_00869,PRD_105,1,599,380,599
LIT_001487,ORD_00870,PRD_104,1,249,110,249
LIT_001488,ORD_00871,PRD_106,2,159,75,318
LIT_001489,ORD_00872,PRD_101,1,1799,1200,1799
LIT_001490,ORD_00872,PRD_106,2,159,75,318
LIT_001491,ORD_00873,PRD_106,2,159,75,318
LIT_001492,ORD_00874,PRD_103,2,69,30,138
LIT_001493,ORD_00875,PRD_104,2,249,110,498
LIT_001494,ORD_00876,PRD_106,1,159,75,159
LIT_001495,ORD_00877,PRD_101,1,1799,1200,1799
LIT_001496,ORD_00877,PRD_106,1,159,75,159
LIT_001497,ORD_00878,PRD_103,1,69,30,69
LIT_001498,ORD_00878,PRD_101,1,1799,1200,1799
LIT_001499,ORD_00878,PRD_106,1,159,75,159
LIT_001500,ORD_00879,PRD_105,2,599,380,1198
LIT_001501,ORD_00879,PRD_103,1,69,30,69
LIT_001502,ORD_00879,PRD_108,1,49,22,49
LIT_001503,ORD_00880,PRD_101,2,1799,1200,3598
LIT_001504,ORD_00881,PRD_104,8,249,110,1992
LIT_001505,ORD_00881,PRD_108,2,49,22,98
LIT_001506,ORD_00882,PRD_103,10,69,30,690
LIT_001507,ORD_00882,PRD_108,6,49,22,294
LIT_001508,ORD_00883,PRD_108,1,49,22,49
LIT_001509,ORD_00884,PRD_108,1,49,22,49
LIT_001510,ORD_00885,PRD_104,1,249,110,249
LIT_001511,ORD_00886,PRD_104,1,249,110,249
LIT_001512,ORD_00887,PRD_106,1,159,75,159
LIT_001513,ORD_00887,PRD_104,1,249,110,249
LIT_001514,ORD_00888,PRD_102,9,129,65,1161
LIT_001515,ORD_00888,PRD_104,2,249,110,498
LIT_001516,ORD_00889,PRD_102,10,129,65,1290
LIT_001517,ORD_00890,PRD_104,2,249,110,498
LIT_001518,ORD_00890,PRD_107,3,59,28,177
LIT_001519,ORD_00891,PRD_101,6,1799,1200,10794
LIT_001520,ORD_00891,PRD_103,9,69,30,621
LIT_001521,ORD_00891,PRD_106,5,159,75,795
LIT_001522,ORD_00892,PRD_106,1,159,75,159
LIT_001523,ORD_00893,PRD_107,3,59,28,177
LIT_001524,ORD_00893,PRD_104,1,249,110,249
LIT_001525,ORD_00893,PRD_105,1,599,380,599
LIT_001526,ORD_00894,PRD_105,1,599,380,599
LIT_001527,ORD_00895,PRD_107,1,59,28,59
LIT_001528,ORD_00896,PRD_103,1,69,30,69
LIT_001529,ORD_00896,PRD_105,1,599,380,599
LIT_001530,ORD_00897,PRD_104,1,249,110,249
LIT_001531,ORD_00898,PRD_101,1,1799,1200,1799
LIT_001532,ORD_00898,PRD_107,1,59,28,59
LIT_001533,ORD_00899,PRD_104,5,249,110,1245
LIT_001534,ORD_00899,PRD_101,9,1799,1200,16191
LIT_001535,ORD_00900,PRD_107,9,59,28,531
LIT_001536,ORD_00901,PRD_105,2,599,380,1198
LIT_001537,ORD_00901,PRD_103,4,69,30,276
LIT_001538,ORD_00902,PRD_102,2,129,65,258
LIT_001539,ORD_00902,PRD_107,7,59,28,413
LIT_001540,ORD_00903,PRD_101,1,1799,1200,1799
LIT_001541,ORD_00903,PRD_106,2,159,75,318
LIT_001542,ORD_00904,PRD_104,1,249,110,249
LIT_001543,ORD_00904,PRD_108,1,49,22,49
LIT_001544,ORD_00905,PRD_105,5,599,380,2995
LIT_001545,ORD_00906,PRD_107,8,59,28,472
LIT_001546,ORD_00906,PRD_102,8,129,65,1032
LIT_001547,ORD_00906,PRD_104,5,249,110,1245
LIT_001548,ORD_00907,PRD_108,3,49,22,147
LIT_001549,ORD_00907,PRD_105,1,599,380,599
LIT_001550,ORD_00908,PRD_101,2,1799,1200,3598
LIT_001551,ORD_00908,PRD_106,2,159,75,318
LIT_001552,ORD_00909,PRD_103,7,69,30,483
LIT_001553,ORD_00910,PRD_101,4,1799,1200,7196
LIT_001554,ORD_00910,PRD_103,7,69,30,483
LIT_001555,ORD_00911,PRD_103,1,69,30,69
LIT_001556,ORD_00912,PRD_105,2,599,380,1198
LIT_001557,ORD_00912,PRD_106,1,159,75,159
LIT_001558,ORD_00912,PRD_103,1,69,30,69
LIT_001559,ORD_00912,PRD_102,5,129,65,645
LIT_001560,ORD_00913,PRD_105,2,599,380,1198
LIT_001561,ORD_00914,PRD_103,1,69,30,69
LIT_001562,ORD_00914,PRD_108,1,49,22,49
LIT_001563,ORD_00914,PRD_101,1,1799,1200,1799
LIT_001564,ORD_00915,PRD_107,1,59,28,59
LIT_001565,ORD_00915,PRD_105,1,599,380,599
LIT_001566,ORD_00915,PRD_108,1,49,22,49
LIT_001567,ORD_00915,PRD_101,2,1799,1200,3598
LIT_001568,ORD_00915,PRD_106,1,159,75,159
LIT_001569,ORD_00916,PRD_101,1,1799,1200,1799
LIT_001570,ORD_00916,PRD_107,2,59,28,118
LIT_001571,ORD_00917,PRD_108,1,49,22,49
LIT_001572,ORD_00917,PRD_104,1,249,110,249
LIT_001573,ORD_00917,PRD_106,1,159,75,159
LIT_001574,ORD_00918,PRD_107,1,59,28,59
LIT_001575,ORD_00919,PRD_105,2,599,380,1198
LIT_001576,ORD_00920,PRD_108,8,49,22,392
LIT_001577,ORD_00920,PRD_104,3,249,110,747
LIT_001578,ORD_00920,PRD_106,5,159,75,795
LIT_001579,ORD_00921,PRD_106,1,159,75,159
LIT_001580,ORD_00922,PRD_102,1,129,65,129
LIT_001581,ORD_00923,PRD_106,3,159,75,477
LIT_001582,ORD_00923,PRD_103,7,69,30,483
LIT_001583,ORD_00924,PRD_104,3,249,110,747
LIT_001584,ORD_00924,PRD_105,3,599,380,1797
LIT_001585,ORD_00925,PRD_102,1,129,65,129
LIT_001586,ORD_00926,PRD_105,1,599,380,599
LIT_001587,ORD_00927,PRD_104,1,249,110,249
LIT_001588,ORD_00928,PRD_107,1,59,28,59
LIT_001589,ORD_00929,PRD_103,7,69,30,483
LIT_001590,ORD_00930,PRD_107,2,59,28,118
LIT_001591,ORD_00931,PRD_104,1,249,110,249
LIT_001592,ORD_00932,PRD_103,5,69,30,345
LIT_001593,ORD_00933,PRD_101,1,1799,1200,1799
LIT_001594,ORD_00933,PRD_102,1,129,65,129
LIT_001595,ORD_00934,PRD_105,1,599,380,599
LIT_001596,ORD_00935,PRD_102,1,129,65,129
LIT_001597,ORD_00936,PRD_108,4,49,22,196
LIT_001598,ORD_00937,PRD_101,1,1799,1200,1799
LIT_001599,ORD_00937,PRD_108,1,49,22,49
LIT_001600,ORD_00937,PRD_105,3,599,380,1797
LIT_001601,ORD_00938,PRD_103,1,69,30,69
LIT_001602,ORD_00938,PRD_108,1,49,22,49
LIT_001603,ORD_00938,PRD_105,1,599,380,599
LIT_001604,ORD_00939,PRD_104,1,249,110,249
LIT_001605,ORD_00940,PRD_101,1,1799,1200,1799
LIT_001606,ORD_00940,PRD_106,1,159,75,159
LIT_001607,ORD_00941,PRD_104,9,249,110,2241
LIT_001608,ORD_00942,PRD_104,10,249,110,2490
LIT_001609,ORD_00942,PRD_101,4,1799,1200,7196
LIT_001610,ORD_00942,PRD_105,9,599,380,5391
LIT_001611,ORD_00942,PRD_106,3,159,75,477
LIT_001612,ORD_00943,PRD_102,1,129,65,129
LIT_001613,ORD_00944,PRD_102,1,129,65,129
LIT_001614,ORD_00945,PRD_106,1,159,75,159
LIT_001615,ORD_00945,PRD_104,1,249,110,249
LIT_001616,ORD_00945,PRD_102,1,129,65,129
LIT_001617,ORD_00946,PRD_105,5,599,380,2995
LIT_001618,ORD_00946,PRD_103,5,69,30,345
LIT_001619,ORD_00947,PRD_105,1,599,380,599
LIT_001620,ORD_00947,PRD_104,2,249,110,498
LIT_001621,ORD_00948,PRD_102,1,129,65,129
LIT_001622,ORD_00948,PRD_101,1,1799,1200,1799
LIT_001623,ORD_00948,PRD_106,1,159,75,159
LIT_001624,ORD_00949,PRD_104,1,249,110,249
LIT_001625,ORD_00949,PRD_103,1,69,30,69
LIT_001626,ORD_00950,PRD_105,1,599,380,599
LIT_001627,ORD_00950,PRD_108,1,49,22,49
LIT_001628,ORD_00951,PRD_108,1,49,22,49
LIT_001629,ORD_00951,PRD_107,1,59,28,59
LIT_001630,ORD_00952,PRD_106,2,159,75,318
LIT_001631,ORD_00952,PRD_107,1,59,28,59
LIT_001632,ORD_00953,PRD_101,2,1799,1200,3598
LIT_001633,ORD_00953,PRD_106,2,159,75,318
LIT_001634,ORD_00954,PRD_105,1,599,380,599
LIT_001635,ORD_00954,PRD_102,1,129,65,129
LIT_001636,ORD_00955,PRD_102,2,129,65,258
LIT_001637,ORD_00955,PRD_104,2,249,110,498
LIT_001638,ORD_00956,PRD_101,1,1799,1200,1799
LIT_001639,ORD_00956,PRD_106,1,159,75,159
LIT_001640,ORD_00957,PRD_107,1,59,28,59
LIT_001641,ORD_00958,PRD_103,1,69,30,69
LIT_001642,ORD_00959,PRD_108,2,49,22,98
LIT_001643,ORD_00960,PRD_104,3,249,110,747
LIT_001644,ORD_00960,PRD_106,1,159,75,159
LIT_001645,ORD_00961,PRD_103,8,69,30,552
LIT_001646,ORD_00961,PRD_102,9,129,65,1161
LIT_001647,ORD_00962,PRD_101,9,1799,1200,16191
LIT_001648,ORD_00962,PRD_104,3,249,110,747
LIT_001649,ORD_00962,PRD_103,10,69,30,690
LIT_001650,ORD_00963,PRD_101,1,1799,1200,1799
LIT_001651,ORD_00963,PRD_103,1,69,30,69
LIT_001652,ORD_00963,PRD_102,1,129,65,129
LIT_001653,ORD_00963,PRD_106,1,159,75,159
LIT_001654,ORD_00964,PRD_101,1,1799,1200,1799
LIT_001655,ORD_00964,PRD_106,1,159,75,159
LIT_001656,ORD_00965,PRD_102,2,129,65,258
LIT_001657,ORD_00965,PRD_106,7,159,75,1113
LIT_001658,ORD_00966,PRD_104,2,249,110,498
LIT_001659,ORD_00967,PRD_106,2,159,75,318
LIT_001660,ORD_00967,PRD_107,1,59,28,59
LIT_001661,ORD_00967,PRD_105,1,599,380,599
LIT_001662,ORD_00968,PRD_107,1,59,28,59
LIT_001663,ORD_00969,PRD_105,1,599,380,599
LIT_001664,ORD_00969,PRD_102,1,129,65,129
LIT_001665,ORD_00970,PRD_105,5,599,380,2995
LIT_001666,ORD_00971,PRD_102,1,129,65,129
LIT_001667,ORD_00972,PRD_104,5,249,110,1245
LIT_001668,ORD_00972,PRD_106,7,159,75,1113
LIT_001669,ORD_00972,PRD_101,6,1799,1200,10794
LIT_001670,ORD_00973,PRD_104,1,249,110,249
LIT_001671,ORD_00973,PRD_106,1,159,75,159
LIT_001672,ORD_00974,PRD_104,1,249,110,249
LIT_001673,ORD_00974,PRD_105,1,599,380,599
LIT_001674,ORD_00975,PRD_102,1,129,65,129
LIT_001675,ORD_00976,PRD_106,1,159,75,159
LIT_001676,ORD_00977,PRD_101,1,1799,1200,1799
LIT_001677,ORD_00977,PRD_106,1,159,75,159
LIT_001678,ORD_00978,PRD_106,1,159,75,159
LIT_001679,ORD_00979,PRD_101,1,1799,1200,1799
LIT_001680,ORD_00979,PRD_106,1,159,75,159
LIT_001681,ORD_00980,PRD_104,1,249,110,249
LIT_001682,ORD_00980,PRD_108,1,49,22,49
LIT_001683,ORD_00981,PRD_102,1,129,65,129
LIT_001684,ORD_00981,PRD_107,1,59,28,59
LIT_001685,ORD_00982,PRD_103,2,69,30,138
LIT_001686,ORD_00983,PRD_101,1,1799,1200,1799
LIT_001687,ORD_00983,PRD_106,1,159,75,159
LIT_001688,ORD_00984,PRD_101,5,1799,1200,8995
LIT_001689,ORD_00985,PRD_106,1,159,75,159
LIT_001690,ORD_00986,PRD_102,1,129,65,129
LIT_001691,ORD_00987,PRD_104,2,249,110,498
LIT_001692,ORD_00988,PRD_102,1,129,65,129
LIT_001693,ORD_00989,PRD_108,1,49,22,49
LIT_001694,ORD_00990,PRD_108,1,49,22,49
LIT_001695,ORD_00991,PRD_104,2,249,110,498
LIT_001696,ORD_00991,PRD_105,1,599,380,599
LIT_001697,ORD_00992,PRD_107,2,59,28,118
LIT_001698,ORD_00993,PRD_103,2,69,30,138
LIT_001699,ORD_00994,PRD_105,1,599,380,599
LIT_001700,ORD_00995,PRD_105,1,599,380,599
LIT_001701,ORD_00995,PRD_103,1,69,30,69
LIT_001702,ORD_00996,PRD_101,1,1799,1200,1799
LIT_001703,ORD_00996,PRD_104,2,249,110,498
LIT_001704,ORD_00997,PRD_101,3,1799,1200,5397
LIT_001705,ORD_00997,PRD_106,2,159,75,318
LIT_001706,ORD_00997,PRD_105,2,599,380,1198
LIT_001707,ORD_00998,PRD_104,2,249,110,498
LIT_001708,ORD_00999,PRD_102,1,129,65,129
LIT_001709,ORD_00999,PRD_105,1,599,380,599
LIT_001710,ORD_00999,PRD_103,1,69,30,69
LIT_001711,ORD_01000,PRD_104,1,249,110,249
