fulfillment_id,order_id,hub_id,supplier_id,order_date,ship_date,delivery_date,promised_delivery_date,fulfillment_status,handling_cost
FUL_00001,ORD_00001,HUB_CHI,SUP_TAIWAN,17-02-26,21-02-26,25-02-26,01-03-26,Delivered,45.02
FUL_00002,ORD_00002,HUB_LAX,SUP_KOREA,17-01-26,18-01-26,22-01-26,28-01-26,Delivered,16.77
FUL_00003,ORD_00003,HUB_NYC,SUP_TAIWAN,21-06-26,22-06-26,30-06-26,30-06-26,Delivered,23.9
FUL_00004,ORD_00004,HUB_LAX,SUP_GLOBAL,01-04-26,04-04-26,18-04-26,18-04-26,Delivered,39.87
FUL_00005,ORD_00005,HUB_LAX,SUP_USA_MID,08-04-26,09-04-26,12-04-26,13-04-26,Delivered,16.65
FUL_00006,ORD_00006,HUB_CHI,SUP_GLOBAL,18-02-26,19-02-26,14-03-26,05-03-26,Delayed,25.68
FUL_00007,ORD_00007,HUB_DFW,SUP_GLOBAL,17-02-26,18-02-26,09-03-26,04-03-26,Delayed,20.63
FUL_00008,ORD_00008,HUB_CHI,SUP_TAIWAN,02-06-26,06-06-26,13-06-26,14-06-26,Delivered,52.14
FUL_00009,ORD_00009,HUB_NYC,SUP_GLOBAL,31-01-26,01-02-26,16-02-26,15-02-26,Delayed,17.49
FUL_00010,ORD_00010,HUB_NYC,SUP_GLOBAL,17-03-26,18-03-26,11-04-26,01-04-26,Delayed,17.54
FUL_00011,ORD_00011,HUB_DFW,SUP_TAIWAN,25-04-26,26-04-26,01-05-26,04-05-26,Delivered,18.12
FUL_00012,ORD_00012,HUB_DFW,SUP_USA_MID,11-05-26,13-05-26,18-05-26,17-05-26,Delayed,30.8
FUL_00013,ORD_00013,HUB_DFW,SUP_GLOBAL,13-02-26,14-02-26,06-03-26,28-02-26,Delayed,24.19
FUL_00014,ORD_00014,HUB_NYC,SUP_GLOBAL,06-03-26,08-03-26,25-03-26,22-03-26,Delayed,27.77
FUL_00015,ORD_00015,HUB_NYC,SUP_KOREA,15-06-26,16-06-26,24-06-26,26-06-26,Delivered,22.25
FUL_00016,ORD_00016,HUB_LAX,SUP_GLOBAL,14-03-26,15-03-26,29-03-26,29-03-26,Delivered,22.35
FUL_00017,ORD_00017,HUB_DFW,SUP_GLOBAL,27-04-26,28-04-26,14-05-26,12-05-26,Delayed,20.87
FUL_00018,ORD_00018,HUB_NYC,SUP_GLOBAL,12-01-26,13-01-26,02-02-26,27-01-26,Delayed,20.05
FUL_00019,ORD_00019,HUB_NYC,SUP_USA_MID,24-06-26,25-06-26,28-06-26,29-06-26,Delivered,27.34
FUL_00020,ORD_00020,HUB_NYC,SUP_GLOBAL,19-06-26,20-06-26,14-07-26,04-07-26,Delayed,27.91
FUL_00021,ORD_00021,HUB_LAX,SUP_USA_MID,18-06-26,19-06-26,24-06-26,23-06-26,Delayed,16.02
FUL_00022,ORD_00022,HUB_NYC,SUP_GLOBAL,29-04-26,30-04-26,18-05-26,14-05-26,Delayed,17.99
FUL_00023,ORD_00023,HUB_DFW,SUP_TAIWAN,15-05-26,18-05-26,21-05-26,26-05-26,Delivered,32.9
FUL_00024,ORD_00024,HUB_LAX,SUP_TAIWAN,01-06-26,03-06-26,11-06-26,11-06-26,Delivered,36.85
FUL_00025,ORD_00025,HUB_NYC,SUP_GLOBAL,27-05-26,28-05-26,14-06-26,11-06-26,Delayed,21.51
FUL_00026,ORD_00026,HUB_DFW,SUP_KOREA,31-03-26,02-04-26,07-04-26,12-04-26,Delivered,32.28
FUL_00027,ORD_00027,HUB_NYC,SUP_KOREA,01-05-26,03-05-26,09-05-26,13-05-26,Delivered,37.83
FUL_00028,ORD_00028,HUB_LAX,SUP_TAIWAN,27-04-26,28-04-26,02-05-26,06-05-26,Delivered,19.12
FUL_00029,ORD_00029,HUB_NYC,SUP_KOREA,21-03-26,22-03-26,27-03-26,01-04-26,Delivered,20.21
FUL_00030,ORD_00030,HUB_NYC,SUP_GLOBAL,30-05-26,31-05-26,20-06-26,14-06-26,Delayed,16.04
FUL_00031,ORD_00031,HUB_DFW,SUP_TAIWAN,14-03-26,15-03-26,21-03-26,23-03-26,Delivered,20.63
FUL_00032,ORD_00032,HUB_NYC,SUP_GLOBAL,04-04-26,05-04-26,23-04-26,19-04-26,Delayed,19.86
FUL_00033,ORD_00033,HUB_DFW,SUP_TAIWAN,28-06-26,29-06-26,07-07-26,07-07-26,Delivered,16.32
FUL_00034,ORD_00034,HUB_CHI,SUP_GLOBAL,15-03-26,19-03-26,02-04-26,02-04-26,Delivered,54.17
FUL_00035,ORD_00035,HUB_DFW,SUP_TAIWAN,28-02-26,02-03-26,09-03-26,10-03-26,Delivered,27.25
FUL_00036,ORD_00036,HUB_NYC,SUP_KOREA,24-03-26,25-03-26,02-04-26,04-04-26,Delivered,22.99
FUL_00037,ORD_00037,HUB_CHI,SUP_GLOBAL,25-01-26,27-01-26,19-02-26,10-02-26,Delayed,26.62
FUL_00038,ORD_00038,HUB_DFW,SUP_GLOBAL,18-05-26,19-05-26,03-06-26,02-06-26,Delayed,21.93
FUL_00039,ORD_00039,HUB_LAX,SUP_GLOBAL,24-04-26,25-04-26,14-05-26,09-05-26,Delayed,18.36
FUL_00040,ORD_00040,HUB_LAX,SUP_KOREA,26-02-26,27-02-26,05-03-26,09-03-26,Delivered,25.53
FUL_00041,ORD_00041,HUB_CHI,SUP_KOREA,05-01-26,12-01-26,17-01-26,22-01-26,Delivered,78.55
FUL_00042,ORD_00042,HUB_NYC,SUP_GLOBAL,30-04-26,02-05-26,20-05-26,16-05-26,Delayed,29.17
FUL_00043,ORD_00043,HUB_NYC,SUP_KOREA,06-01-26,08-01-26,11-01-26,18-01-26,Delivered,30.12
FUL_00044,ORD_00044,HUB_DFW,SUP_USA_MID,15-05-26,17-05-26,24-05-26,21-05-26,Delayed,28.37
FUL_00045,ORD_00045,HUB_NYC,SUP_KOREA,20-04-26,21-04-26,29-04-26,01-05-26,Delivered,19.92
FUL_00046,ORD_00046,HUB_DFW,SUP_TAIWAN,20-03-26,22-03-26,26-03-26,30-03-26,Delivered,28.34
FUL_00047,ORD_00047,HUB_DFW,SUP_TAIWAN,01-06-26,02-06-26,07-06-26,10-06-26,Delivered,19.37
FUL_00048,ORD_00048,HUB_DFW,SUP_GLOBAL,30-03-26,01-04-26,26-04-26,15-04-26,Delayed,31.49
FUL_00049,ORD_00049,HUB_CHI,SUP_KOREA,01-06-26,03-06-26,09-06-26,13-06-26,Delivered,36.2
FUL_00050,ORD_00050,HUB_NYC,SUP_TAIWAN,11-03-26,13-03-26,20-03-26,21-03-26,Delivered,37.28
FUL_00051,ORD_00051,HUB_NYC,SUP_USA_MID,23-04-26,25-04-26,30-04-26,29-04-26,Delayed,37.18
FUL_00052,ORD_00052,HUB_LAX,SUP_TAIWAN,04-01-26,06-01-26,12-01-26,14-01-26,Delivered,34.7
FUL_00053,ORD_00053,HUB_CHI,SUP_KOREA,19-03-26,23-03-26,31-03-26,02-04-26,Delivered,53.39
FUL_00054,ORD_00054,HUB_NYC,SUP_USA_MID,18-05-26,19-05-26,23-05-26,23-05-26,Delivered,17.19
FUL_00055,ORD_00055,HUB_CHI,SUP_GLOBAL,29-05-26,02-06-26,26-06-26,16-06-26,Delayed,43.35
FUL_00056,ORD_00056,HUB_NYC,SUP_KOREA,14-05-26,17-05-26,21-05-26,27-05-26,Delivered,42
FUL_00057,ORD_00057,HUB_DFW,SUP_KOREA,12-02-26,13-02-26,19-02-26,23-02-26,Delivered,18.94
FUL_00058,ORD_00058,HUB_LAX,SUP_GLOBAL,20-05-26,21-05-26,06-06-26,04-06-26,Delayed,23.92
FUL_00059,ORD_00059,HUB_DFW,SUP_GLOBAL,25-01-26,26-01-26,17-02-26,09-02-26,Delayed,14.27
FUL_00060,ORD_00060,HUB_NYC,SUP_GLOBAL,07-02-26,09-02-26,06-03-26,23-02-26,Delayed,28.92
FUL_00061,ORD_00061,HUB_LAX,SUP_USA_MID,02-02-26,05-02-26,11-02-26,09-02-26,Delayed,38.44
FUL_00062,ORD_00062,HUB_DFW,SUP_USA_MID,24-02-26,26-02-26,05-03-26,02-03-26,Delayed,25.49
FUL_00063,ORD_00063,HUB_CHI,SUP_KOREA,15-06-26,22-06-26,25-06-26,02-07-26,Delivered,73.58
FUL_00064,ORD_00064,HUB_CHI,SUP_GLOBAL,03-06-26,05-06-26,27-06-26,19-06-26,Delayed,34.03
FUL_00065,ORD_00065,HUB_DFW,SUP_KOREA,11-02-26,12-02-26,19-02-26,22-02-26,Delivered,14.42
FUL_00066,ORD_00066,HUB_DFW,SUP_USA_MID,17-02-26,19-02-26,25-02-26,23-02-26,Delayed,29.76
FUL_00067,ORD_00067,HUB_DFW,SUP_TAIWAN,11-01-26,12-01-26,16-01-26,20-01-26,Delivered,19.69
FUL_00068,ORD_00068,HUB_CHI,SUP_USA_MID,02-02-26,04-02-26,09-02-26,08-02-26,Delayed,29.92
FUL_00069,ORD_00069,HUB_DFW,SUP_TAIWAN,22-01-26,23-01-26,29-01-26,31-01-26,Delivered,21.6
FUL_00070,ORD_00070,HUB_NYC,SUP_KOREA,06-04-26,09-04-26,17-04-26,19-04-26,Delivered,45.03
FUL_00071,ORD_00071,HUB_DFW,SUP_GLOBAL,18-05-26,20-05-26,08-06-26,03-06-26,Delayed,21.54
FUL_00072,ORD_00072,HUB_LAX,SUP_GLOBAL,10-04-26,11-04-26,01-05-26,25-04-26,Delayed,18.28
FUL_00073,ORD_00073,HUB_NYC,SUP_TAIWAN,26-01-26,27-01-26,01-02-26,04-02-26,Delivered,23.43
FUL_00074,ORD_00074,HUB_NYC,SUP_TAIWAN,04-05-26,06-05-26,11-05-26,14-05-26,Delivered,34.29
FUL_00075,ORD_00075,HUB_DFW,SUP_USA_MID,20-01-26,21-01-26,27-01-26,25-01-26,Delayed,21.16
FUL_00076,ORD_00076,HUB_CHI,SUP_TAIWAN,09-06-26,13-06-26,17-06-26,21-06-26,Delivered,52.16
FUL_00077,ORD_00077,HUB_CHI,SUP_TAIWAN,28-01-26,01-02-26,08-02-26,09-02-26,Delivered,45.65
FUL_00078,ORD_00078,HUB_DFW,SUP_TAIWAN,10-05-26,12-05-26,19-05-26,20-05-26,Delivered,27.71
FUL_00079,ORD_00079,HUB_NYC,SUP_TAIWAN,19-02-26,21-02-26,24-02-26,01-03-26,Delivered,30.73
FUL_00080,ORD_00080,HUB_CHI,SUP_KOREA,15-06-26,16-06-26,23-06-26,26-06-26,Delivered,15.62
FUL_00081,ORD_00081,HUB_LAX,SUP_TAIWAN,04-05-26,06-05-26,10-05-26,14-05-26,Delivered,36.17
FUL_00082,ORD_00082,HUB_LAX,SUP_USA_MID,13-04-26,15-04-26,19-04-26,19-04-26,Delivered,27.93
FUL_00083,ORD_00083,HUB_CHI,SUP_TAIWAN,28-04-26,02-05-26,05-05-26,10-05-26,Delivered,53.75
FUL_00084,ORD_00084,HUB_NYC,SUP_GLOBAL,20-04-26,22-04-26,07-05-26,06-05-26,Delayed,29.54
FUL_00085,ORD_00085,HUB_CHI,SUP_GLOBAL,18-03-26,22-03-26,07-04-26,05-04-26,Delayed,48.82
FUL_00086,ORD_00086,HUB_NYC,SUP_GLOBAL,23-02-26,25-02-26,13-03-26,11-03-26,Delayed,36.42
FUL_00087,ORD_00087,HUB_NYC,SUP_USA_MID,21-04-26,22-04-26,29-04-26,26-04-26,Delayed,18.5
FUL_00088,ORD_00088,HUB_DFW,SUP_USA_MID,16-03-26,18-03-26,23-03-26,22-03-26,Delayed,33.62
FUL_00089,ORD_00089,HUB_DFW,SUP_TAIWAN,01-02-26,02-02-26,05-02-26,10-02-26,Delivered,25.93
FUL_00090,ORD_00090,HUB_NYC,SUP_GLOBAL,29-04-26,01-05-26,23-05-26,15-05-26,Delayed,36.67
FUL_00091,ORD_00091,HUB_DFW,SUP_USA_MID,24-06-26,26-06-26,04-07-26,30-06-26,Delayed,34
FUL_00092,ORD_00092,HUB_LAX,SUP_USA_MID,07-03-26,09-03-26,15-03-26,13-03-26,Delayed,29.92
FUL_00093,ORD_00093,HUB_LAX,SUP_KOREA,04-01-26,05-01-26,11-01-26,15-01-26,Delivered,17.08
FUL_00094,ORD_00094,HUB_CHI,SUP_TAIWAN,04-01-26,05-01-26,12-01-26,13-01-26,Delivered,15.23
FUL_00095,ORD_00095,HUB_LAX,SUP_TAIWAN,21-06-26,23-06-26,29-06-26,01-07-26,Delivered,28.84
FUL_00096,ORD_00096,HUB_LAX,SUP_GLOBAL,18-04-26,21-04-26,07-05-26,05-05-26,Delayed,39.8
FUL_00097,ORD_00097,HUB_DFW,SUP_USA_MID,12-04-26,13-04-26,16-04-26,17-04-26,Delivered,15.82
FUL_00098,ORD_00098,HUB_CHI,SUP_GLOBAL,24-02-26,28-02-26,15-03-26,14-03-26,Delayed,44.69
FUL_00099,ORD_00099,HUB_CHI,SUP_TAIWAN,02-01-26,09-01-26,14-01-26,17-01-26,Delivered,75.58
FUL_00100,ORD_00100,HUB_DFW,SUP_TAIWAN,31-05-26,01-06-26,07-06-26,09-06-26,Returned,14.4
FUL_00101,ORD_00101,HUB_DFW,SUP_TAIWAN,15-04-26,16-04-26,22-04-26,24-04-26,Delivered,14.06
FUL_00102,ORD_00102,HUB_CHI,SUP_USA_MID,29-06-26,06-07-26,10-07-26,10-07-26,Delivered,72.29
FUL_00103,ORD_00103,HUB_DFW,SUP_TAIWAN,23-02-26,24-02-26,27-02-26,04-03-26,Delivered,23.44
FUL_00104,ORD_00104,HUB_LAX,SUP_GLOBAL,07-01-26,10-01-26,29-01-26,24-01-26,Delayed,45.54
FUL_00105,ORD_00105,HUB_LAX,SUP_TAIWAN,16-04-26,18-04-26,22-04-26,26-04-26,Delivered,31.65
FUL_00106,ORD_00106,HUB_DFW,SUP_KOREA,09-04-26,10-04-26,16-04-26,20-04-26,Delivered,15.62
FUL_00107,ORD_00107,HUB_LAX,SUP_USA_MID,12-04-26,13-04-26,18-04-26,17-04-26,Delayed,19.13
FUL_00108,ORD_00108,HUB_CHI,SUP_TAIWAN,19-05-26,20-05-26,25-05-26,28-05-26,Delivered,23.98
FUL_00109,ORD_00109,HUB_NYC,SUP_KOREA,16-03-26,18-03-26,25-03-26,28-03-26,Delivered,33.04
FUL_00110,ORD_00110,HUB_DFW,SUP_GLOBAL,20-05-26,22-05-26,16-06-26,05-06-26,Delayed,31.9
FUL_00111,ORD_00111,HUB_DFW,SUP_TAIWAN,19-04-26,22-04-26,29-04-26,30-04-26,Delivered,32.23
FUL_00112,ORD_00112,HUB_NYC,SUP_GLOBAL,01-06-26,02-06-26,24-06-26,16-06-26,Delayed,23.79
FUL_00113,ORD_00113,HUB_CHI,SUP_TAIWAN,17-06-26,24-06-26,27-06-26,02-07-26,Delivered,71.82
FUL_00114,ORD_00114,HUB_CHI,SUP_USA_MID,21-01-26,25-01-26,28-01-26,29-01-26,Delivered,45.92
FUL_00115,ORD_00115,HUB_NYC,SUP_TAIWAN,16-03-26,17-03-26,21-03-26,25-03-26,Delivered,28.77
FUL_00116,ORD_00116,HUB_LAX,SUP_GLOBAL,28-01-26,29-01-26,12-02-26,12-02-26,Delivered,25.36
FUL_00117,ORD_00117,HUB_DFW,SUP_GLOBAL,25-03-26,26-03-26,19-04-26,09-04-26,Delayed,25.23
FUL_00118,ORD_00118,HUB_NYC,SUP_USA_MID,08-05-26,09-05-26,17-05-26,13-05-26,Delayed,18.35
FUL_00119,ORD_00119,HUB_NYC,SUP_USA_MID,09-02-26,10-02-26,15-02-26,14-02-26,Delayed,22.26
FUL_00120,ORD_00120,HUB_DFW,SUP_USA_MID,19-03-26,20-03-26,27-03-26,24-03-26,Delayed,19.1
FUL_00121,ORD_00121,HUB_DFW,SUP_TAIWAN,12-06-26,14-06-26,18-06-26,22-06-26,Delivered,31.54
FUL_00122,ORD_00122,HUB_LAX,SUP_GLOBAL,24-02-26,25-02-26,16-03-26,11-03-26,Delayed,22.44
FUL_00123,ORD_00123,HUB_NYC,SUP_GLOBAL,02-06-26,03-06-26,21-06-26,17-06-26,Delayed,21.53
FUL_00124,ORD_00124,HUB_CHI,SUP_TAIWAN,11-04-26,18-04-26,21-04-26,26-04-26,Returned,77.16
FUL_00125,ORD_00125,HUB_CHI,SUP_GLOBAL,04-04-26,05-04-26,24-04-26,19-04-26,Delayed,14.78
FUL_00126,ORD_00126,HUB_NYC,SUP_KOREA,01-03-26,02-03-26,09-03-26,12-03-26,Delivered,24.31
FUL_00127,ORD_00127,HUB_LAX,SUP_USA_MID,17-01-26,18-01-26,24-01-26,22-01-26,Delayed,23.18
FUL_00128,ORD_00128,HUB_NYC,SUP_USA_MID,15-04-26,17-04-26,21-04-26,21-04-26,Delivered,39.05
FUL_00129,ORD_00129,HUB_NYC,SUP_KOREA,22-01-26,24-01-26,01-02-26,03-02-26,Delivered,38.74
FUL_00130,ORD_00130,HUB_NYC,SUP_USA_MID,04-02-26,05-02-26,09-02-26,09-02-26,Delivered,17.41
FUL_00131,ORD_00131,HUB_DFW,SUP_USA_MID,04-05-26,05-05-26,11-05-26,09-05-26,Delayed,16.86
FUL_00132,ORD_00132,HUB_LAX,SUP_KOREA,07-05-26,09-05-26,15-05-26,19-05-26,Delivered,34.29
FUL_00133,ORD_00133,HUB_LAX,SUP_KOREA,07-05-26,10-05-26,16-05-26,20-05-26,Returned,41.28
FUL_00134,ORD_00134,HUB_LAX,SUP_TAIWAN,20-03-26,22-03-26,26-03-26,30-03-26,Delivered,28.25
FUL_00135,ORD_00135,HUB_DFW,SUP_KOREA,09-02-26,11-02-26,19-02-26,21-02-26,Delivered,25.98
FUL_00136,ORD_00136,HUB_LAX,SUP_KOREA,07-02-26,08-02-26,11-02-26,18-02-26,Delivered,28.47
FUL_00137,ORD_00137,HUB_NYC,SUP_USA_MID,22-02-26,23-02-26,02-03-26,27-02-26,Delayed,21.2
FUL_00138,ORD_00138,HUB_DFW,SUP_TAIWAN,17-05-26,18-05-26,26-05-26,26-05-26,Delivered,14.68
FUL_00139,ORD_00139,HUB_CHI,SUP_USA_MID,29-03-26,30-03-26,04-04-26,03-04-26,Delayed,18.58
FUL_00140,ORD_00140,HUB_NYC,SUP_KOREA,17-03-26,18-03-26,24-03-26,28-03-26,Delivered,27.38
FUL_00141,ORD_00141,HUB_LAX,SUP_GLOBAL,11-04-26,14-04-26,06-05-26,28-04-26,Delayed,40.47
FUL_00142,ORD_00142,HUB_NYC,SUP_GLOBAL,26-05-26,28-05-26,16-06-26,11-06-26,Delayed,39.41
FUL_00143,ORD_00143,HUB_CHI,SUP_GLOBAL,11-04-26,15-04-26,10-05-26,29-04-26,Delayed,45.77
FUL_00144,ORD_00144,HUB_LAX,SUP_KOREA,31-03-26,01-04-26,07-04-26,11-04-26,Delivered,22.25
FUL_00145,ORD_00145,HUB_LAX,SUP_USA_MID,22-02-26,24-02-26,02-03-26,28-02-26,Delayed,31.8
FUL_00146,ORD_00146,HUB_CHI,SUP_USA_MID,14-01-26,18-01-26,22-01-26,22-01-26,Returned,48.28
FUL_00147,ORD_00147,HUB_NYC,SUP_KOREA,23-03-26,24-03-26,27-03-26,03-04-26,Delivered,26.78
FUL_00148,ORD_00148,HUB_CHI,SUP_USA_MID,17-03-26,18-03-26,21-03-26,22-03-26,Delivered,19.37
FUL_00149,ORD_00149,HUB_NYC,SUP_TAIWAN,18-02-26,19-02-26,26-02-26,27-02-26,Delivered,16.07
FUL_00150,ORD_00150,HUB_NYC,SUP_KOREA,07-02-26,09-02-26,17-02-26,19-02-26,Delivered,32.57
FUL_00151,ORD_00151,HUB_CHI,SUP_USA_MID,30-05-26,03-06-26,08-06-26,07-06-26,Delayed,52.54
FUL_00152,ORD_00152,HUB_NYC,SUP_USA_MID,09-06-26,12-06-26,16-06-26,16-06-26,Delivered,45.1
FUL_00153,ORD_00153,HUB_CHI,SUP_GLOBAL,11-01-26,13-01-26,28-01-26,27-01-26,Delayed,27.21
FUL_00154,ORD_00154,HUB_NYC,SUP_KOREA,14-01-26,16-01-26,19-01-26,26-01-26,Delivered,34.45
FUL_00155,ORD_00155,HUB_DFW,SUP_USA_MID,28-04-26,29-04-26,04-05-26,03-05-26,Delayed,14.15
FUL_00156,ORD_00156,HUB_NYC,SUP_GLOBAL,11-05-26,12-05-26,29-05-26,26-05-26,Delayed,26.34
FUL_00157,ORD_00157,HUB_DFW,SUP_GLOBAL,24-06-26,25-06-26,12-07-26,09-07-26,Delayed,14.46
FUL_00158,ORD_00158,HUB_NYC,SUP_TAIWAN,15-04-26,17-04-26,24-04-26,25-04-26,Delivered,38.12
FUL_00159,ORD_00159,HUB_LAX,SUP_KOREA,24-02-26,26-02-26,06-03-26,08-03-26,Delivered,35.86
FUL_00160,ORD_00160,HUB_LAX,SUP_GLOBAL,24-05-26,27-05-26,11-06-26,10-06-26,Delayed,45.99
FUL_00161,ORD_00161,HUB_LAX,SUP_TAIWAN,06-03-26,07-03-26,14-03-26,15-03-26,Delivered,28.3
FUL_00162,ORD_00162,HUB_DFW,SUP_KOREA,05-06-26,06-06-26,10-06-26,16-06-26,Delivered,22.6
FUL_00163,ORD_00163,HUB_CHI,SUP_KOREA,11-01-26,13-01-26,16-01-26,23-01-26,Delivered,31.97
FUL_00164,ORD_00164,HUB_NYC,SUP_GLOBAL,03-03-26,04-03-26,23-03-26,18-03-26,Delayed,19.73
FUL_00165,ORD_00165,HUB_DFW,SUP_KOREA,11-06-26,12-06-26,15-06-26,22-06-26,Delivered,23.59
FUL_00166,ORD_00166,HUB_NYC,SUP_TAIWAN,20-05-26,21-05-26,25-05-26,29-05-26,Delivered,28.5
FUL_00167,ORD_00167,HUB_DFW,SUP_TAIWAN,13-03-26,14-03-26,17-03-26,22-03-26,Delivered,18.02
FUL_00168,ORD_00168,HUB_NYC,SUP_KOREA,18-03-26,19-03-26,25-03-26,29-03-26,Delivered,25.41
FUL_00169,ORD_00169,HUB_LAX,SUP_GLOBAL,02-01-26,03-01-26,25-01-26,17-01-26,Delayed,18.42
FUL_00170,ORD_00170,HUB_CHI,SUP_KOREA,19-01-26,23-01-26,31-01-26,02-02-26,Delivered,48.45
FUL_00171,ORD_00171,HUB_NYC,SUP_TAIWAN,13-04-26,15-04-26,18-04-26,23-04-26,Delivered,35.3
FUL_00172,ORD_00172,HUB_CHI,SUP_TAIWAN,06-06-26,13-06-26,16-06-26,21-06-26,Delivered,75.76
FUL_00173,ORD_00173,HUB_CHI,SUP_KOREA,12-05-26,14-05-26,17-05-26,24-05-26,Returned,30.64
FUL_00174,ORD_00174,HUB_LAX,SUP_TAIWAN,12-06-26,13-06-26,19-06-26,21-06-26,Delivered,26.21
FUL_00175,ORD_00175,HUB_CHI,SUP_GLOBAL,18-05-26,20-05-26,05-06-26,03-06-26,Delayed,32.25
FUL_00176,ORD_00176,HUB_CHI,SUP_TAIWAN,10-05-26,17-05-26,24-05-26,25-05-26,Delivered,71.73
FUL_00177,ORD_00177,HUB_DFW,SUP_GLOBAL,07-04-26,08-04-26,24-04-26,22-04-26,Delayed,20.75
FUL_00178,ORD_00178,HUB_LAX,SUP_KOREA,09-02-26,11-02-26,15-02-26,21-02-26,Delivered,38.75
FUL_00179,ORD_00179,HUB_LAX,SUP_KOREA,28-03-26,29-03-26,04-04-26,08-04-26,Delivered,26.79
FUL_00180,ORD_00180,HUB_NYC,SUP_GLOBAL,26-03-26,27-03-26,20-04-26,10-04-26,Delayed,23.05
FUL_00181,ORD_00181,HUB_DFW,SUP_TAIWAN,14-05-26,17-05-26,20-05-26,25-05-26,Delivered,39.86
FUL_00182,ORD_00182,HUB_NYC,SUP_USA_MID,16-01-26,17-01-26,24-01-26,21-01-26,Delayed,26.4
FUL_00183,ORD_00183,HUB_NYC,SUP_GLOBAL,03-01-26,04-01-26,28-01-26,18-01-26,Delayed,25.95
FUL_00184,ORD_00184,HUB_CHI,SUP_TAIWAN,31-01-26,04-02-26,12-02-26,12-02-26,Delivered,54.83
FUL_00185,ORD_00185,HUB_CHI,SUP_KOREA,16-01-26,17-01-26,24-01-26,27-01-26,Delivered,26.57
FUL_00186,ORD_00186,HUB_LAX,SUP_GLOBAL,16-03-26,17-03-26,04-04-26,31-03-26,Delayed,22.38
FUL_00187,ORD_00187,HUB_LAX,SUP_KOREA,18-03-26,20-03-26,27-03-26,30-03-26,Delivered,36.93
FUL_00188,ORD_00188,HUB_NYC,SUP_KOREA,14-03-26,16-03-26,21-03-26,26-03-26,Delivered,29.92
FUL_00189,ORD_00189,HUB_NYC,SUP_GLOBAL,10-04-26,11-04-26,05-05-26,25-04-26,Delayed,27.33
FUL_00190,ORD_00190,HUB_LAX,SUP_TAIWAN,02-05-26,03-05-26,06-05-26,11-05-26,Delivered,21.21
FUL_00191,ORD_00191,HUB_DFW,SUP_KOREA,23-04-26,25-04-26,01-05-26,05-05-26,Delivered,28.98
FUL_00192,ORD_00192,HUB_NYC,SUP_TAIWAN,06-03-26,08-03-26,13-03-26,16-03-26,Delivered,36.32
FUL_00193,ORD_00193,HUB_LAX,SUP_KOREA,28-05-26,30-05-26,02-06-26,09-06-26,Delivered,27.32
FUL_00194,ORD_00194,HUB_NYC,SUP_KOREA,06-05-26,08-05-26,11-05-26,18-05-26,Returned,28.46
FUL_00195,ORD_00195,HUB_CHI,SUP_USA_MID,17-04-26,18-04-26,23-04-26,22-04-26,Delayed,21.95
FUL_00196,ORD_00196,HUB_LAX,SUP_KOREA,02-06-26,04-06-26,08-06-26,14-06-26,Delivered,30.8
FUL_00197,ORD_00197,HUB_DFW,SUP_KOREA,05-02-26,06-02-26,10-02-26,16-02-26,Delivered,21.21
FUL_00198,ORD_00198,HUB_NYC,SUP_GLOBAL,07-01-26,09-01-26,28-01-26,23-01-26,Delayed,35.74
FUL_00199,ORD_00199,HUB_DFW,SUP_USA_MID,05-04-26,06-04-26,10-04-26,10-04-26,Delivered,25.25
FUL_00200,ORD_00200,HUB_NYC,SUP_USA_MID,24-04-26,25-04-26,30-04-26,29-04-26,Delayed,24.72
FUL_00201,ORD_00201,HUB_LAX,SUP_USA_MID,12-04-26,13-04-26,16-04-26,17-04-26,Delivered,24.71
FUL_00202,ORD_00202,HUB_LAX,SUP_KOREA,17-02-26,18-02-26,21-02-26,28-02-26,Delivered,22.41
FUL_00203,ORD_00203,HUB_CHI,SUP_KOREA,08-03-26,09-03-26,17-03-26,19-03-26,Delivered,24.78
FUL_00204,ORD_00204,HUB_DFW,SUP_GLOBAL,14-05-26,16-05-26,10-06-26,30-05-26,Delayed,28.21
FUL_00205,ORD_00205,HUB_LAX,SUP_GLOBAL,14-02-26,15-02-26,05-03-26,01-03-26,Delayed,21.01
FUL_00206,ORD_00206,HUB_NYC,SUP_USA_MID,16-03-26,18-03-26,23-03-26,22-03-26,Delayed,34.53
FUL_00207,ORD_00207,HUB_DFW,SUP_GLOBAL,06-01-26,08-01-26,28-01-26,22-01-26,Delayed,29.93
FUL_00208,ORD_00208,HUB_NYC,SUP_USA_MID,04-02-26,05-02-26,08-02-26,09-02-26,Delivered,26.57
FUL_00209,ORD_00209,HUB_NYC,SUP_KOREA,08-03-26,10-03-26,15-03-26,20-03-26,Delivered,29.47
FUL_00210,ORD_00210,HUB_DFW,SUP_USA_MID,30-04-26,03-05-26,07-05-26,07-05-26,Returned,36.79
FUL_00211,ORD_00211,HUB_LAX,SUP_GLOBAL,13-05-26,16-05-26,31-05-26,30-05-26,Delayed,40.12
FUL_00212,ORD_00212,HUB_LAX,SUP_USA_MID,10-03-26,12-03-26,20-03-26,16-03-26,Delayed,28.37
FUL_00213,ORD_00213,HUB_LAX,SUP_USA_MID,08-06-26,11-06-26,16-06-26,15-06-26,Delayed,38.74
FUL_00214,ORD_00214,HUB_CHI,SUP_KOREA,14-01-26,16-01-26,20-01-26,26-01-26,Delivered,31.2
FUL_00215,ORD_00215,HUB_CHI,SUP_TAIWAN,24-03-26,28-03-26,01-04-26,05-04-26,Returned,42.55
FUL_00216,ORD_00216,HUB_NYC,SUP_TAIWAN,15-03-26,16-03-26,21-03-26,24-03-26,Delivered,16.53
FUL_00217,ORD_00217,HUB_CHI,SUP_GLOBAL,01-05-26,02-05-26,25-05-26,16-05-26,Delayed,16.01
FUL_00218,ORD_00218,HUB_DFW,SUP_USA_MID,26-05-26,27-05-26,02-06-26,31-05-26,Delayed,13.27
FUL_00219,ORD_00219,HUB_LAX,SUP_USA_MID,03-04-26,04-04-26,07-04-26,08-04-26,Delivered,26.49
FUL_00220,ORD_00220,HUB_CHI,SUP_USA_MID,06-05-26,08-05-26,11-05-26,12-05-26,Delivered,26.91
FUL_00221,ORD_00221,HUB_CHI,SUP_USA_MID,19-03-26,26-03-26,02-04-26,30-03-26,Delayed,81.7
FUL_00222,ORD_00222,HUB_DFW,SUP_GLOBAL,04-06-26,05-06-26,25-06-26,19-06-26,Delayed,24.91
FUL_00223,ORD_00223,HUB_LAX,SUP_KOREA,04-05-26,05-05-26,08-05-26,15-05-26,Delivered,25.53
FUL_00224,ORD_00224,HUB_LAX,SUP_TAIWAN,06-06-26,09-06-26,12-06-26,17-06-26,Returned,46.88
FUL_00225,ORD_00225,HUB_CHI,SUP_TAIWAN,14-01-26,16-01-26,20-01-26,24-01-26,Delivered,31.91
FUL_00226,ORD_00226,HUB_LAX,SUP_USA_MID,10-02-26,12-02-26,15-02-26,16-02-26,Delivered,34.78
FUL_00227,ORD_00227,HUB_DFW,SUP_TAIWAN,13-03-26,15-03-26,19-03-26,23-03-26,Delivered,29.55
FUL_00228,ORD_00228,HUB_LAX,SUP_TAIWAN,08-06-26,09-06-26,15-06-26,17-06-26,Delivered,25.99
FUL_00229,ORD_00229,HUB_NYC,SUP_TAIWAN,23-06-26,24-06-26,29-06-26,02-07-26,Delivered,26.45
FUL_00230,ORD_00230,HUB_LAX,SUP_TAIWAN,28-05-26,29-05-26,04-06-26,06-06-26,Delivered,24.82
FUL_00231,ORD_00231,HUB_CHI,SUP_GLOBAL,01-02-26,02-02-26,21-02-26,16-02-26,Delayed,15.64
FUL_00232,ORD_00232,HUB_DFW,SUP_USA_MID,02-06-26,03-06-26,09-06-26,07-06-26,Delayed,17.17
FUL_00233,ORD_00233,HUB_DFW,SUP_GLOBAL,23-03-26,26-03-26,12-04-26,09-04-26,Delayed,37.18
FUL_00234,ORD_00234,HUB_CHI,SUP_TAIWAN,09-04-26,11-04-26,14-04-26,19-04-26,Returned,31.43
FUL_00235,ORD_00235,HUB_CHI,SUP_KOREA,16-05-26,18-05-26,22-05-26,28-05-26,Delivered,36.19
FUL_00236,ORD_00236,HUB_CHI,SUP_USA_MID,20-04-26,22-04-26,28-04-26,26-04-26,Delayed,27.17
FUL_00237,ORD_00237,HUB_LAX,SUP_TAIWAN,30-03-26,31-03-26,04-04-26,08-04-26,Delivered,16.89
FUL_00238,ORD_00238,HUB_DFW,SUP_KOREA,01-03-26,02-03-26,07-03-26,12-03-26,Delivered,19.03
FUL_00239,ORD_00239,HUB_CHI,SUP_USA_MID,16-02-26,18-02-26,22-02-26,22-02-26,Delivered,34.52
FUL_00240,ORD_00240,HUB_NYC,SUP_KOREA,14-01-26,15-01-26,18-01-26,25-01-26,Delivered,20.06
FUL_00241,ORD_00241,HUB_NYC,SUP_KOREA,24-01-26,25-01-26,02-02-26,04-02-26,Delivered,21.18
FUL_00242,ORD_00242,HUB_CHI,SUP_GLOBAL,04-01-26,08-01-26,27-01-26,22-01-26,Delayed,48.96
FUL_00243,ORD_00243,HUB_NYC,SUP_KOREA,07-05-26,09-05-26,12-05-26,19-05-26,Delivered,39.76
FUL_00244,ORD_00244,HUB_CHI,SUP_TAIWAN,03-03-26,05-03-26,10-03-26,13-03-26,Returned,31.74
FUL_00245,ORD_00245,HUB_LAX,SUP_USA_MID,15-05-26,16-05-26,21-05-26,20-05-26,Delayed,25.39
FUL_00246,ORD_00246,HUB_NYC,SUP_GLOBAL,23-03-26,24-03-26,18-04-26,07-04-26,Delayed,23.78
FUL_00247,ORD_00247,HUB_LAX,SUP_TAIWAN,10-01-26,11-01-26,19-01-26,19-01-26,Delivered,16.11
FUL_00248,ORD_00248,HUB_DFW,SUP_KOREA,11-05-26,12-05-26,17-05-26,22-05-26,Delivered,19.95
FUL_00249,ORD_00249,HUB_NYC,SUP_GLOBAL,24-01-26,25-01-26,15-02-26,08-02-26,Delayed,25.15
FUL_00250,ORD_00250,HUB_CHI,SUP_KOREA,01-04-26,03-04-26,09-04-26,13-04-26,Delivered,30.5
FUL_00251,ORD_00251,HUB_NYC,SUP_TAIWAN,03-02-26,06-02-26,10-02-26,14-02-26,Delivered,46.98
FUL_00252,ORD_00252,HUB_CHI,SUP_GLOBAL,08-05-26,12-05-26,06-06-26,26-05-26,Delayed,42.79
FUL_00253,ORD_00253,HUB_LAX,SUP_GLOBAL,13-05-26,14-05-26,04-06-26,28-05-26,Delayed,18.76
FUL_00254,ORD_00254,HUB_CHI,SUP_TAIWAN,21-02-26,28-02-26,04-03-26,08-03-26,Delivered,80.8
FUL_00255,ORD_00255,HUB_CHI,SUP_USA_MID,08-01-26,09-01-26,12-01-26,13-01-26,Delivered,18.72
FUL_00256,ORD_00256,HUB_DFW,SUP_TAIWAN,23-04-26,24-04-26,27-04-26,02-05-26,Delivered,22.19
FUL_00257,ORD_00257,HUB_CHI,SUP_KOREA,25-05-26,29-05-26,03-06-26,08-06-26,Delivered,50.12
FUL_00258,ORD_00258,HUB_DFW,SUP_KOREA,07-06-26,08-06-26,14-06-26,18-06-26,Delivered,13.61
FUL_00259,ORD_00259,HUB_CHI,SUP_USA_MID,07-05-26,11-05-26,16-05-26,15-05-26,Delayed,43.08
FUL_00260,ORD_00260,HUB_DFW,SUP_KOREA,13-06-26,14-06-26,18-06-26,24-06-26,Delivered,19.32
FUL_00261,ORD_00261,HUB_NYC,SUP_TAIWAN,08-04-26,09-04-26,13-04-26,17-04-26,Delivered,27.46
FUL_00262,ORD_00262,HUB_DFW,SUP_KOREA,02-03-26,03-03-26,06-03-26,13-03-26,Delivered,16.62
FUL_00263,ORD_00263,HUB_DFW,SUP_USA_MID,21-05-26,23-05-26,28-05-26,27-05-26,Delayed,23.9
FUL_00264,ORD_00264,HUB_LAX,SUP_GLOBAL,13-01-26,15-01-26,29-01-26,29-01-26,Delivered,36.06
FUL_00265,ORD_00265,HUB_CHI,SUP_TAIWAN,06-01-26,08-01-26,14-01-26,16-01-26,Delivered,24.22
FUL_00266,ORD_00266,HUB_DFW,SUP_TAIWAN,14-05-26,17-05-26,21-05-26,25-05-26,Delivered,34.61
FUL_00267,ORD_00267,HUB_CHI,SUP_USA_MID,06-02-26,10-02-26,18-02-26,14-02-26,Delayed,45.66
FUL_00268,ORD_00268,HUB_CHI,SUP_USA_MID,05-02-26,12-02-26,16-02-26,16-02-26,Delivered,72.3
FUL_00269,ORD_00269,HUB_DFW,SUP_TAIWAN,08-01-26,09-01-26,14-01-26,17-01-26,Delivered,13.43
FUL_00270,ORD_00270,HUB_CHI,SUP_KOREA,04-03-26,06-03-26,10-03-26,16-03-26,Delivered,27.45
FUL_00271,ORD_00271,HUB_DFW,SUP_KOREA,23-04-26,24-04-26,29-04-26,04-05-26,Delivered,14.89
FUL_00272,ORD_00272,HUB_CHI,SUP_USA_MID,27-01-26,28-01-26,02-02-26,01-02-26,Delayed,17.98
FUL_00273,ORD_00273,HUB_NYC,SUP_TAIWAN,05-05-26,06-05-26,13-05-26,14-05-26,Delivered,26.3
FUL_00274,ORD_00274,HUB_DFW,SUP_TAIWAN,25-02-26,26-02-26,04-03-26,06-03-26,Delivered,16.88
FUL_00275,ORD_00275,HUB_CHI,SUP_USA_MID,16-02-26,20-02-26,26-02-26,24-02-26,Delayed,51.55
FUL_00276,ORD_00276,HUB_NYC,SUP_KOREA,22-06-26,25-06-26,02-07-26,05-07-26,Delivered,48.03
FUL_00277,ORD_00277,HUB_NYC,SUP_KOREA,09-06-26,10-06-26,18-06-26,20-06-26,Delivered,26.87
FUL_00278,ORD_00278,HUB_DFW,SUP_GLOBAL,05-04-26,07-04-26,25-04-26,21-04-26,Delayed,24.33
FUL_00279,ORD_00279,HUB_LAX,SUP_KOREA,25-05-26,26-05-26,30-05-26,05-06-26,Delivered,24.28
FUL_00280,ORD_00280,HUB_NYC,SUP_USA_MID,11-06-26,12-06-26,20-06-26,16-06-26,Delayed,22.25
FUL_00281,ORD_00281,HUB_DFW,SUP_GLOBAL,24-04-26,25-04-26,16-05-26,09-05-26,Delayed,21.82
FUL_00282,ORD_00282,HUB_CHI,SUP_KOREA,10-02-26,14-02-26,17-02-26,24-02-26,Delivered,53.79
FUL_00283,ORD_00283,HUB_LAX,SUP_TAIWAN,09-03-26,10-03-26,17-03-26,18-03-26,Delivered,17.98
FUL_00284,ORD_00284,HUB_CHI,SUP_KOREA,01-05-26,08-05-26,12-05-26,18-05-26,Delivered,70.13
FUL_00285,ORD_00285,HUB_LAX,SUP_GLOBAL,20-02-26,21-02-26,09-03-26,07-03-26,Delayed,26.51
FUL_00286,ORD_00286,HUB_CHI,SUP_USA_MID,10-04-26,14-04-26,22-04-26,18-04-26,Delayed,53.61
FUL_00287,ORD_00287,HUB_CHI,SUP_KOREA,26-01-26,27-01-26,31-01-26,06-02-26,Delivered,26.4
FUL_00288,ORD_00288,HUB_LAX,SUP_USA_MID,15-02-26,16-02-26,24-02-26,20-02-26,Delayed,19.47
FUL_00289,ORD_00289,HUB_CHI,SUP_KOREA,22-02-26,24-02-26,03-03-26,06-03-26,Delivered,35.07
FUL_00290,ORD_00290,HUB_NYC,SUP_TAIWAN,09-02-26,10-02-26,13-02-26,18-02-26,Delivered,25.37
FUL_00291,ORD_00291,HUB_CHI,SUP_GLOBAL,28-06-26,30-06-26,20-07-26,14-07-26,Returned,33.51
FUL_00292,ORD_00292,HUB_LAX,SUP_GLOBAL,26-01-26,27-01-26,21-02-26,10-02-26,Delayed,26.86
FUL_00293,ORD_00293,HUB_CHI,SUP_GLOBAL,25-05-26,26-05-26,20-06-26,09-06-26,Delayed,21.39
FUL_00294,ORD_00294,HUB_LAX,SUP_KOREA,24-04-26,25-04-26,30-04-26,05-05-26,Delivered,18.34
FUL_00295,ORD_00295,HUB_LAX,SUP_KOREA,01-01-26,02-01-26,05-01-26,12-01-26,Delivered,15.75
FUL_00296,ORD_00296,HUB_CHI,SUP_USA_MID,11-04-26,13-04-26,18-04-26,17-04-26,Delayed,32.07
FUL_00297,ORD_00297,HUB_NYC,SUP_TAIWAN,12-06-26,13-06-26,20-06-26,21-06-26,Delivered,17.78
FUL_00298,ORD_00298,HUB_LAX,SUP_TAIWAN,05-04-26,06-04-26,11-04-26,14-04-26,Delivered,25.2
FUL_00299,ORD_00299,HUB_LAX,SUP_USA_MID,11-05-26,13-05-26,18-05-26,17-05-26,Delayed,34.79
FUL_00300,ORD_00300,HUB_CHI,SUP_USA_MID,15-06-26,16-06-26,22-06-26,20-06-26,Delayed,20.51
FUL_00301,ORD_00301,HUB_NYC,SUP_TAIWAN,03-01-26,06-01-26,11-01-26,14-01-26,Returned,42.14
FUL_00302,ORD_00302,HUB_NYC,SUP_TAIWAN,25-01-26,28-01-26,05-02-26,05-02-26,Delivered,39.77
FUL_00303,ORD_00303,HUB_DFW,SUP_GLOBAL,15-04-26,16-04-26,08-05-26,30-04-26,Delayed,25.93
FUL_00304,ORD_00304,HUB_DFW,SUP_TAIWAN,15-02-26,17-02-26,20-02-26,25-02-26,Delivered,32.09
FUL_00305,ORD_00305,HUB_CHI,SUP_GLOBAL,21-03-26,23-03-26,09-04-26,06-04-26,Delayed,33.06
FUL_00306,ORD_00306,HUB_LAX,SUP_TAIWAN,02-05-26,03-05-26,11-05-26,11-05-26,Delivered,17.42
FUL_00307,ORD_00307,HUB_LAX,SUP_TAIWAN,05-05-26,07-05-26,10-05-26,15-05-26,Returned,36.67
FUL_00308,ORD_00308,HUB_NYC,SUP_KOREA,06-06-26,07-06-26,15-06-26,17-06-26,Delivered,19.61
FUL_00309,ORD_00309,HUB_DFW,SUP_USA_MID,17-01-26,19-01-26,23-01-26,23-01-26,Delivered,28.85
FUL_00310,ORD_00310,HUB_NYC,SUP_TAIWAN,08-01-26,11-01-26,15-01-26,19-01-26,Delivered,47.53
FUL_00311,ORD_00311,HUB_LAX,SUP_USA_MID,11-03-26,12-03-26,17-03-26,16-03-26,Delayed,28.4
FUL_00312,ORD_00312,HUB_DFW,SUP_GLOBAL,27-01-26,29-01-26,22-02-26,12-02-26,Delayed,28.87
FUL_00313,ORD_00313,HUB_NYC,SUP_GLOBAL,07-06-26,09-06-26,26-06-26,23-06-26,Delayed,32.65
FUL_00314,ORD_00314,HUB_DFW,SUP_USA_MID,24-06-26,25-06-26,29-06-26,29-06-26,Delivered,18.9
FUL_00315,ORD_00315,HUB_NYC,SUP_GLOBAL,22-03-26,24-03-26,08-04-26,07-04-26,Delayed,36.34
FUL_00316,ORD_00316,HUB_LAX,SUP_USA_MID,26-04-26,27-04-26,02-05-26,01-05-26,Delayed,22.52
FUL_00317,ORD_00317,HUB_NYC,SUP_GLOBAL,19-05-26,20-05-26,06-06-26,03-06-26,Delayed,17.42
FUL_00318,ORD_00318,HUB_CHI,SUP_USA_MID,23-01-26,24-01-26,27-01-26,28-01-26,Delivered,21.14
FUL_00319,ORD_00319,HUB_NYC,SUP_KOREA,07-02-26,09-02-26,16-02-26,19-02-26,Delivered,27.26
FUL_00320,ORD_00320,HUB_LAX,SUP_GLOBAL,05-03-26,06-03-26,28-03-26,20-03-26,Delayed,20.94
FUL_00321,ORD_00321,HUB_CHI,SUP_TAIWAN,13-02-26,20-02-26,26-02-26,28-02-26,Returned,76.55
FUL_00322,ORD_00322,HUB_NYC,SUP_GLOBAL,10-04-26,12-04-26,07-05-26,26-04-26,Delayed,30.26
FUL_00323,ORD_00323,HUB_LAX,SUP_KOREA,21-01-26,22-01-26,28-01-26,01-02-26,Delivered,26.36
FUL_00324,ORD_00324,HUB_DFW,SUP_KOREA,28-06-26,30-06-26,07-07-26,10-07-26,Delivered,26.68
FUL_00325,ORD_00325,HUB_DFW,SUP_USA_MID,10-01-26,12-01-26,16-01-26,16-01-26,Delivered,24.82
FUL_00326,ORD_00326,HUB_CHI,SUP_TAIWAN,06-02-26,10-02-26,16-02-26,18-02-26,Delivered,42.56
FUL_00327,ORD_00327,HUB_NYC,SUP_TAIWAN,14-06-26,16-06-26,19-06-26,24-06-26,Delivered,33.03
FUL_00328,ORD_00328,HUB_LAX,SUP_GLOBAL,14-03-26,15-03-26,04-04-26,29-03-26,Delayed,26.43
FUL_00329,ORD_00329,HUB_LAX,SUP_USA_MID,27-04-26,28-04-26,02-05-26,02-05-26,Delivered,19.31
FUL_00330,ORD_00330,HUB_DFW,SUP_TAIWAN,24-02-26,25-02-26,03-03-26,05-03-26,Delivered,18.77
FUL_00331,ORD_00331,HUB_NYC,SUP_TAIWAN,13-05-26,14-05-26,18-05-26,22-05-26,Delivered,24.85
FUL_00332,ORD_00332,HUB_LAX,SUP_TAIWAN,05-03-26,07-03-26,11-03-26,15-03-26,Delivered,29.39
FUL_00333,ORD_00333,HUB_CHI,SUP_USA_MID,06-05-26,10-05-26,14-05-26,14-05-26,Delivered,49.88
FUL_00334,ORD_00334,HUB_NYC,SUP_GLOBAL,15-04-26,16-04-26,05-05-26,30-04-26,Delayed,21.56
FUL_00335,ORD_00335,HUB_DFW,SUP_GLOBAL,06-05-26,07-05-26,24-05-26,21-05-26,Delayed,13.82
FUL_00336,ORD_00336,HUB_LAX,SUP_TAIWAN,01-05-26,02-05-26,05-05-26,10-05-26,Delivered,21.78
FUL_00337,ORD_00337,HUB_DFW,SUP_KOREA,13-03-26,14-03-26,21-03-26,24-03-26,Delivered,24.63
FUL_00338,ORD_00338,HUB_CHI,SUP_TAIWAN,20-01-26,22-01-26,29-01-26,30-01-26,Delivered,23.93
FUL_00339,ORD_00339,HUB_DFW,SUP_TAIWAN,14-03-26,15-03-26,20-03-26,23-03-26,Delivered,25.29
FUL_00340,ORD_00340,HUB_CHI,SUP_GLOBAL,19-03-26,23-03-26,17-04-26,06-04-26,Delayed,50.67
FUL_00341,ORD_00341,HUB_LAX,SUP_GLOBAL,16-04-26,18-04-26,10-05-26,02-05-26,Delayed,30.98
FUL_00342,ORD_00342,HUB_CHI,SUP_KOREA,19-01-26,21-01-26,29-01-26,31-01-26,Delivered,31.5
FUL_00343,ORD_00343,HUB_NYC,SUP_USA_MID,14-03-26,15-03-26,23-03-26,19-03-26,Delayed,23.12
FUL_00344,ORD_00344,HUB_CHI,SUP_GLOBAL,08-04-26,09-04-26,02-05-26,23-04-26,Delayed,19.8
FUL_00345,ORD_00345,HUB_LAX,SUP_GLOBAL,16-03-26,17-03-26,06-04-26,31-03-26,Delayed,21.63
FUL_00346,ORD_00346,HUB_CHI,SUP_KOREA,30-05-26,31-05-26,04-06-26,10-06-26,Delivered,16.52
FUL_00347,ORD_00347,HUB_DFW,SUP_USA_MID,02-04-26,03-04-26,09-04-26,07-04-26,Delayed,14.56
FUL_00348,ORD_00348,HUB_LAX,SUP_KOREA,19-06-26,20-06-26,24-06-26,30-06-26,Delivered,26.21
FUL_00349,ORD_00349,HUB_LAX,SUP_TAIWAN,17-04-26,19-04-26,26-04-26,27-04-26,Delivered,28.56
FUL_00350,ORD_00350,HUB_DFW,SUP_USA_MID,24-02-26,25-02-26,28-02-26,01-03-26,Delivered,21.28
FUL_00351,ORD_00351,HUB_CHI,SUP_TAIWAN,27-03-26,03-04-26,07-04-26,11-04-26,Delivered,77.04
FUL_00352,ORD_00352,HUB_DFW,SUP_USA_MID,25-02-26,26-02-26,02-03-26,02-03-26,Delivered,17.74
FUL_00353,ORD_00353,HUB_DFW,SUP_USA_MID,12-06-26,14-06-26,18-06-26,18-06-26,Delivered,28.52
FUL_00354,ORD_00354,HUB_DFW,SUP_GLOBAL,26-06-26,27-06-26,16-07-26,11-07-26,Delayed,21.05
FUL_00355,ORD_00355,HUB_NYC,SUP_GLOBAL,08-01-26,10-01-26,27-01-26,24-01-26,Delayed,28.68
FUL_00356,ORD_00356,HUB_DFW,SUP_TAIWAN,05-03-26,07-03-26,11-03-26,15-03-26,Delivered,31.52
FUL_00357,ORD_00357,HUB_DFW,SUP_GLOBAL,14-04-26,16-04-26,01-05-26,30-04-26,Delayed,21.89
FUL_00358,ORD_00358,HUB_CHI,SUP_USA_MID,19-01-26,21-01-26,29-01-26,25-01-26,Returned,34.65
FUL_00359,ORD_00359,HUB_DFW,SUP_TAIWAN,22-06-26,24-06-26,28-06-26,02-07-26,Delivered,26.84
FUL_00360,ORD_00360,HUB_NYC,SUP_GLOBAL,23-02-26,24-02-26,12-03-26,10-03-26,Delayed,23.14
FUL_00361,ORD_00361,HUB_NYC,SUP_TAIWAN,15-06-26,17-06-26,25-06-26,25-06-26,Delivered,32.62
FUL_00362,ORD_00362,HUB_DFW,SUP_KOREA,21-05-26,24-05-26,27-05-26,03-06-26,Delivered,39.61
FUL_00363,ORD_00363,HUB_DFW,SUP_KOREA,03-02-26,05-02-26,10-02-26,15-02-26,Delivered,31.3
FUL_00364,ORD_00364,HUB_LAX,SUP_USA_MID,03-06-26,04-06-26,10-06-26,08-06-26,Delayed,22.47
FUL_00365,ORD_00365,HUB_NYC,SUP_KOREA,06-04-26,08-04-26,13-04-26,18-04-26,Delivered,29.48
FUL_00366,ORD_00366,HUB_CHI,SUP_TAIWAN,08-01-26,10-01-26,14-01-26,18-01-26,Delivered,31.43
FUL_00367,ORD_00367,HUB_DFW,SUP_TAIWAN,10-04-26,11-04-26,18-04-26,19-04-26,Delivered,16.33
FUL_00368,ORD_00368,HUB_NYC,SUP_TAIWAN,01-01-26,03-01-26,06-01-26,11-01-26,Delivered,30.17
FUL_00369,ORD_00369,HUB_DFW,SUP_KOREA,20-01-26,22-01-26,25-01-26,01-02-26,Delivered,29.88
FUL_00370,ORD_00370,HUB_LAX,SUP_USA_MID,15-04-26,17-04-26,24-04-26,21-04-26,Delayed,31.01
FUL_00371,ORD_00371,HUB_NYC,SUP_KOREA,05-01-26,06-01-26,10-01-26,16-01-26,Delivered,17.08
FUL_00372,ORD_00372,HUB_LAX,SUP_GLOBAL,27-05-26,28-05-26,17-06-26,11-06-26,Delayed,17.29
FUL_00373,ORD_00373,HUB_LAX,SUP_KOREA,26-01-26,27-01-26,02-02-26,06-02-26,Delivered,27.74
FUL_00374,ORD_00374,HUB_NYC,SUP_USA_MID,18-02-26,19-02-26,24-02-26,23-02-26,Delayed,20.44
FUL_00375,ORD_00375,HUB_NYC,SUP_TAIWAN,19-01-26,20-01-26,28-01-26,28-01-26,Delivered,17.57
FUL_00376,ORD_00376,HUB_LAX,SUP_USA_MID,18-01-26,19-01-26,22-01-26,23-01-26,Delivered,20.01
FUL_00377,ORD_00377,HUB_DFW,SUP_KOREA,17-05-26,18-05-26,24-05-26,28-05-26,Delivered,24.8
FUL_00378,ORD_00378,HUB_DFW,SUP_GLOBAL,14-01-26,17-01-26,31-01-26,31-01-26,Delivered,36.82
FUL_00379,ORD_00379,HUB_CHI,SUP_USA_MID,06-04-26,10-04-26,17-04-26,14-04-26,Delayed,46.99
FUL_00380,ORD_00380,HUB_LAX,SUP_GLOBAL,06-03-26,07-03-26,26-03-26,21-03-26,Delayed,23.96
FUL_00381,ORD_00381,HUB_NYC,SUP_GLOBAL,09-01-26,10-01-26,01-02-26,24-01-26,Delayed,16.78
FUL_00382,ORD_00382,HUB_CHI,SUP_GLOBAL,14-01-26,18-01-26,09-02-26,01-02-26,Returned,51.67
FUL_00383,ORD_00383,HUB_NYC,SUP_TAIWAN,15-06-26,18-06-26,22-06-26,26-06-26,Returned,45.65
FUL_00384,ORD_00384,HUB_CHI,SUP_KOREA,07-04-26,14-04-26,18-04-26,24-04-26,Delivered,81.92
FUL_00385,ORD_00385,HUB_LAX,SUP_TAIWAN,20-02-26,22-02-26,26-02-26,02-03-26,Delivered,26.9
FUL_00386,ORD_00386,HUB_CHI,SUP_TAIWAN,13-01-26,15-01-26,19-01-26,23-01-26,Delivered,31.52
FUL_00387,ORD_00387,HUB_CHI,SUP_GLOBAL,30-01-26,01-02-26,17-02-26,15-02-26,Delayed,27.63
FUL_00388,ORD_00388,HUB_NYC,SUP_KOREA,12-02-26,13-02-26,21-02-26,23-02-26,Delivered,16.01
FUL_00389,ORD_00389,HUB_DFW,SUP_KOREA,29-05-26,30-05-26,07-06-26,09-06-26,Delivered,26.2
FUL_00390,ORD_00390,HUB_NYC,SUP_GLOBAL,12-06-26,15-06-26,07-07-26,29-06-26,Delayed,45.62
FUL_00391,ORD_00391,HUB_DFW,SUP_USA_MID,26-01-26,27-01-26,01-02-26,31-01-26,Delayed,17.21
FUL_00392,ORD_00392,HUB_NYC,SUP_USA_MID,03-01-26,04-01-26,07-01-26,08-01-26,Delivered,18
FUL_00393,ORD_00393,HUB_CHI,SUP_KOREA,11-02-26,13-02-26,17-02-26,23-02-26,Delivered,26.65
FUL_00394,ORD_00394,HUB_LAX,SUP_GLOBAL,18-03-26,19-03-26,09-04-26,02-04-26,Delayed,27.23
FUL_00395,ORD_00395,HUB_NYC,SUP_GLOBAL,15-04-26,16-04-26,02-05-26,30-04-26,Delayed,16.43
FUL_00396,ORD_00396,HUB_NYC,SUP_USA_MID,17-01-26,19-01-26,24-01-26,23-01-26,Delayed,28.89
FUL_00397,ORD_00397,HUB_LAX,SUP_GLOBAL,12-02-26,14-02-26,05-03-26,28-02-26,Delayed,32.03
FUL_00398,ORD_00398,HUB_DFW,SUP_TAIWAN,30-03-26,02-04-26,06-04-26,10-04-26,Delivered,30.02
FUL_00399,ORD_00399,HUB_NYC,SUP_USA_MID,21-05-26,22-05-26,28-05-26,26-05-26,Delayed,27.74
FUL_00400,ORD_00400,HUB_CHI,SUP_KOREA,10-01-26,12-01-26,16-01-26,22-01-26,Delivered,32.89
FUL_00401,ORD_00401,HUB_NYC,SUP_GLOBAL,05-03-26,06-03-26,28-03-26,20-03-26,Delayed,18.35
FUL_00402,ORD_00402,HUB_DFW,SUP_KOREA,20-05-26,21-05-26,27-05-26,31-05-26,Delivered,21.54
FUL_00403,ORD_00403,HUB_NYC,SUP_GLOBAL,21-05-26,22-05-26,09-06-26,05-06-26,Delayed,25.23
FUL_00404,ORD_00404,HUB_DFW,SUP_USA_MID,02-05-26,05-05-26,08-05-26,09-05-26,Returned,39.1
FUL_00405,ORD_00405,HUB_DFW,SUP_TAIWAN,07-01-26,09-01-26,16-01-26,17-01-26,Delivered,23.26
FUL_00406,ORD_00406,HUB_CHI,SUP_GLOBAL,02-03-26,04-03-26,20-03-26,18-03-26,Delayed,25.13
FUL_00407,ORD_00407,HUB_NYC,SUP_USA_MID,22-01-26,23-01-26,29-01-26,27-01-26,Delayed,18.29
FUL_00408,ORD_00408,HUB_CHI,SUP_TAIWAN,26-06-26,28-06-26,05-07-26,06-07-26,Delivered,26.2
FUL_00409,ORD_00409,HUB_NYC,SUP_USA_MID,27-04-26,28-04-26,03-05-26,02-05-26,Delayed,23.51
FUL_00410,ORD_00410,HUB_CHI,SUP_USA_MID,11-03-26,12-03-26,20-03-26,16-03-26,Delayed,15.86
FUL_00411,ORD_00411,HUB_NYC,SUP_KOREA,25-05-26,26-05-26,30-05-26,05-06-26,Delivered,21.14
FUL_00412,ORD_00412,HUB_CHI,SUP_GLOBAL,07-04-26,09-04-26,01-05-26,23-04-26,Delayed,34.55
FUL_00413,ORD_00413,HUB_LAX,SUP_TAIWAN,20-06-26,22-06-26,28-06-26,30-06-26,Delivered,35.55
FUL_00414,ORD_00414,HUB_DFW,SUP_USA_MID,08-02-26,09-02-26,13-02-26,13-02-26,Delivered,20.19
FUL_00415,ORD_00415,HUB_NYC,SUP_USA_MID,01-04-26,02-04-26,07-04-26,06-04-26,Delayed,18.46
FUL_00416,ORD_00416,HUB_LAX,SUP_GLOBAL,02-01-26,04-01-26,19-01-26,18-01-26,Delayed,30.75
FUL_00417,ORD_00417,HUB_DFW,SUP_KOREA,29-05-26,31-05-26,08-06-26,10-06-26,Delivered,24.31
FUL_00418,ORD_00418,HUB_NYC,SUP_KOREA,09-01-26,10-01-26,18-01-26,20-01-26,Delivered,17.86
FUL_00419,ORD_00419,HUB_DFW,SUP_KOREA,19-04-26,22-04-26,25-04-26,02-05-26,Delivered,38.43
FUL_00420,ORD_00420,HUB_DFW,SUP_KOREA,24-03-26,27-03-26,01-04-26,06-04-26,Delivered,39.65
FUL_00421,ORD_00421,HUB_LAX,SUP_KOREA,26-06-26,28-06-26,04-07-26,08-07-26,Delivered,38.61
FUL_00422,ORD_00422,HUB_LAX,SUP_KOREA,28-04-26,29-04-26,06-05-26,09-05-26,Delivered,20.07
FUL_00423,ORD_00423,HUB_CHI,SUP_GLOBAL,01-01-26,03-01-26,27-01-26,17-01-26,Delayed,34.74
FUL_00424,ORD_00424,HUB_LAX,SUP_USA_MID,11-06-26,12-06-26,18-06-26,16-06-26,Delayed,18.95
FUL_00425,ORD_00425,HUB_NYC,SUP_GLOBAL,25-02-26,26-02-26,22-03-26,12-03-26,Delayed,27.16
FUL_00426,ORD_00426,HUB_CHI,SUP_TAIWAN,23-02-26,24-02-26,27-02-26,04-03-26,Delivered,20.69
FUL_00427,ORD_00427,HUB_CHI,SUP_TAIWAN,19-02-26,21-02-26,28-02-26,01-03-26,Delivered,25.39
FUL_00428,ORD_00428,HUB_DFW,SUP_USA_MID,26-05-26,28-05-26,04-06-26,01-06-26,Delayed,31.21
FUL_00429,ORD_00429,HUB_LAX,SUP_USA_MID,28-05-26,29-05-26,01-06-26,02-06-26,Delivered,27.61
FUL_00430,ORD_00430,HUB_NYC,SUP_KOREA,07-04-26,09-04-26,13-04-26,19-04-26,Delivered,35.65
FUL_00431,ORD_00431,HUB_CHI,SUP_USA_MID,01-04-26,05-04-26,12-04-26,09-04-26,Delayed,52.16
FUL_00432,ORD_00432,HUB_LAX,SUP_TAIWAN,17-05-26,18-05-26,26-05-26,26-05-26,Delivered,15.76
FUL_00433,ORD_00433,HUB_LAX,SUP_KOREA,21-01-26,23-01-26,26-01-26,02-02-26,Delivered,32.26
FUL_00434,ORD_00434,HUB_CHI,SUP_KOREA,09-02-26,13-02-26,17-02-26,23-02-26,Delivered,48.71
FUL_00435,ORD_00435,HUB_LAX,SUP_KOREA,30-03-26,02-04-26,08-04-26,12-04-26,Delivered,39.28
FUL_00436,ORD_00436,HUB_DFW,SUP_GLOBAL,12-04-26,13-04-26,06-05-26,27-04-26,Delayed,16.56
FUL_00437,ORD_00437,HUB_DFW,SUP_GLOBAL,30-01-26,31-01-26,21-02-26,14-02-26,Returned,18.93
FUL_00438,ORD_00438,HUB_CHI,SUP_GLOBAL,21-03-26,25-03-26,15-04-26,08-04-26,Delayed,45.35
FUL_00439,ORD_00439,HUB_CHI,SUP_USA_MID,22-01-26,23-01-26,29-01-26,27-01-26,Delayed,19.6
FUL_00440,ORD_00440,HUB_NYC,SUP_KOREA,07-04-26,08-04-26,15-04-26,18-04-26,Returned,23.68
FUL_00441,ORD_00441,HUB_LAX,SUP_GLOBAL,07-01-26,08-01-26,30-01-26,22-01-26,Delayed,22.12
FUL_00442,ORD_00442,HUB_CHI,SUP_USA_MID,18-02-26,22-02-26,27-02-26,26-02-26,Delayed,54.53
FUL_00443,ORD_00443,HUB_DFW,SUP_USA_MID,05-06-26,06-06-26,09-06-26,10-06-26,Delivered,25.07
FUL_00444,ORD_00444,HUB_CHI,SUP_GLOBAL,18-06-26,20-06-26,06-07-26,04-07-26,Delayed,31.75
FUL_00445,ORD_00445,HUB_NYC,SUP_USA_MID,27-05-26,28-05-26,31-05-26,01-06-26,Delivered,25.3
FUL_00446,ORD_00446,HUB_LAX,SUP_TAIWAN,25-04-26,26-04-26,29-04-26,04-05-26,Delivered,27.58
FUL_00447,ORD_00447,HUB_NYC,SUP_KOREA,29-01-26,30-01-26,05-02-26,09-02-26,Delivered,25.92
FUL_00448,ORD_00448,HUB_NYC,SUP_USA_MID,25-03-26,26-03-26,30-03-26,30-03-26,Delivered,27.22
FUL_00449,ORD_00449,HUB_NYC,SUP_KOREA,01-01-26,02-01-26,09-01-26,12-01-26,Delivered,25.93
FUL_00450,ORD_00450,HUB_CHI,SUP_TAIWAN,12-05-26,16-05-26,23-05-26,24-05-26,Delivered,42.49
FUL_00451,ORD_00451,HUB_CHI,SUP_USA_MID,17-04-26,18-04-26,25-04-26,22-04-26,Delayed,21.84
FUL_00452,ORD_00452,HUB_LAX,SUP_USA_MID,01-02-26,02-02-26,05-02-26,06-02-26,Delivered,20.99
FUL_00453,ORD_00453,HUB_NYC,SUP_TAIWAN,27-04-26,28-04-26,03-05-26,06-05-26,Delivered,26.31
FUL_00454,ORD_00454,HUB_DFW,SUP_KOREA,21-04-26,22-04-26,25-04-26,02-05-26,Delivered,22.34
FUL_00455,ORD_00455,HUB_CHI,SUP_USA_MID,27-03-26,29-03-26,01-04-26,02-04-26,Delivered,32.61
FUL_00456,ORD_00456,HUB_NYC,SUP_USA_MID,29-04-26,02-05-26,09-05-26,06-05-26,Delayed,46.3
FUL_00457,ORD_00457,HUB_DFW,SUP_TAIWAN,19-06-26,20-06-26,27-06-26,28-06-26,Delivered,14.2
FUL_00458,ORD_00458,HUB_LAX,SUP_GLOBAL,17-06-26,18-06-26,07-07-26,02-07-26,Delayed,21.82
FUL_00459,ORD_00459,HUB_CHI,SUP_TAIWAN,25-03-26,27-03-26,03-04-26,04-04-26,Delivered,35.58
FUL_00460,ORD_00460,HUB_DFW,SUP_GLOBAL,23-06-26,24-06-26,08-07-26,08-07-26,Delivered,15.99
FUL_00461,ORD_00461,HUB_LAX,SUP_GLOBAL,12-03-26,13-03-26,29-03-26,27-03-26,Delayed,17.38
FUL_00462,ORD_00462,HUB_LAX,SUP_GLOBAL,23-03-26,26-03-26,12-04-26,09-04-26,Delayed,43.8
FUL_00463,ORD_00463,HUB_DFW,SUP_USA_MID,13-02-26,14-02-26,20-02-26,18-02-26,Delayed,22.29
FUL_00464,ORD_00464,HUB_LAX,SUP_TAIWAN,04-01-26,05-01-26,09-01-26,13-01-26,Delivered,25.27
FUL_00465,ORD_00465,HUB_DFW,SUP_USA_MID,07-02-26,09-02-26,14-02-26,13-02-26,Delayed,24.83
FUL_00466,ORD_00466,HUB_NYC,SUP_GLOBAL,01-06-26,03-06-26,23-06-26,17-06-26,Delayed,34.01
FUL_00467,ORD_00467,HUB_LAX,SUP_KOREA,23-04-26,25-04-26,01-05-26,05-05-26,Delivered,27.86
FUL_00468,ORD_00468,HUB_NYC,SUP_GLOBAL,07-06-26,09-06-26,28-06-26,23-06-26,Delayed,35.57
FUL_00469,ORD_00469,HUB_LAX,SUP_GLOBAL,24-04-26,26-04-26,18-05-26,10-05-26,Delayed,29.1
FUL_00470,ORD_00470,HUB_LAX,SUP_TAIWAN,21-06-26,22-06-26,29-06-26,30-06-26,Delivered,16.5
FUL_00471,ORD_00471,HUB_DFW,SUP_KOREA,13-06-26,14-06-26,22-06-26,24-06-26,Delivered,21.13
FUL_00472,ORD_00472,HUB_CHI,SUP_TAIWAN,24-02-26,28-02-26,07-03-26,08-03-26,Delivered,43.02
FUL_00473,ORD_00473,HUB_DFW,SUP_KOREA,17-04-26,19-04-26,27-04-26,29-04-26,Delivered,22.68
FUL_00474,ORD_00474,HUB_DFW,SUP_USA_MID,02-04-26,03-04-26,09-04-26,07-04-26,Delayed,25.04
FUL_00475,ORD_00475,HUB_DFW,SUP_GLOBAL,04-04-26,05-04-26,25-04-26,19-04-26,Delayed,20.08
FUL_00476,ORD_00476,HUB_NYC,SUP_GLOBAL,18-01-26,19-01-26,03-02-26,02-02-26,Delayed,27.87
FUL_00477,ORD_00477,HUB_DFW,SUP_KOREA,25-01-26,28-01-26,04-02-26,07-02-26,Delivered,40.22
FUL_00478,ORD_00478,HUB_DFW,SUP_GLOBAL,16-01-26,19-01-26,08-02-26,02-02-26,Delayed,33.01
FUL_00479,ORD_00479,HUB_LAX,SUP_GLOBAL,19-01-26,21-01-26,08-02-26,04-02-26,Delayed,27.15
FUL_00480,ORD_00480,HUB_DFW,SUP_TAIWAN,27-03-26,28-03-26,31-03-26,05-04-26,Delivered,26.1
FUL_00481,ORD_00481,HUB_CHI,SUP_TAIWAN,30-05-26,01-06-26,06-06-26,09-06-26,Delivered,32.85
FUL_00482,ORD_00482,HUB_LAX,SUP_GLOBAL,26-02-26,27-02-26,14-03-26,13-03-26,Delayed,22.09
FUL_00483,ORD_00483,HUB_NYC,SUP_KOREA,12-06-26,14-06-26,22-06-26,24-06-26,Delivered,37.36
FUL_00484,ORD_00484,HUB_LAX,SUP_USA_MID,29-05-26,31-05-26,08-06-26,04-06-26,Delayed,32.26
FUL_00485,ORD_00485,HUB_NYC,SUP_USA_MID,17-02-26,18-02-26,22-02-26,22-02-26,Delivered,16.73
FUL_00486,ORD_00486,HUB_DFW,SUP_KOREA,30-04-26,01-05-26,06-05-26,11-05-26,Delivered,13.97
FUL_00487,ORD_00487,HUB_NYC,SUP_GLOBAL,22-04-26,23-04-26,13-05-26,07-05-26,Delayed,26.78
FUL_00488,ORD_00488,HUB_CHI,SUP_GLOBAL,04-02-26,06-02-26,23-02-26,20-02-26,Delayed,25.93
FUL_00489,ORD_00489,HUB_NYC,SUP_KOREA,21-01-26,22-01-26,26-01-26,01-02-26,Delivered,18.96
FUL_00490,ORD_00490,HUB_NYC,SUP_GLOBAL,18-01-26,19-01-26,02-02-26,02-02-26,Delivered,25.87
FUL_00491,ORD_00491,HUB_CHI,SUP_USA_MID,10-04-26,14-04-26,21-04-26,18-04-26,Delayed,48.9
FUL_00492,ORD_00492,HUB_NYC,SUP_TAIWAN,22-06-26,24-06-26,28-06-26,02-07-26,Delivered,27.81
FUL_00493,ORD_00493,HUB_LAX,SUP_USA_MID,23-03-26,24-03-26,29-03-26,28-03-26,Delayed,20.79
FUL_00494,ORD_00494,HUB_DFW,SUP_GLOBAL,26-03-26,27-03-26,20-04-26,10-04-26,Delayed,15.93
FUL_00495,ORD_00495,HUB_CHI,SUP_KOREA,01-01-26,05-01-26,13-01-26,15-01-26,Delivered,46.36
FUL_00496,ORD_00496,HUB_DFW,SUP_TAIWAN,12-01-26,14-01-26,18-01-26,22-01-26,Delivered,32.14
FUL_00497,ORD_00497,HUB_NYC,SUP_TAIWAN,05-05-26,06-05-26,12-05-26,14-05-26,Delivered,20.69
FUL_00498,ORD_00498,HUB_DFW,SUP_USA_MID,24-02-26,26-02-26,04-03-26,02-03-26,Delayed,34
FUL_00499,ORD_00499,HUB_NYC,SUP_GLOBAL,07-03-26,08-03-26,30-03-26,22-03-26,Delayed,23.68
FUL_00500,ORD_00500,HUB_NYC,SUP_KOREA,20-05-26,21-05-26,26-05-26,31-05-26,Delivered,16.76
FUL_00501,ORD_00501,HUB_LAX,SUP_KOREA,22-04-26,23-04-26,26-04-26,03-05-26,Delivered,26
FUL_00502,ORD_00502,HUB_LAX,SUP_KOREA,03-02-26,04-02-26,09-02-26,14-02-26,Delivered,22.97
FUL_00503,ORD_00503,HUB_LAX,SUP_GLOBAL,15-02-26,17-02-26,11-03-26,03-03-26,Delayed,31.11
FUL_00504,ORD_00504,HUB_LAX,SUP_USA_MID,20-04-26,22-04-26,29-04-26,26-04-26,Delayed,26.24
FUL_00505,ORD_00505,HUB_DFW,SUP_TAIWAN,22-03-26,23-03-26,30-03-26,31-03-26,Delivered,20.22
FUL_00506,ORD_00506,HUB_DFW,SUP_TAIWAN,21-04-26,23-04-26,01-05-26,01-05-26,Delivered,31.77
FUL_00507,ORD_00507,HUB_NYC,SUP_USA_MID,08-04-26,10-04-26,13-04-26,14-04-26,Delivered,28.59
FUL_00508,ORD_00508,HUB_CHI,SUP_KOREA,20-01-26,21-01-26,29-01-26,31-01-26,Delivered,14.99
FUL_00509,ORD_00509,HUB_CHI,SUP_KOREA,17-02-26,24-02-26,01-03-26,06-03-26,Delivered,80.66
FUL_00510,ORD_00510,HUB_DFW,SUP_KOREA,02-02-26,03-02-26,10-02-26,13-02-26,Delivered,16.69
FUL_00511,ORD_00511,HUB_LAX,SUP_USA_MID,09-03-26,10-03-26,16-03-26,14-03-26,Delayed,21.99
FUL_00512,ORD_00512,HUB_LAX,SUP_KOREA,05-01-26,08-01-26,13-01-26,18-01-26,Delivered,42.62
FUL_00513,ORD_00513,HUB_CHI,SUP_KOREA,16-02-26,20-02-26,25-02-26,02-03-26,Delivered,47.89
FUL_00514,ORD_00514,HUB_LAX,SUP_KOREA,22-04-26,24-04-26,01-05-26,04-05-26,Delivered,38.32
FUL_00515,ORD_00515,HUB_CHI,SUP_TAIWAN,27-03-26,29-03-26,02-04-26,06-04-26,Delivered,27.45
FUL_00516,ORD_00516,HUB_NYC,SUP_TAIWAN,11-02-26,12-02-26,16-02-26,20-02-26,Delivered,23.47
FUL_00517,ORD_00517,HUB_NYC,SUP_KOREA,10-02-26,12-02-26,19-02-26,22-02-26,Delivered,29.96
FUL_00518,ORD_00518,HUB_NYC,SUP_USA_MID,04-03-26,05-03-26,11-03-26,09-03-26,Delayed,16.16
FUL_00519,ORD_00519,HUB_NYC,SUP_TAIWAN,06-03-26,09-03-26,13-03-26,17-03-26,Delivered,42.16
FUL_00520,ORD_00520,HUB_CHI,SUP_GLOBAL,11-06-26,15-06-26,01-07-26,29-06-26,Delayed,51.59
FUL_00521,ORD_00521,HUB_DFW,SUP_GLOBAL,02-01-26,05-01-26,20-01-26,19-01-26,Delayed,35.94
FUL_00522,ORD_00522,HUB_LAX,SUP_GLOBAL,16-03-26,17-03-26,09-04-26,31-03-26,Delayed,26.74
FUL_00523,ORD_00523,HUB_DFW,SUP_USA_MID,04-03-26,05-03-26,10-03-26,09-03-26,Delayed,16.8
FUL_00524,ORD_00524,HUB_DFW,SUP_USA_MID,02-04-26,04-04-26,10-04-26,08-04-26,Delayed,30.64
FUL_00525,ORD_00525,HUB_DFW,SUP_KOREA,14-01-26,15-01-26,18-01-26,25-01-26,Delivered,20.32
FUL_00526,ORD_00526,HUB_CHI,SUP_TAIWAN,19-06-26,21-06-26,24-06-26,29-06-26,Delivered,32.33
FUL_00527,ORD_00527,HUB_NYC,SUP_USA_MID,07-04-26,08-04-26,11-04-26,12-04-26,Delivered,25.37
FUL_00528,ORD_00528,HUB_DFW,SUP_USA_MID,19-05-26,21-05-26,27-05-26,25-05-26,Delayed,23.12
FUL_00529,ORD_00529,HUB_NYC,SUP_TAIWAN,26-04-26,27-04-26,30-04-26,05-05-26,Delivered,23
FUL_00530,ORD_00530,HUB_LAX,SUP_TAIWAN,13-05-26,14-05-26,19-05-26,22-05-26,Delivered,18.8
FUL_00531,ORD_00531,HUB_DFW,SUP_GLOBAL,22-02-26,23-02-26,17-03-26,09-03-26,Delayed,23.55
FUL_00532,ORD_00532,HUB_DFW,SUP_GLOBAL,15-06-26,16-06-26,06-07-26,30-06-26,Delayed,15.5
FUL_00533,ORD_00533,HUB_DFW,SUP_KOREA,17-05-26,19-05-26,23-05-26,29-05-26,Delivered,27.57
FUL_00534,ORD_00534,HUB_CHI,SUP_TAIWAN,16-01-26,17-01-26,25-01-26,25-01-26,Delivered,16.53
FUL_00535,ORD_00535,HUB_CHI,SUP_USA_MID,09-03-26,11-03-26,16-03-26,15-03-26,Delayed,34.38
FUL_00536,ORD_00536,HUB_NYC,SUP_TAIWAN,21-04-26,22-04-26,26-04-26,30-04-26,Delivered,20.53
FUL_00537,ORD_00537,HUB_CHI,SUP_GLOBAL,14-06-26,16-06-26,11-07-26,30-06-26,Returned,25.08
FUL_00538,ORD_00538,HUB_NYC,SUP_KOREA,04-04-26,05-04-26,08-04-26,15-04-26,Delivered,27
FUL_00539,ORD_00539,HUB_CHI,SUP_USA_MID,13-05-26,17-05-26,24-05-26,21-05-26,Delayed,43.59
FUL_00540,ORD_00540,HUB_NYC,SUP_GLOBAL,29-06-26,30-06-26,22-07-26,14-07-26,Delayed,24.75
FUL_00541,ORD_00541,HUB_LAX,SUP_KOREA,01-06-26,04-06-26,09-06-26,14-06-26,Delivered,44.09
FUL_00542,ORD_00542,HUB_LAX,SUP_USA_MID,12-02-26,13-02-26,21-02-26,17-02-26,Delayed,17.59
FUL_00543,ORD_00543,HUB_CHI,SUP_GLOBAL,04-05-26,06-05-26,30-05-26,20-05-26,Delayed,29.96
FUL_00544,ORD_00544,HUB_DFW,SUP_TAIWAN,17-02-26,18-02-26,21-02-26,26-02-26,Returned,16.91
FUL_00545,ORD_00545,HUB_DFW,SUP_KOREA,30-03-26,31-03-26,05-04-26,10-04-26,Delivered,25.43
FUL_00546,ORD_00546,HUB_LAX,SUP_TAIWAN,31-05-26,01-06-26,05-06-26,09-06-26,Delivered,24.09
FUL_00547,ORD_00547,HUB_CHI,SUP_USA_MID,14-03-26,21-03-26,25-03-26,25-03-26,Delivered,74.51
FUL_00548,ORD_00548,HUB_NYC,SUP_GLOBAL,27-06-26,28-06-26,13-07-26,12-07-26,Delayed,16.84
FUL_00549,ORD_00549,HUB_DFW,SUP_USA_MID,14-05-26,16-05-26,23-05-26,20-05-26,Delayed,23.28
FUL_00550,ORD_00550,HUB_LAX,SUP_TAIWAN,25-05-26,27-05-26,30-05-26,04-06-26,Delivered,36.64
FUL_00551,ORD_00551,HUB_DFW,SUP_GLOBAL,26-06-26,28-06-26,13-07-26,12-07-26,Delayed,25.06
FUL_00552,ORD_00552,HUB_NYC,SUP_GLOBAL,28-01-26,29-01-26,21-02-26,12-02-26,Delayed,27.25
FUL_00553,ORD_00553,HUB_LAX,SUP_USA_MID,28-03-26,30-03-26,03-04-26,03-04-26,Delivered,27.67
FUL_00554,ORD_00554,HUB_DFW,SUP_TAIWAN,25-02-26,26-02-26,01-03-26,06-03-26,Delivered,15.44
FUL_00555,ORD_00555,HUB_LAX,SUP_USA_MID,04-06-26,05-06-26,11-06-26,09-06-26,Delayed,21.72
FUL_00556,ORD_00556,HUB_NYC,SUP_GLOBAL,01-05-26,03-05-26,20-05-26,17-05-26,Delayed,29.05
FUL_00557,ORD_00557,HUB_CHI,SUP_USA_MID,09-03-26,10-03-26,18-03-26,14-03-26,Delayed,20.94
FUL_00558,ORD_00558,HUB_NYC,SUP_TAIWAN,31-03-26,01-04-26,09-04-26,09-04-26,Delivered,27.11
FUL_00559,ORD_00559,HUB_NYC,SUP_USA_MID,15-04-26,16-04-26,19-04-26,20-04-26,Delivered,23.91
FUL_00560,ORD_00560,HUB_CHI,SUP_USA_MID,06-02-26,08-02-26,14-02-26,12-02-26,Delayed,33.92
FUL_00561,ORD_00561,HUB_DFW,SUP_GLOBAL,24-05-26,25-05-26,14-06-26,08-06-26,Delayed,24.07
FUL_00562,ORD_00562,HUB_DFW,SUP_TAIWAN,03-01-26,04-01-26,09-01-26,12-01-26,Delivered,19.71
FUL_00563,ORD_00563,HUB_NYC,SUP_GLOBAL,19-02-26,21-02-26,17-03-26,07-03-26,Delayed,27.65
FUL_00564,ORD_00564,HUB_DFW,SUP_GLOBAL,08-02-26,09-02-26,02-03-26,23-02-26,Delayed,25.07
FUL_00565,ORD_00565,HUB_DFW,SUP_GLOBAL,17-03-26,18-03-26,04-04-26,01-04-26,Delayed,18.19
FUL_00566,ORD_00566,HUB_DFW,SUP_GLOBAL,16-05-26,17-05-26,08-06-26,31-05-26,Delayed,22.58
FUL_00567,ORD_00567,HUB_LAX,SUP_USA_MID,27-06-26,29-06-26,03-07-26,03-07-26,Delivered,30.54
FUL_00568,ORD_00568,HUB_CHI,SUP_TAIWAN,11-04-26,12-04-26,19-04-26,20-04-26,Delivered,26.66
FUL_00569,ORD_00569,HUB_NYC,SUP_USA_MID,21-01-26,24-01-26,27-01-26,28-01-26,Delivered,38.43
FUL_00570,ORD_00570,HUB_DFW,SUP_GLOBAL,11-01-26,12-01-26,02-02-26,26-01-26,Delayed,16.03
FUL_00571,ORD_00571,HUB_CHI,SUP_KOREA,10-02-26,14-02-26,22-02-26,24-02-26,Delivered,54.49
FUL_00572,ORD_00572,HUB_CHI,SUP_GLOBAL,25-03-26,27-03-26,16-04-26,10-04-26,Delayed,34.98
FUL_00573,ORD_00573,HUB_LAX,SUP_GLOBAL,14-02-26,15-02-26,01-03-26,01-03-26,Delivered,22.17
FUL_00574,ORD_00574,HUB_DFW,SUP_USA_MID,27-02-26,01-03-26,09-03-26,05-03-26,Delayed,28.98
FUL_00575,ORD_00575,HUB_LAX,SUP_USA_MID,30-03-26,31-03-26,05-04-26,04-04-26,Delayed,22.91
FUL_00576,ORD_00576,HUB_DFW,SUP_USA_MID,15-06-26,16-06-26,22-06-26,20-06-26,Delayed,26.1
FUL_00577,ORD_00577,HUB_DFW,SUP_TAIWAN,30-06-26,02-07-26,10-07-26,10-07-26,Delivered,32.54
FUL_00578,ORD_00578,HUB_LAX,SUP_GLOBAL,03-02-26,04-02-26,24-02-26,18-02-26,Delayed,18.82
FUL_00579,ORD_00579,HUB_CHI,SUP_KOREA,20-03-26,22-03-26,30-03-26,01-04-26,Delivered,27.23
FUL_00580,ORD_00580,HUB_LAX,SUP_TAIWAN,25-05-26,27-05-26,02-06-26,04-06-26,Returned,30.76
FUL_00581,ORD_00581,HUB_CHI,SUP_USA_MID,18-03-26,20-03-26,26-03-26,24-03-26,Delayed,31.61
FUL_00582,ORD_00582,HUB_DFW,SUP_GLOBAL,11-05-26,12-05-26,01-06-26,26-05-26,Delayed,16.17
FUL_00583,ORD_00583,HUB_NYC,SUP_KOREA,14-01-26,15-01-26,20-01-26,25-01-26,Delivered,25.68
FUL_00584,ORD_00584,HUB_DFW,SUP_KOREA,27-04-26,29-04-26,06-05-26,09-05-26,Delivered,32.34
FUL_00585,ORD_00585,HUB_CHI,SUP_USA_MID,31-05-26,04-06-26,08-06-26,08-06-26,Delivered,47.01
FUL_00586,ORD_00586,HUB_CHI,SUP_GLOBAL,07-01-26,09-01-26,26-01-26,23-01-26,Delayed,27.17
FUL_00587,ORD_00587,HUB_NYC,SUP_GLOBAL,27-05-26,30-05-26,20-06-26,13-06-26,Delayed,43.81
FUL_00588,ORD_00588,HUB_CHI,SUP_USA_MID,24-03-26,25-03-26,28-03-26,29-03-26,Delivered,15.72
FUL_00589,ORD_00589,HUB_LAX,SUP_GLOBAL,02-01-26,04-01-26,23-01-26,18-01-26,Delayed,37.5
FUL_00590,ORD_00590,HUB_LAX,SUP_GLOBAL,21-02-26,24-02-26,13-03-26,10-03-26,Delayed,47.56
FUL_00591,ORD_00591,HUB_CHI,SUP_KOREA,13-02-26,17-02-26,23-02-26,27-02-26,Delivered,44.51
FUL_00592,ORD_00592,HUB_LAX,SUP_KOREA,20-02-26,21-02-26,26-02-26,03-03-26,Delivered,20.54
FUL_00593,ORD_00593,HUB_CHI,SUP_KOREA,19-05-26,26-05-26,02-06-26,05-06-26,Delivered,75.68
FUL_00594,ORD_00594,HUB_NYC,SUP_USA_MID,24-03-26,25-03-26,29-03-26,29-03-26,Delivered,28.77
FUL_00595,ORD_00595,HUB_LAX,SUP_TAIWAN,03-05-26,04-05-26,10-05-26,12-05-26,Delivered,24.58
FUL_00596,ORD_00596,HUB_LAX,SUP_USA_MID,02-02-26,03-02-26,10-02-26,07-02-26,Delayed,17.78
FUL_00597,ORD_00597,HUB_NYC,SUP_TAIWAN,16-06-26,17-06-26,23-06-26,25-06-26,Returned,25.65
FUL_00598,ORD_00598,HUB_DFW,SUP_TAIWAN,27-05-26,28-05-26,05-06-26,05-06-26,Delivered,16.97
FUL_00599,ORD_00599,HUB_DFW,SUP_KOREA,29-01-26,30-01-26,03-02-26,09-02-26,Delivered,13.25
FUL_00600,ORD_00600,HUB_CHI,SUP_USA_MID,09-01-26,11-01-26,17-01-26,15-01-26,Delayed,27.23
FUL_00601,ORD_00601,HUB_NYC,SUP_USA_MID,12-04-26,13-04-26,19-04-26,17-04-26,Delayed,26.85
FUL_00602,ORD_00602,HUB_LAX,SUP_USA_MID,11-01-26,12-01-26,17-01-26,16-01-26,Delayed,15.7
FUL_00603,ORD_00603,HUB_LAX,SUP_GLOBAL,22-05-26,23-05-26,07-06-26,06-06-26,Delayed,26.41
FUL_00604,ORD_00604,HUB_LAX,SUP_KOREA,22-01-26,23-01-26,30-01-26,02-02-26,Delivered,23.89
FUL_00605,ORD_00605,HUB_CHI,SUP_KOREA,25-02-26,26-02-26,03-03-26,08-03-26,Delivered,26.25
FUL_00606,ORD_00606,HUB_LAX,SUP_GLOBAL,02-06-26,03-06-26,28-06-26,17-06-26,Delayed,23.51
FUL_00607,ORD_00607,HUB_DFW,SUP_TAIWAN,13-01-26,14-01-26,19-01-26,22-01-26,Delivered,21.88
FUL_00608,ORD_00608,HUB_CHI,SUP_TAIWAN,15-02-26,22-02-26,02-03-26,02-03-26,Delivered,78.86
FUL_00609,ORD_00609,HUB_DFW,SUP_TAIWAN,30-06-26,02-07-26,07-07-26,10-07-26,Delivered,31.78
FUL_00610,ORD_00610,HUB_NYC,SUP_KOREA,06-06-26,08-06-26,15-06-26,18-06-26,Delivered,37.13
FUL_00611,ORD_00611,HUB_LAX,SUP_TAIWAN,13-02-26,15-02-26,21-02-26,23-02-26,Delivered,29.92
FUL_00612,ORD_00612,HUB_DFW,SUP_KOREA,27-03-26,29-03-26,03-04-26,08-04-26,Returned,26.44
FUL_00613,ORD_00613,HUB_NYC,SUP_TAIWAN,08-01-26,10-01-26,18-01-26,18-01-26,Delivered,34.43
FUL_00614,ORD_00614,HUB_NYC,SUP_GLOBAL,03-04-26,06-04-26,20-04-26,20-04-26,Delivered,49.4
FUL_00615,ORD_00615,HUB_CHI,SUP_GLOBAL,27-06-26,28-06-26,20-07-26,12-07-26,Delayed,22.29
FUL_00616,ORD_00616,HUB_DFW,SUP_GLOBAL,05-06-26,07-06-26,30-06-26,21-06-26,Delayed,27.14
FUL_00617,ORD_00617,HUB_LAX,SUP_USA_MID,19-05-26,20-05-26,25-05-26,24-05-26,Delayed,24.16
FUL_00618,ORD_00618,HUB_NYC,SUP_GLOBAL,06-04-26,07-04-26,25-04-26,21-04-26,Delayed,17.51
FUL_00619,ORD_00619,HUB_NYC,SUP_TAIWAN,11-05-26,12-05-26,16-05-26,20-05-26,Delivered,22.66
FUL_00620,ORD_00620,HUB_DFW,SUP_TAIWAN,06-01-26,08-01-26,14-01-26,16-01-26,Delivered,28.39
FUL_00621,ORD_00621,HUB_DFW,SUP_USA_MID,29-01-26,30-01-26,02-02-26,03-02-26,Returned,26.11
FUL_00622,ORD_00622,HUB_CHI,SUP_TAIWAN,23-01-26,27-01-26,02-02-26,04-02-26,Delivered,47.46
FUL_00623,ORD_00623,HUB_CHI,SUP_USA_MID,14-02-26,18-02-26,25-02-26,22-02-26,Delayed,52.27
FUL_00624,ORD_00624,HUB_LAX,SUP_USA_MID,10-05-26,12-05-26,15-05-26,16-05-26,Delivered,30.28
FUL_00625,ORD_00625,HUB_CHI,SUP_GLOBAL,27-04-26,01-05-26,23-05-26,15-05-26,Delayed,53.37
FUL_00626,ORD_00626,HUB_LAX,SUP_GLOBAL,25-06-26,26-06-26,17-07-26,10-07-26,Delayed,23.34
FUL_00627,ORD_00627,HUB_CHI,SUP_KOREA,24-05-26,26-05-26,03-06-26,05-06-26,Delivered,32.49
FUL_00628,ORD_00628,HUB_CHI,SUP_USA_MID,10-01-26,12-01-26,17-01-26,16-01-26,Delayed,35.62
FUL_00629,ORD_00629,HUB_CHI,SUP_KOREA,17-05-26,21-05-26,27-05-26,31-05-26,Delivered,46.66
FUL_00630,ORD_00630,HUB_NYC,SUP_USA_MID,07-01-26,10-01-26,15-01-26,14-01-26,Delayed,38.15
FUL_00631,ORD_00631,HUB_CHI,SUP_TAIWAN,13-01-26,15-01-26,20-01-26,23-01-26,Delivered,28.9
FUL_00632,ORD_00632,HUB_CHI,SUP_KOREA,15-01-26,19-01-26,24-01-26,29-01-26,Delivered,45.21
FUL_00633,ORD_00633,HUB_DFW,SUP_KOREA,11-04-26,12-04-26,17-04-26,22-04-26,Delivered,16.27
FUL_00634,ORD_00634,HUB_LAX,SUP_TAIWAN,07-06-26,08-06-26,16-06-26,16-06-26,Delivered,19.82
FUL_00635,ORD_00635,HUB_CHI,SUP_TAIWAN,08-01-26,12-01-26,20-01-26,20-01-26,Delivered,42.17
FUL_00636,ORD_00636,HUB_NYC,SUP_USA_MID,26-02-26,27-02-26,04-03-26,03-03-26,Delayed,28.1
FUL_00637,ORD_00637,HUB_DFW,SUP_GLOBAL,23-06-26,25-06-26,16-07-26,09-07-26,Delayed,25.77
FUL_00638,ORD_00638,HUB_DFW,SUP_USA_MID,01-04-26,02-04-26,10-04-26,06-04-26,Delayed,13.51
FUL_00639,ORD_00639,HUB_DFW,SUP_TAIWAN,07-06-26,09-06-26,14-06-26,17-06-26,Delivered,28.91
FUL_00640,ORD_00640,HUB_NYC,SUP_KOREA,14-03-26,15-03-26,19-03-26,25-03-26,Delivered,22.63
FUL_00641,ORD_00641,HUB_LAX,SUP_USA_MID,08-04-26,09-04-26,13-04-26,13-04-26,Delivered,27.38
FUL_00642,ORD_00642,HUB_DFW,SUP_TAIWAN,27-05-26,29-05-26,05-06-26,06-06-26,Delivered,29.4
FUL_00643,ORD_00643,HUB_LAX,SUP_USA_MID,09-02-26,10-02-26,13-02-26,14-02-26,Delivered,22.35
FUL_00644,ORD_00644,HUB_LAX,SUP_USA_MID,27-03-26,28-03-26,03-04-26,01-04-26,Delayed,24.17
FUL_00645,ORD_00645,HUB_DFW,SUP_KOREA,03-04-26,04-04-26,08-04-26,14-04-26,Delivered,17.56
FUL_00646,ORD_00646,HUB_LAX,SUP_USA_MID,25-06-26,27-06-26,05-07-26,01-07-26,Delayed,30.69
FUL_00647,ORD_00647,HUB_DFW,SUP_GLOBAL,20-06-26,22-06-26,15-07-26,06-07-26,Delayed,29.16
FUL_00648,ORD_00648,HUB_NYC,SUP_KOREA,01-02-26,04-02-26,10-02-26,14-02-26,Delivered,50.31
FUL_00649,ORD_00649,HUB_CHI,SUP_USA_MID,10-01-26,14-01-26,20-01-26,18-01-26,Delayed,52.16
FUL_00650,ORD_00650,HUB_LAX,SUP_TAIWAN,24-03-26,25-03-26,29-03-26,02-04-26,Delivered,24.35
FUL_00651,ORD_00651,HUB_NYC,SUP_TAIWAN,17-02-26,19-02-26,25-02-26,27-02-26,Delivered,31.38
FUL_00652,ORD_00652,HUB_DFW,SUP_GLOBAL,11-03-26,12-03-26,06-04-26,26-03-26,Delayed,14.18
FUL_00653,ORD_00653,HUB_CHI,SUP_KOREA,30-01-26,06-02-26,09-02-26,16-02-26,Delivered,72.38
FUL_00654,ORD_00654,HUB_NYC,SUP_TAIWAN,01-06-26,03-06-26,11-06-26,11-06-26,Delivered,29.57
FUL_00655,ORD_00655,HUB_CHI,SUP_GLOBAL,08-04-26,09-04-26,26-04-26,23-04-26,Delayed,23.34
FUL_00656,ORD_00656,HUB_LAX,SUP_USA_MID,23-05-26,26-05-26,03-06-26,30-05-26,Delayed,41.64
FUL_00657,ORD_00657,HUB_LAX,SUP_USA_MID,05-02-26,06-02-26,12-02-26,10-02-26,Delayed,18.33
FUL_00658,ORD_00658,HUB_LAX,SUP_KOREA,11-01-26,13-01-26,21-01-26,23-01-26,Delivered,31.73
FUL_00659,ORD_00659,HUB_NYC,SUP_USA_MID,21-03-26,22-03-26,25-03-26,26-03-26,Delivered,19.95
FUL_00660,ORD_00660,HUB_CHI,SUP_GLOBAL,09-01-26,13-01-26,28-01-26,27-01-26,Delayed,50.37
FUL_00661,ORD_00661,HUB_CHI,SUP_GLOBAL,18-02-26,19-02-26,11-03-26,05-03-26,Delayed,19.25
FUL_00662,ORD_00662,HUB_CHI,SUP_TAIWAN,19-06-26,20-06-26,28-06-26,28-06-26,Delivered,20.57
FUL_00663,ORD_00663,HUB_CHI,SUP_USA_MID,01-06-26,05-06-26,11-06-26,09-06-26,Delayed,45.4
FUL_00664,ORD_00664,HUB_LAX,SUP_KOREA,22-04-26,23-04-26,01-05-26,03-05-26,Delivered,17.31
FUL_00665,ORD_00665,HUB_NYC,SUP_USA_MID,20-05-26,21-05-26,29-05-26,25-05-26,Delayed,28.15
FUL_00666,ORD_00666,HUB_CHI,SUP_TAIWAN,03-01-26,07-01-26,10-01-26,15-01-26,Delivered,51.25
FUL_00667,ORD_00667,HUB_NYC,SUP_KOREA,06-04-26,08-04-26,11-04-26,18-04-26,Delivered,34.76
FUL_00668,ORD_00668,HUB_LAX,SUP_GLOBAL,12-03-26,13-03-26,27-03-26,27-03-26,Delivered,23.72
FUL_00669,ORD_00669,HUB_LAX,SUP_GLOBAL,26-06-26,27-06-26,14-07-26,11-07-26,Delayed,26.38
FUL_00670,ORD_00670,HUB_LAX,SUP_KOREA,24-02-26,25-02-26,05-03-26,07-03-26,Delivered,23.94
FUL_00671,ORD_00671,HUB_NYC,SUP_KOREA,04-03-26,05-03-26,08-03-26,15-03-26,Delivered,22.23
FUL_00672,ORD_00672,HUB_DFW,SUP_KOREA,13-04-26,15-04-26,22-04-26,25-04-26,Delivered,22.97
FUL_00673,ORD_00673,HUB_NYC,SUP_KOREA,26-03-26,27-03-26,03-04-26,06-04-26,Delivered,17.82
FUL_00674,ORD_00674,HUB_CHI,SUP_USA_MID,20-02-26,21-02-26,28-02-26,25-02-26,Delayed,17.98
FUL_00675,ORD_00675,HUB_NYC,SUP_USA_MID,08-04-26,10-04-26,13-04-26,14-04-26,Delivered,34.73
FUL_00676,ORD_00676,HUB_CHI,SUP_USA_MID,10-04-26,14-04-26,18-04-26,18-04-26,Delivered,46.85
FUL_00677,ORD_00677,HUB_NYC,SUP_KOREA,24-04-26,26-04-26,01-05-26,06-05-26,Delivered,29.32
FUL_00678,ORD_00678,HUB_CHI,SUP_GLOBAL,11-02-26,13-02-26,09-03-26,27-02-26,Delayed,24.97
FUL_00679,ORD_00679,HUB_CHI,SUP_TAIWAN,01-02-26,08-02-26,13-02-26,16-02-26,Delivered,77.86
FUL_00680,ORD_00680,HUB_DFW,SUP_KOREA,25-06-26,26-06-26,01-07-26,06-07-26,Delivered,16.53
FUL_00681,ORD_00681,HUB_CHI,SUP_KOREA,06-01-26,08-01-26,11-01-26,18-01-26,Delivered,26.76
FUL_00682,ORD_00682,HUB_LAX,SUP_USA_MID,11-03-26,13-03-26,16-03-26,17-03-26,Delivered,33.84
FUL_00683,ORD_00683,HUB_DFW,SUP_TAIWAN,15-01-26,17-01-26,20-01-26,25-01-26,Delivered,23
FUL_00684,ORD_00684,HUB_NYC,SUP_TAIWAN,11-03-26,12-03-26,20-03-26,20-03-26,Delivered,22.13
FUL_00685,ORD_00685,HUB_DFW,SUP_USA_MID,21-01-26,23-01-26,28-01-26,27-01-26,Delayed,34
FUL_00686,ORD_00686,HUB_CHI,SUP_GLOBAL,21-04-26,23-04-26,16-05-26,07-05-26,Delayed,24.96
FUL_00687,ORD_00687,HUB_DFW,SUP_USA_MID,28-01-26,29-01-26,01-02-26,02-02-26,Delivered,15.56
FUL_00688,ORD_00688,HUB_CHI,SUP_USA_MID,19-04-26,23-04-26,29-04-26,27-04-26,Delayed,53.8
FUL_00689,ORD_00689,HUB_DFW,SUP_GLOBAL,10-01-26,11-01-26,05-02-26,25-01-26,Delayed,20.79
FUL_00690,ORD_00690,HUB_NYC,SUP_USA_MID,23-06-26,24-06-26,27-06-26,28-06-26,Delivered,28.74
FUL_00691,ORD_00691,HUB_CHI,SUP_GLOBAL,21-02-26,23-02-26,09-03-26,09-03-26,Delivered,35.87
FUL_00692,ORD_00692,HUB_LAX,SUP_KOREA,07-01-26,09-01-26,17-01-26,19-01-26,Delivered,37.78
FUL_00693,ORD_00693,HUB_LAX,SUP_GLOBAL,04-05-26,05-05-26,22-05-26,19-05-26,Delayed,19.18
FUL_00694,ORD_00694,HUB_CHI,SUP_TAIWAN,30-06-26,07-07-26,11-07-26,15-07-26,Delivered,76.29
FUL_00695,ORD_00695,HUB_CHI,SUP_KOREA,22-06-26,29-06-26,05-07-26,09-07-26,Delivered,72.12
FUL_00696,ORD_00696,HUB_CHI,SUP_GLOBAL,05-01-26,06-01-26,25-01-26,20-01-26,Delayed,20.29
FUL_00697,ORD_00697,HUB_DFW,SUP_TAIWAN,21-01-26,23-01-26,28-01-26,31-01-26,Delivered,31.04
FUL_00698,ORD_00698,HUB_CHI,SUP_KOREA,10-03-26,11-03-26,19-03-26,21-03-26,Delivered,17.86
FUL_00699,ORD_00699,HUB_CHI,SUP_TAIWAN,27-03-26,03-04-26,07-04-26,11-04-26,Delivered,78.37
FUL_00700,ORD_00700,HUB_DFW,SUP_GLOBAL,29-06-26,01-07-26,22-07-26,15-07-26,Delayed,23.99
FUL_00701,ORD_00701,HUB_CHI,SUP_USA_MID,03-02-26,05-02-26,13-02-26,09-02-26,Delayed,25.47
FUL_00702,ORD_00702,HUB_LAX,SUP_GLOBAL,27-02-26,28-02-26,24-03-26,14-03-26,Delayed,18.26
FUL_00703,ORD_00703,HUB_DFW,SUP_TAIWAN,08-04-26,09-04-26,12-04-26,17-04-26,Delivered,18.04
FUL_00704,ORD_00704,HUB_DFW,SUP_KOREA,23-01-26,24-01-26,27-01-26,03-02-26,Delivered,14.37
FUL_00705,ORD_00705,HUB_DFW,SUP_KOREA,01-03-26,02-03-26,10-03-26,12-03-26,Delivered,17.33
FUL_00706,ORD_00706,HUB_NYC,SUP_KOREA,25-02-26,26-02-26,03-03-26,08-03-26,Delivered,23.79
FUL_00707,ORD_00707,HUB_CHI,SUP_GLOBAL,14-02-26,16-02-26,03-03-26,02-03-26,Delayed,32.39
FUL_00708,ORD_00708,HUB_LAX,SUP_TAIWAN,25-01-26,26-01-26,31-01-26,03-02-26,Delivered,19.16
FUL_00709,ORD_00709,HUB_LAX,SUP_GLOBAL,10-02-26,11-02-26,02-03-26,25-02-26,Delayed,25.42
FUL_00710,ORD_00710,HUB_NYC,SUP_USA_MID,16-04-26,18-04-26,23-04-26,22-04-26,Delayed,38.41
FUL_00711,ORD_00711,HUB_CHI,SUP_TAIWAN,01-03-26,02-03-26,08-03-26,10-03-26,Delivered,16.92
FUL_00712,ORD_00712,HUB_LAX,SUP_TAIWAN,06-03-26,07-03-26,14-03-26,15-03-26,Delivered,19.23
FUL_00713,ORD_00713,HUB_NYC,SUP_TAIWAN,19-04-26,20-04-26,28-04-26,28-04-26,Delivered,24.41
FUL_00714,ORD_00714,HUB_DFW,SUP_KOREA,16-06-26,18-06-26,22-06-26,28-06-26,Delivered,29.07
FUL_00715,ORD_00715,HUB_DFW,SUP_GLOBAL,19-01-26,20-01-26,12-02-26,03-02-26,Delayed,14.43
FUL_00716,ORD_00716,HUB_DFW,SUP_GLOBAL,09-01-26,10-01-26,24-01-26,24-01-26,Delivered,20.54
FUL_00717,ORD_00717,HUB_DFW,SUP_GLOBAL,16-02-26,18-02-26,08-03-26,04-03-26,Returned,26.54
FUL_00718,ORD_00718,HUB_DFW,SUP_TAIWAN,23-03-26,24-03-26,28-03-26,01-04-26,Delivered,20.6
FUL_00719,ORD_00719,HUB_LAX,SUP_TAIWAN,01-04-26,03-04-26,06-04-26,11-04-26,Delivered,30.22
FUL_00720,ORD_00720,HUB_CHI,SUP_USA_MID,05-05-26,07-05-26,11-05-26,11-05-26,Delivered,31.65
FUL_00721,ORD_00721,HUB_DFW,SUP_USA_MID,02-02-26,03-02-26,10-02-26,07-02-26,Delayed,19.06
FUL_00722,ORD_00722,HUB_NYC,SUP_GLOBAL,21-06-26,22-06-26,06-07-26,06-07-26,Delivered,24.01
FUL_00723,ORD_00723,HUB_NYC,SUP_KOREA,19-01-26,22-01-26,26-01-26,01-02-26,Delivered,41.99
FUL_00724,ORD_00724,HUB_CHI,SUP_USA_MID,11-05-26,15-05-26,18-05-26,19-05-26,Returned,44.31
FUL_00725,ORD_00725,HUB_DFW,SUP_KOREA,13-05-26,14-05-26,18-05-26,24-05-26,Delivered,14.76
FUL_00726,ORD_00726,HUB_CHI,SUP_GLOBAL,14-01-26,18-01-26,09-02-26,01-02-26,Delayed,54.71
FUL_00727,ORD_00727,HUB_NYC,SUP_USA_MID,19-01-26,21-01-26,24-01-26,25-01-26,Delivered,35.49
FUL_00728,ORD_00728,HUB_DFW,SUP_GLOBAL,13-04-26,14-04-26,03-05-26,28-04-26,Delayed,25.21
FUL_00729,ORD_00729,HUB_CHI,SUP_KOREA,11-01-26,15-01-26,23-01-26,25-01-26,Delivered,44.63
FUL_00730,ORD_00730,HUB_DFW,SUP_TAIWAN,16-05-26,17-05-26,22-05-26,25-05-26,Delivered,20.7
FUL_00731,ORD_00731,HUB_CHI,SUP_KOREA,04-01-26,06-01-26,12-01-26,16-01-26,Delivered,30.65
FUL_00732,ORD_00732,HUB_NYC,SUP_USA_MID,26-04-26,27-04-26,01-05-26,01-05-26,Delivered,24.59
FUL_00733,ORD_00733,HUB_DFW,SUP_USA_MID,05-05-26,06-05-26,11-05-26,10-05-26,Delayed,25.9
FUL_00734,ORD_00734,HUB_NYC,SUP_TAIWAN,14-06-26,15-06-26,18-06-26,23-06-26,Returned,23.79
FUL_00735,ORD_00735,HUB_NYC,SUP_USA_MID,04-01-26,05-01-26,11-01-26,09-01-26,Delayed,26.24
FUL_00736,ORD_00736,HUB_CHI,SUP_USA_MID,06-01-26,08-01-26,16-01-26,12-01-26,Delayed,32.17
FUL_00737,ORD_00737,HUB_CHI,SUP_USA_MID,01-05-26,03-05-26,07-05-26,07-05-26,Delivered,31.19
FUL_00738,ORD_00738,HUB_CHI,SUP_TAIWAN,15-04-26,17-04-26,21-04-26,25-04-26,Delivered,29.65
FUL_00739,ORD_00739,HUB_CHI,SUP_GLOBAL,29-05-26,02-06-26,26-06-26,16-06-26,Delayed,44.85
FUL_00740,ORD_00740,HUB_DFW,SUP_TAIWAN,28-06-26,29-06-26,05-07-26,07-07-26,Delivered,20.33
FUL_00741,ORD_00741,HUB_NYC,SUP_GLOBAL,14-05-26,15-05-26,09-06-26,29-05-26,Delayed,21.69
FUL_00742,ORD_00742,HUB_DFW,SUP_USA_MID,14-01-26,15-01-26,19-01-26,19-01-26,Delivered,18.68
FUL_00743,ORD_00743,HUB_DFW,SUP_USA_MID,06-04-26,08-04-26,13-04-26,12-04-26,Delayed,32.38
FUL_00744,ORD_00744,HUB_NYC,SUP_USA_MID,15-02-26,16-02-26,21-02-26,20-02-26,Delayed,17.09
FUL_00745,ORD_00745,HUB_NYC,SUP_TAIWAN,20-06-26,22-06-26,28-06-26,30-06-26,Delivered,32.07
FUL_00746,ORD_00746,HUB_LAX,SUP_USA_MID,18-04-26,20-04-26,28-04-26,24-04-26,Delayed,29.61
FUL_00747,ORD_00747,HUB_LAX,SUP_KOREA,04-04-26,06-04-26,11-04-26,16-04-26,Delivered,27.36
FUL_00748,ORD_00748,HUB_NYC,SUP_USA_MID,02-06-26,03-06-26,10-06-26,07-06-26,Delayed,18.04
FUL_00749,ORD_00749,HUB_NYC,SUP_TAIWAN,17-03-26,20-03-26,24-03-26,28-03-26,Delivered,42.38
FUL_00750,ORD_00750,HUB_CHI,SUP_TAIWAN,28-05-26,01-06-26,07-06-26,09-06-26,Delivered,51.43
FUL_00751,ORD_00751,HUB_DFW,SUP_KOREA,25-01-26,27-01-26,31-01-26,06-02-26,Delivered,27.73
FUL_00752,ORD_00752,HUB_NYC,SUP_USA_MID,05-04-26,06-04-26,09-04-26,10-04-26,Delivered,27.68
FUL_00753,ORD_00753,HUB_CHI,SUP_GLOBAL,02-04-26,03-04-26,19-04-26,17-04-26,Delayed,24.53
FUL_00754,ORD_00754,HUB_DFW,SUP_KOREA,20-01-26,22-01-26,27-01-26,01-02-26,Delivered,24.56
FUL_00755,ORD_00755,HUB_CHI,SUP_GLOBAL,18-04-26,22-04-26,13-05-26,06-05-26,Returned,47.57
FUL_00756,ORD_00756,HUB_DFW,SUP_TAIWAN,12-03-26,15-03-26,20-03-26,23-03-26,Delivered,30.01
FUL_00757,ORD_00757,HUB_NYC,SUP_GLOBAL,07-02-26,08-02-26,04-03-26,22-02-26,Delayed,17.32
FUL_00758,ORD_00758,HUB_DFW,SUP_GLOBAL,11-05-26,12-05-26,06-06-26,26-05-26,Delayed,15.74
FUL_00759,ORD_00759,HUB_DFW,SUP_GLOBAL,09-04-26,12-04-26,30-04-26,26-04-26,Delayed,38.38
FUL_00760,ORD_00760,HUB_CHI,SUP_KOREA,10-05-26,14-05-26,22-05-26,24-05-26,Delivered,46.18
FUL_00761,ORD_00761,HUB_LAX,SUP_GLOBAL,29-03-26,30-03-26,19-04-26,13-04-26,Delayed,16.32
FUL_00762,ORD_00762,HUB_CHI,SUP_USA_MID,16-04-26,17-04-26,21-04-26,21-04-26,Delivered,24.91
FUL_00763,ORD_00763,HUB_DFW,SUP_KOREA,07-04-26,09-04-26,17-04-26,19-04-26,Delivered,22.9
FUL_00764,ORD_00764,HUB_LAX,SUP_GLOBAL,05-06-26,06-06-26,24-06-26,20-06-26,Delayed,26.22
FUL_00765,ORD_00765,HUB_LAX,SUP_KOREA,01-01-26,02-01-26,07-01-26,12-01-26,Delivered,15.92
FUL_00766,ORD_00766,HUB_LAX,SUP_USA_MID,08-01-26,09-01-26,15-01-26,13-01-26,Returned,15.97
FUL_00767,ORD_00767,HUB_LAX,SUP_GLOBAL,30-06-26,01-07-26,25-07-26,15-07-26,Delayed,24.44
FUL_00768,ORD_00768,HUB_LAX,SUP_USA_MID,02-04-26,03-04-26,07-04-26,07-04-26,Delivered,19.03
FUL_00769,ORD_00769,HUB_CHI,SUP_USA_MID,18-02-26,20-02-26,24-02-26,24-02-26,Delivered,27.1
FUL_00770,ORD_00770,HUB_DFW,SUP_GLOBAL,14-03-26,15-03-26,02-04-26,29-03-26,Delayed,20.56
FUL_00771,ORD_00771,HUB_CHI,SUP_GLOBAL,12-05-26,14-05-26,29-05-26,28-05-26,Delayed,29.51
FUL_00772,ORD_00772,HUB_CHI,SUP_KOREA,16-04-26,20-04-26,25-04-26,30-04-26,Delivered,53.05
FUL_00773,ORD_00773,HUB_NYC,SUP_GLOBAL,18-05-26,19-05-26,13-06-26,02-06-26,Delayed,28.73
FUL_00774,ORD_00774,HUB_CHI,SUP_TAIWAN,21-03-26,22-03-26,25-03-26,30-03-26,Delivered,21.87
FUL_00775,ORD_00775,HUB_DFW,SUP_GLOBAL,03-02-26,05-02-26,02-03-26,19-02-26,Delayed,24.33
FUL_00776,ORD_00776,HUB_CHI,SUP_TAIWAN,20-05-26,22-05-26,25-05-26,30-05-26,Delivered,27.61
FUL_00777,ORD_00777,HUB_DFW,SUP_USA_MID,30-01-26,31-01-26,04-02-26,04-02-26,Delivered,21.68
FUL_00778,ORD_00778,HUB_CHI,SUP_KOREA,24-01-26,25-01-26,29-01-26,04-02-26,Delivered,15.94
FUL_00779,ORD_00779,HUB_CHI,SUP_TAIWAN,01-06-26,03-06-26,09-06-26,11-06-26,Delivered,26.17
FUL_00780,ORD_00780,HUB_DFW,SUP_USA_MID,11-05-26,12-05-26,18-05-26,16-05-26,Delayed,17.49
FUL_00781,ORD_00781,HUB_NYC,SUP_USA_MID,17-06-26,18-06-26,25-06-26,22-06-26,Delayed,19.2
FUL_00782,ORD_00782,HUB_DFW,SUP_GLOBAL,03-01-26,04-01-26,25-01-26,18-01-26,Delayed,22.05
FUL_00783,ORD_00783,HUB_CHI,SUP_TAIWAN,02-01-26,04-01-26,12-01-26,12-01-26,Delivered,30.3
FUL_00784,ORD_00784,HUB_CHI,SUP_USA_MID,14-01-26,18-01-26,21-01-26,22-01-26,Delivered,51.69
FUL_00785,ORD_00785,HUB_NYC,SUP_GLOBAL,06-02-26,08-02-26,02-03-26,22-02-26,Delayed,32.75
FUL_00786,ORD_00786,HUB_LAX,SUP_TAIWAN,15-05-26,17-05-26,24-05-26,25-05-26,Delivered,35.64
FUL_00787,ORD_00787,HUB_CHI,SUP_KOREA,12-05-26,19-05-26,23-05-26,29-05-26,Delivered,73.01
FUL_00788,ORD_00788,HUB_CHI,SUP_USA_MID,19-05-26,23-05-26,28-05-26,27-05-26,Delayed,54.26
FUL_00789,ORD_00789,HUB_CHI,SUP_GLOBAL,16-03-26,18-03-26,08-04-26,01-04-26,Delayed,27.81
FUL_00790,ORD_00790,HUB_CHI,SUP_GLOBAL,22-02-26,26-02-26,12-03-26,12-03-26,Delivered,51.62
FUL_00791,ORD_00791,HUB_CHI,SUP_TAIWAN,17-04-26,19-04-26,23-04-26,27-04-26,Delivered,28.1
FUL_00792,ORD_00792,HUB_LAX,SUP_GLOBAL,27-04-26,28-04-26,12-05-26,12-05-26,Delivered,18.23
FUL_00793,ORD_00793,HUB_NYC,SUP_TAIWAN,26-02-26,01-03-26,08-03-26,09-03-26,Delivered,44.58
FUL_00794,ORD_00794,HUB_LAX,SUP_USA_MID,20-04-26,21-04-26,24-04-26,25-04-26,Delivered,17.53
FUL_00795,ORD_00795,HUB_CHI,SUP_TAIWAN,26-01-26,30-01-26,02-02-26,07-02-26,Delivered,49.53
FUL_00796,ORD_00796,HUB_CHI,SUP_KOREA,20-06-26,22-06-26,30-06-26,02-07-26,Delivered,24.57
FUL_00797,ORD_00797,HUB_LAX,SUP_KOREA,02-02-26,04-02-26,12-02-26,14-02-26,Returned,38.06
FUL_00798,ORD_00798,HUB_DFW,SUP_KOREA,22-01-26,23-01-26,27-01-26,02-02-26,Delivered,22.62
FUL_00799,ORD_00799,HUB_LAX,SUP_KOREA,11-03-26,13-03-26,18-03-26,23-03-26,Delivered,35.16
FUL_00800,ORD_00800,HUB_DFW,SUP_KOREA,28-06-26,29-06-26,06-07-26,09-07-26,Delivered,18.9
FUL_00801,ORD_00801,HUB_CHI,SUP_GLOBAL,08-04-26,10-04-26,05-05-26,24-04-26,Delayed,24.17
FUL_00802,ORD_00802,HUB_NYC,SUP_TAIWAN,12-06-26,14-06-26,19-06-26,22-06-26,Delivered,31.72
FUL_00803,ORD_00803,HUB_DFW,SUP_KOREA,12-04-26,13-04-26,17-04-26,23-04-26,Delivered,17.41
FUL_00804,ORD_00804,HUB_DFW,SUP_TAIWAN,20-06-26,22-06-26,30-06-26,30-06-26,Delivered,21.55
FUL_00805,ORD_00805,HUB_NYC,SUP_KOREA,28-03-26,30-03-26,04-04-26,09-04-26,Delivered,32.19
FUL_00806,ORD_00806,HUB_LAX,SUP_TAIWAN,07-02-26,09-02-26,14-02-26,17-02-26,Delivered,26.23
FUL_00807,ORD_00807,HUB_LAX,SUP_TAIWAN,26-04-26,27-04-26,04-05-26,05-05-26,Delivered,19.49
FUL_00808,ORD_00808,HUB_DFW,SUP_KOREA,29-04-26,30-04-26,08-05-26,10-05-26,Delivered,17.14
FUL_00809,ORD_00809,HUB_LAX,SUP_USA_MID,22-01-26,24-01-26,30-01-26,28-01-26,Delayed,28.09
FUL_00810,ORD_00810,HUB_CHI,SUP_GLOBAL,26-03-26,02-04-26,17-04-26,16-04-26,Returned,71.81
FUL_00811,ORD_00811,HUB_DFW,SUP_KOREA,20-04-26,22-04-26,26-04-26,02-05-26,Delivered,32.21
FUL_00812,ORD_00812,HUB_CHI,SUP_GLOBAL,16-04-26,23-04-26,15-05-26,07-05-26,Delayed,73.59
FUL_00813,ORD_00813,HUB_NYC,SUP_KOREA,09-04-26,11-04-26,17-04-26,21-04-26,Delivered,32.13
FUL_00814,ORD_00814,HUB_DFW,SUP_GLOBAL,25-01-26,27-01-26,10-02-26,10-02-26,Delivered,24.75
FUL_00815,ORD_00815,HUB_CHI,SUP_KOREA,19-06-26,23-06-26,30-06-26,03-07-26,Delivered,48.83
FUL_00816,ORD_00816,HUB_NYC,SUP_TAIWAN,12-03-26,13-03-26,20-03-26,21-03-26,Delivered,20.49
FUL_00817,ORD_00817,HUB_DFW,SUP_KOREA,08-05-26,10-05-26,17-05-26,20-05-26,Delivered,28.49
FUL_00818,ORD_00818,HUB_CHI,SUP_GLOBAL,03-01-26,07-01-26,21-01-26,21-01-26,Delivered,47.55
FUL_00819,ORD_00819,HUB_NYC,SUP_TAIWAN,30-01-26,01-02-26,09-02-26,09-02-26,Delivered,38.28
FUL_00820,ORD_00820,HUB_DFW,SUP_USA_MID,10-03-26,11-03-26,18-03-26,15-03-26,Delayed,14.45
FUL_00821,ORD_00821,HUB_LAX,SUP_KOREA,06-05-26,08-05-26,15-05-26,18-05-26,Delivered,36.76
FUL_00822,ORD_00822,HUB_LAX,SUP_USA_MID,03-02-26,04-02-26,09-02-26,08-02-26,Delayed,16.49
FUL_00823,ORD_00823,HUB_NYC,SUP_USA_MID,13-02-26,14-02-26,20-02-26,18-02-26,Delayed,21.22
FUL_00824,ORD_00824,HUB_NYC,SUP_USA_MID,11-01-26,12-01-26,19-01-26,16-01-26,Delayed,23.58
FUL_00825,ORD_00825,HUB_DFW,SUP_USA_MID,13-01-26,16-01-26,21-01-26,20-01-26,Delayed,34.59
FUL_00826,ORD_00826,HUB_CHI,SUP_GLOBAL,28-04-26,05-05-26,28-05-26,19-05-26,Delayed,72.8
FUL_00827,ORD_00827,HUB_LAX,SUP_KOREA,10-05-26,11-05-26,15-05-26,21-05-26,Delivered,17.3
FUL_00828,ORD_00828,HUB_LAX,SUP_USA_MID,08-02-26,09-02-26,13-02-26,13-02-26,Delivered,15.66
FUL_00829,ORD_00829,HUB_CHI,SUP_USA_MID,01-02-26,08-02-26,16-02-26,12-02-26,Delayed,76.97
FUL_00830,ORD_00830,HUB_DFW,SUP_KOREA,04-03-26,05-03-26,08-03-26,15-03-26,Delivered,13.58
FUL_00831,ORD_00831,HUB_DFW,SUP_KOREA,05-06-26,08-06-26,12-06-26,18-06-26,Delivered,36.7
FUL_00832,ORD_00832,HUB_CHI,SUP_TAIWAN,05-02-26,09-02-26,12-02-26,17-02-26,Delivered,51.34
FUL_00833,ORD_00833,HUB_NYC,SUP_TAIWAN,04-02-26,06-02-26,11-02-26,14-02-26,Delivered,31.4
FUL_00834,ORD_00834,HUB_DFW,SUP_TAIWAN,17-04-26,18-04-26,26-04-26,26-04-26,Delivered,19.87
FUL_00835,ORD_00835,HUB_LAX,SUP_KOREA,18-01-26,19-01-26,27-01-26,29-01-26,Returned,20.5
FUL_00836,ORD_00836,HUB_DFW,SUP_GLOBAL,17-05-26,18-05-26,05-06-26,01-06-26,Delayed,23.19
FUL_00837,ORD_00837,HUB_DFW,SUP_KOREA,04-05-26,05-05-26,09-05-26,15-05-26,Delivered,25.83
FUL_00838,ORD_00838,HUB_LAX,SUP_KOREA,28-06-26,29-06-26,04-07-26,09-07-26,Delivered,24.14
FUL_00839,ORD_00839,HUB_DFW,SUP_USA_MID,21-05-26,22-05-26,29-05-26,26-05-26,Delayed,13.79
FUL_00840,ORD_00840,HUB_CHI,SUP_TAIWAN,19-02-26,20-02-26,25-02-26,28-02-26,Delivered,22.05
FUL_00841,ORD_00841,HUB_LAX,SUP_TAIWAN,06-03-26,07-03-26,15-03-26,15-03-26,Delivered,18.88
FUL_00842,ORD_00842,HUB_LAX,SUP_GLOBAL,27-06-26,28-06-26,22-07-26,12-07-26,Delayed,28.2
FUL_00843,ORD_00843,HUB_CHI,SUP_GLOBAL,07-06-26,11-06-26,26-06-26,25-06-26,Delayed,44.46
FUL_00844,ORD_00844,HUB_NYC,SUP_USA_MID,24-02-26,26-02-26,01-03-26,02-03-26,Delivered,27.44
FUL_00845,ORD_00845,HUB_DFW,SUP_TAIWAN,19-06-26,20-06-26,26-06-26,28-06-26,Delivered,21.7
FUL_00846,ORD_00846,HUB_NYC,SUP_KOREA,06-06-26,09-06-26,12-06-26,19-06-26,Delivered,44.09
FUL_00847,ORD_00847,HUB_LAX,SUP_TAIWAN,26-01-26,29-01-26,01-02-26,06-02-26,Delivered,39.44
FUL_00848,ORD_00848,HUB_CHI,SUP_KOREA,25-03-26,01-04-26,04-04-26,11-04-26,Delivered,71.15
FUL_00849,ORD_00849,HUB_CHI,SUP_GLOBAL,06-04-26,08-04-26,28-04-26,22-04-26,Delayed,30.86
FUL_00850,ORD_00850,HUB_NYC,SUP_KOREA,23-01-26,26-01-26,30-01-26,05-02-26,Delivered,45.22
FUL_00851,ORD_00851,HUB_DFW,SUP_KOREA,25-03-26,26-03-26,01-04-26,05-04-26,Delivered,25.64
FUL_00852,ORD_00852,HUB_NYC,SUP_KOREA,01-04-26,02-04-26,08-04-26,12-04-26,Delivered,25.56
FUL_00853,ORD_00853,HUB_DFW,SUP_TAIWAN,22-03-26,23-03-26,29-03-26,31-03-26,Delivered,14.62
FUL_00854,ORD_00854,HUB_LAX,SUP_USA_MID,14-04-26,17-04-26,24-04-26,21-04-26,Returned,40.47
FUL_00855,ORD_00855,HUB_NYC,SUP_GLOBAL,02-03-26,03-03-26,26-03-26,17-03-26,Delayed,20.69
FUL_00856,ORD_00856,HUB_DFW,SUP_KOREA,18-02-26,20-02-26,26-02-26,02-03-26,Delivered,22.81
FUL_00857,ORD_00857,HUB_CHI,SUP_TAIWAN,26-06-26,28-06-26,05-07-26,06-07-26,Delivered,32.2
FUL_00858,ORD_00858,HUB_DFW,SUP_TAIWAN,22-06-26,25-06-26,02-07-26,03-07-26,Delivered,29.76
FUL_00859,ORD_00859,HUB_LAX,SUP_GLOBAL,26-03-26,28-03-26,19-04-26,11-04-26,Delayed,36.95
FUL_00860,ORD_00860,HUB_NYC,SUP_TAIWAN,01-04-26,03-04-26,08-04-26,11-04-26,Delivered,35.5
FUL_00861,ORD_00861,HUB_LAX,SUP_USA_MID,05-06-26,07-06-26,12-06-26,11-06-26,Delayed,26.69
FUL_00862,ORD_00862,HUB_DFW,SUP_USA_MID,17-05-26,18-05-26,22-05-26,22-05-26,Delivered,19.58
FUL_00863,ORD_00863,HUB_LAX,SUP_GLOBAL,19-04-26,20-04-26,13-05-26,04-05-26,Delayed,25.14
FUL_00864,ORD_00864,HUB_DFW,SUP_TAIWAN,08-03-26,10-03-26,16-03-26,18-03-26,Delivered,22.04
FUL_00865,ORD_00865,HUB_CHI,SUP_GLOBAL,11-06-26,15-06-26,03-07-26,29-06-26,Delayed,42.13
FUL_00866,ORD_00866,HUB_CHI,SUP_GLOBAL,27-02-26,01-03-26,22-03-26,15-03-26,Delayed,28.64
FUL_00867,ORD_00867,HUB_LAX,SUP_TAIWAN,20-05-26,21-05-26,29-05-26,29-05-26,Delivered,25.36
FUL_00868,ORD_00868,HUB_DFW,SUP_KOREA,15-02-26,18-02-26,23-02-26,28-02-26,Delivered,31.44
FUL_00869,ORD_00869,HUB_CHI,SUP_GLOBAL,25-03-26,29-03-26,16-04-26,12-04-26,Delayed,50.8
FUL_00870,ORD_00870,HUB_DFW,SUP_USA_MID,24-01-26,25-01-26,30-01-26,29-01-26,Delayed,16.34
FUL_00871,ORD_00871,HUB_CHI,SUP_TAIWAN,21-02-26,25-02-26,01-03-26,05-03-26,Delivered,53.66
FUL_00872,ORD_00872,HUB_NYC,SUP_KOREA,07-03-26,08-03-26,13-03-26,18-03-26,Delivered,26.47
FUL_00873,ORD_00873,HUB_NYC,SUP_USA_MID,30-01-26,02-02-26,08-02-26,06-02-26,Delayed,39.22
FUL_00874,ORD_00874,HUB_CHI,SUP_GLOBAL,26-02-26,27-02-26,18-03-26,13-03-26,Delayed,21.68
FUL_00875,ORD_00875,HUB_NYC,SUP_USA_MID,29-03-26,31-03-26,05-04-26,04-04-26,Delayed,30.71
FUL_00876,ORD_00876,HUB_DFW,SUP_GLOBAL,26-06-26,29-06-26,16-07-26,13-07-26,Delayed,35.01
FUL_00877,ORD_00877,HUB_NYC,SUP_USA_MID,21-02-26,22-02-26,01-03-26,26-02-26,Delayed,18.19
FUL_00878,ORD_00878,HUB_LAX,SUP_KOREA,31-05-26,01-06-26,04-06-26,11-06-26,Delivered,25.47
FUL_00879,ORD_00879,HUB_NYC,SUP_GLOBAL,10-05-26,11-05-26,26-05-26,25-05-26,Delayed,17.01
FUL_00880,ORD_00880,HUB_NYC,SUP_USA_MID,27-03-26,29-03-26,04-04-26,02-04-26,Delayed,30.97
FUL_00881,ORD_00881,HUB_NYC,SUP_USA_MID,15-05-26,16-05-26,20-05-26,20-05-26,Delivered,20.45
FUL_00882,ORD_00882,HUB_NYC,SUP_USA_MID,03-03-26,04-03-26,07-03-26,08-03-26,Delivered,27.9
FUL_00883,ORD_00883,HUB_NYC,SUP_GLOBAL,20-03-26,22-03-26,15-04-26,05-04-26,Delayed,31.99
FUL_00884,ORD_00884,HUB_DFW,SUP_TAIWAN,04-04-26,05-04-26,11-04-26,13-04-26,Returned,13.77
FUL_00885,ORD_00885,HUB_CHI,SUP_TAIWAN,03-04-26,04-04-26,11-04-26,12-04-26,Delivered,20.91
FUL_00886,ORD_00886,HUB_DFW,SUP_GLOBAL,15-04-26,16-04-26,01-05-26,30-04-26,Delayed,23.94
FUL_00887,ORD_00887,HUB_LAX,SUP_GLOBAL,22-03-26,24-03-26,07-04-26,07-04-26,Delivered,36.39
FUL_00888,ORD_00888,HUB_LAX,SUP_TAIWAN,07-06-26,08-06-26,13-06-26,16-06-26,Delivered,16.54
FUL_00889,ORD_00889,HUB_LAX,SUP_TAIWAN,08-03-26,09-03-26,16-03-26,17-03-26,Delivered,27.74
FUL_00890,ORD_00890,HUB_NYC,SUP_KOREA,22-06-26,24-06-26,01-07-26,04-07-26,Delivered,27.62
FUL_00891,ORD_00891,HUB_LAX,SUP_GLOBAL,14-02-26,15-02-26,07-03-26,01-03-26,Delayed,25.47
FUL_00892,ORD_00892,HUB_CHI,SUP_USA_MID,03-05-26,05-05-26,13-05-26,09-05-26,Delayed,33.94
FUL_00893,ORD_00893,HUB_CHI,SUP_GLOBAL,06-03-26,10-03-26,02-04-26,24-03-26,Delayed,47.49
FUL_00894,ORD_00894,HUB_LAX,SUP_USA_MID,08-05-26,10-05-26,13-05-26,14-05-26,Returned,34.2
FUL_00895,ORD_00895,HUB_LAX,SUP_TAIWAN,14-01-26,15-01-26,19-01-26,23-01-26,Delivered,19.03
FUL_00896,ORD_00896,HUB_CHI,SUP_GLOBAL,18-04-26,22-04-26,06-05-26,06-05-26,Delivered,54.74
FUL_00897,ORD_00897,HUB_NYC,SUP_KOREA,15-01-26,17-01-26,23-01-26,27-01-26,Delivered,35.22
FUL_00898,ORD_00898,HUB_DFW,SUP_USA_MID,18-05-26,21-05-26,27-05-26,25-05-26,Delayed,33.32
FUL_00899,ORD_00899,HUB_DFW,SUP_GLOBAL,02-03-26,04-03-26,25-03-26,18-03-26,Delayed,28.76
FUL_00900,ORD_00900,HUB_NYC,SUP_GLOBAL,22-04-26,24-04-26,12-05-26,08-05-26,Delayed,28.32
FUL_00901,ORD_00901,HUB_CHI,SUP_TAIWAN,25-01-26,26-01-26,31-01-26,03-02-26,Delivered,14.45
FUL_00902,ORD_00902,HUB_LAX,SUP_GLOBAL,10-01-26,11-01-26,26-01-26,25-01-26,Delayed,24.88
FUL_00903,ORD_00903,HUB_LAX,SUP_GLOBAL,14-06-26,17-06-26,01-07-26,01-07-26,Delivered,48.43
FUL_00904,ORD_00904,HUB_CHI,SUP_KOREA,23-06-26,27-06-26,04-07-26,07-07-26,Delivered,46.89
FUL_00905,ORD_00905,HUB_CHI,SUP_KOREA,16-01-26,23-01-26,29-01-26,02-02-26,Delivered,82.07
FUL_00906,ORD_00906,HUB_NYC,SUP_USA_MID,07-04-26,08-04-26,11-04-26,12-04-26,Delivered,28.97
FUL_00907,ORD_00907,HUB_LAX,SUP_TAIWAN,24-03-26,27-03-26,02-04-26,04-04-26,Delivered,38.47
FUL_00908,ORD_00908,HUB_NYC,SUP_USA_MID,20-04-26,22-04-26,27-04-26,26-04-26,Delayed,27.39
FUL_00909,ORD_00909,HUB_LAX,SUP_USA_MID,24-03-26,25-03-26,02-04-26,29-03-26,Delayed,17.28
FUL_00910,ORD_00910,HUB_CHI,SUP_KOREA,06-02-26,07-02-26,13-02-26,17-02-26,Returned,20.88
FUL_00911,ORD_00911,HUB_NYC,SUP_USA_MID,02-06-26,05-06-26,08-06-26,09-06-26,Delivered,40.79
FUL_00912,ORD_00912,HUB_DFW,SUP_GLOBAL,21-03-26,22-03-26,15-04-26,05-04-26,Delayed,20.85
FUL_00913,ORD_00913,HUB_LAX,SUP_TAIWAN,24-06-26,25-06-26,30-06-26,03-07-26,Delivered,15.86
FUL_00914,ORD_00914,HUB_LAX,SUP_USA_MID,05-01-26,06-01-26,13-01-26,10-01-26,Delayed,17.02
FUL_00915,ORD_00915,HUB_LAX,SUP_KOREA,25-03-26,26-03-26,03-04-26,05-04-26,Returned,26.17
FUL_00916,ORD_00916,HUB_DFW,SUP_TAIWAN,28-03-26,29-03-26,01-04-26,06-04-26,Delivered,19.77
FUL_00917,ORD_00917,HUB_CHI,SUP_TAIWAN,29-05-26,30-05-26,04-06-26,07-06-26,Delivered,24.11
FUL_00918,ORD_00918,HUB_DFW,SUP_USA_MID,19-02-26,22-02-26,28-02-26,26-02-26,Delayed,30.51
FUL_00919,ORD_00919,HUB_LAX,SUP_USA_MID,11-01-26,13-01-26,20-01-26,17-01-26,Delayed,28.33
FUL_00920,ORD_00920,HUB_LAX,SUP_USA_MID,13-02-26,15-02-26,20-02-26,19-02-26,Delayed,27.02
FUL_00921,ORD_00921,HUB_DFW,SUP_USA_MID,22-04-26,23-04-26,29-04-26,27-04-26,Returned,25.65
FUL_00922,ORD_00922,HUB_LAX,SUP_KOREA,08-04-26,09-04-26,14-04-26,19-04-26,Delivered,19.89
FUL_00923,ORD_00923,HUB_LAX,SUP_USA_MID,23-05-26,24-05-26,31-05-26,28-05-26,Delayed,27.93
FUL_00924,ORD_00924,HUB_LAX,SUP_GLOBAL,13-05-26,14-05-26,28-05-26,28-05-26,Delivered,18.39
FUL_00925,ORD_00925,HUB_LAX,SUP_KOREA,07-05-26,08-05-26,11-05-26,18-05-26,Delivered,16.5
FUL_00926,ORD_00926,HUB_NYC,SUP_USA_MID,12-06-26,14-06-26,18-06-26,18-06-26,Delivered,32.48
FUL_00927,ORD_00927,HUB_NYC,SUP_TAIWAN,05-04-26,07-04-26,12-04-26,15-04-26,Delivered,39.54
FUL_00928,ORD_00928,HUB_NYC,SUP_GLOBAL,16-02-26,19-02-26,09-03-26,05-03-26,Delayed,48.44
FUL_00929,ORD_00929,HUB_LAX,SUP_USA_MID,18-05-26,20-05-26,28-05-26,24-05-26,Delayed,30.37
FUL_00930,ORD_00930,HUB_DFW,SUP_KOREA,05-03-26,06-03-26,13-03-26,16-03-26,Delivered,16.17
FUL_00931,ORD_00931,HUB_NYC,SUP_GLOBAL,02-03-26,04-03-26,21-03-26,18-03-26,Delayed,27.26
FUL_00932,ORD_00932,HUB_DFW,SUP_TAIWAN,08-05-26,09-05-26,14-05-26,17-05-26,Delivered,20.57
FUL_00933,ORD_00933,HUB_NYC,SUP_GLOBAL,24-01-26,25-01-26,08-02-26,08-02-26,Delivered,22.41
FUL_00934,ORD_00934,HUB_NYC,SUP_GLOBAL,26-06-26,27-06-26,17-07-26,11-07-26,Delayed,16.7
FUL_00935,ORD_00935,HUB_DFW,SUP_USA_MID,28-05-26,31-05-26,08-06-26,04-06-26,Delayed,30.39
FUL_00936,ORD_00936,HUB_NYC,SUP_GLOBAL,02-01-26,03-01-26,26-01-26,17-01-26,Delayed,21.06
FUL_00937,ORD_00937,HUB_LAX,SUP_TAIWAN,22-03-26,23-03-26,31-03-26,31-03-26,Delivered,21.96
FUL_00938,ORD_00938,HUB_CHI,SUP_TAIWAN,27-06-26,01-07-26,06-07-26,09-07-26,Delivered,43.32
FUL_00939,ORD_00939,HUB_LAX,SUP_KOREA,01-03-26,02-03-26,06-03-26,12-03-26,Delivered,17.59
FUL_00940,ORD_00940,HUB_LAX,SUP_TAIWAN,06-04-26,08-04-26,15-04-26,16-04-26,Delivered,38.09
FUL_00941,ORD_00941,HUB_DFW,SUP_USA_MID,18-05-26,21-05-26,28-05-26,25-05-26,Delayed,30.59
FUL_00942,ORD_00942,HUB_CHI,SUP_USA_MID,02-06-26,06-06-26,10-06-26,10-06-26,Delivered,48.3
FUL_00943,ORD_00943,HUB_LAX,SUP_TAIWAN,02-06-26,03-06-26,09-06-26,11-06-26,Delivered,25.88
FUL_00944,ORD_00944,HUB_LAX,SUP_USA_MID,07-06-26,08-06-26,16-06-26,12-06-26,Delayed,24.68
FUL_00945,ORD_00945,HUB_CHI,SUP_KOREA,12-02-26,14-02-26,21-02-26,24-02-26,Delivered,31.68
FUL_00946,ORD_00946,HUB_CHI,SUP_USA_MID,24-03-26,31-03-26,06-04-26,04-04-26,Delayed,71.09
FUL_00947,ORD_00947,HUB_CHI,SUP_KOREA,14-02-26,18-02-26,21-02-26,28-02-26,Delivered,48.61
FUL_00948,ORD_00948,HUB_DFW,SUP_KOREA,18-03-26,19-03-26,26-03-26,29-03-26,Delivered,17.34
FUL_00949,ORD_00949,HUB_NYC,SUP_GLOBAL,07-02-26,08-02-26,03-03-26,22-02-26,Delayed,26.34
FUL_00950,ORD_00950,HUB_NYC,SUP_KOREA,03-04-26,04-04-26,08-04-26,14-04-26,Delivered,20.25
FUL_00951,ORD_00951,HUB_DFW,SUP_GLOBAL,11-06-26,14-06-26,01-07-26,28-06-26,Delayed,33.47
FUL_00952,ORD_00952,HUB_DFW,SUP_TAIWAN,07-05-26,09-05-26,13-05-26,17-05-26,Delivered,32.18
FUL_00953,ORD_00953,HUB_DFW,SUP_KOREA,12-03-26,14-03-26,17-03-26,24-03-26,Delivered,30.7
FUL_00954,ORD_00954,HUB_NYC,SUP_KOREA,18-05-26,19-05-26,27-05-26,29-05-26,Delivered,25.72
FUL_00955,ORD_00955,HUB_NYC,SUP_USA_MID,07-04-26,08-04-26,14-04-26,12-04-26,Delayed,18.93
FUL_00956,ORD_00956,HUB_LAX,SUP_KOREA,21-05-26,24-05-26,27-05-26,03-06-26,Delivered,41.94
FUL_00957,ORD_00957,HUB_CHI,SUP_TAIWAN,16-05-26,18-05-26,24-05-26,26-05-26,Delivered,33.78
FUL_00958,ORD_00958,HUB_CHI,SUP_GLOBAL,03-01-26,07-01-26,24-01-26,21-01-26,Delayed,47.78
FUL_00959,ORD_00959,HUB_DFW,SUP_TAIWAN,04-06-26,05-06-26,10-06-26,13-06-26,Delivered,15.06
FUL_00960,ORD_00960,HUB_LAX,SUP_GLOBAL,02-01-26,03-01-26,17-01-26,17-01-26,Delivered,23.26
FUL_00961,ORD_00961,HUB_NYC,SUP_TAIWAN,15-05-26,16-05-26,23-05-26,24-05-26,Returned,16.68
FUL_00962,ORD_00962,HUB_DFW,SUP_USA_MID,12-04-26,14-04-26,20-04-26,18-04-26,Delayed,26.75
FUL_00963,ORD_00963,HUB_NYC,SUP_KOREA,28-03-26,29-03-26,06-04-26,08-04-26,Delivered,28.82
FUL_00964,ORD_00964,HUB_LAX,SUP_KOREA,23-04-26,24-04-26,27-04-26,04-05-26,Delivered,20.41
FUL_00965,ORD_00965,HUB_CHI,SUP_TAIWAN,30-03-26,03-04-26,10-04-26,11-04-26,Delivered,54.34
FUL_00966,ORD_00966,HUB_DFW,SUP_TAIWAN,10-05-26,13-05-26,21-05-26,21-05-26,Delivered,36.43
FUL_00967,ORD_00967,HUB_NYC,SUP_USA_MID,23-05-26,24-05-26,27-05-26,28-05-26,Delivered,23.35
FUL_00968,ORD_00968,HUB_LAX,SUP_GLOBAL,07-06-26,09-06-26,04-07-26,23-06-26,Delayed,38.95
FUL_00969,ORD_00969,HUB_CHI,SUP_KOREA,24-02-26,26-02-26,05-03-26,08-03-26,Delivered,24.05
FUL_00970,ORD_00970,HUB_CHI,SUP_GLOBAL,20-05-26,22-05-26,13-06-26,05-06-26,Delayed,25.57
FUL_00971,ORD_00971,HUB_LAX,SUP_USA_MID,30-06-26,01-07-26,04-07-26,05-07-26,Delivered,20.28
FUL_00972,ORD_00972,HUB_NYC,SUP_KOREA,07-03-26,09-03-26,13-03-26,19-03-26,Delivered,31.64
FUL_00973,ORD_00973,HUB_CHI,SUP_TAIWAN,03-06-26,04-06-26,07-06-26,12-06-26,Delivered,20.29
FUL_00974,ORD_00974,HUB_CHI,SUP_KOREA,29-03-26,05-04-26,12-04-26,15-04-26,Delivered,74.64
FUL_00975,ORD_00975,HUB_DFW,SUP_USA_MID,09-06-26,12-06-26,15-06-26,16-06-26,Delivered,37.61
FUL_00976,ORD_00976,HUB_CHI,SUP_USA_MID,02-06-26,03-06-26,11-06-26,07-06-26,Delayed,23.18
FUL_00977,ORD_00977,HUB_LAX,SUP_USA_MID,08-03-26,09-03-26,17-03-26,13-03-26,Delayed,28.32
FUL_00978,ORD_00978,HUB_DFW,SUP_TAIWAN,30-03-26,31-03-26,07-04-26,08-04-26,Delivered,15.73
FUL_00979,ORD_00979,HUB_NYC,SUP_GLOBAL,22-03-26,23-03-26,12-04-26,06-04-26,Delayed,16.82
FUL_00980,ORD_00980,HUB_LAX,SUP_USA_MID,05-02-26,06-02-26,12-02-26,10-02-26,Delayed,21.69
FUL_00981,ORD_00981,HUB_CHI,SUP_KOREA,13-02-26,14-02-26,17-02-26,24-02-26,Delivered,21.82
FUL_00982,ORD_00982,HUB_DFW,SUP_KOREA,10-04-26,11-04-26,17-04-26,21-04-26,Delivered,23.46
FUL_00983,ORD_00983,HUB_CHI,SUP_USA_MID,11-02-26,13-02-26,18-02-26,17-02-26,Delayed,28.86
FUL_00984,ORD_00984,HUB_CHI,SUP_KOREA,21-01-26,25-01-26,29-01-26,04-02-26,Delivered,48.83
FUL_00985,ORD_00985,HUB_NYC,SUP_GLOBAL,04-06-26,05-06-26,27-06-26,19-06-26,Delayed,19.69
FUL_00986,ORD_00986,HUB_DFW,SUP_USA_MID,25-04-26,26-04-26,03-05-26,30-04-26,Delayed,24.81
FUL_00987,ORD_00987,HUB_DFW,SUP_KOREA,17-04-26,18-04-26,25-04-26,28-04-26,Delivered,16.21
FUL_00988,ORD_00988,HUB_LAX,SUP_USA_MID,09-02-26,10-02-26,18-02-26,14-02-26,Delayed,20.9
FUL_00989,ORD_00989,HUB_NYC,SUP_TAIWAN,15-05-26,16-05-26,19-05-26,24-05-26,Delivered,16.16
FUL_00990,ORD_00990,HUB_LAX,SUP_TAIWAN,16-06-26,18-06-26,22-06-26,26-06-26,Delivered,30.83
FUL_00991,ORD_00991,HUB_CHI,SUP_TAIWAN,02-06-26,06-06-26,10-06-26,14-06-26,Delivered,45.45
FUL_00992,ORD_00992,HUB_DFW,SUP_KOREA,07-02-26,08-02-26,12-02-26,18-02-26,Delivered,20.31
FUL_00993,ORD_00993,HUB_CHI,SUP_GLOBAL,15-03-26,22-03-26,09-04-26,05-04-26,Delayed,80.83
FUL_00994,ORD_00994,HUB_NYC,SUP_USA_MID,21-01-26,24-01-26,30-01-26,28-01-26,Delayed,47.57
FUL_00995,ORD_00995,HUB_CHI,SUP_GLOBAL,07-01-26,11-01-26,05-02-26,25-01-26,Delayed,54.78
FUL_00996,ORD_00996,HUB_DFW,SUP_TAIWAN,26-02-26,27-02-26,06-03-26,07-03-26,Delivered,14.48
FUL_00997,ORD_00997,HUB_DFW,SUP_KOREA,15-03-26,18-03-26,21-03-26,28-03-26,Delivered,35.26
FUL_00998,ORD_00998,HUB_DFW,SUP_KOREA,03-04-26,05-04-26,12-04-26,15-04-26,Delivered,28.12
FUL_00999,ORD_00999,HUB_LAX,SUP_TAIWAN,23-05-26,24-05-26,27-05-26,01-06-26,Delivered,18.81
FUL_01000,ORD_01000,HUB_NYC,SUP_TAIWAN,03-05-26,04-05-26,10-05-26,12-05-26,Delivered,18.07
