snapshot_id,snapshot_date,product_id,hub_id,stock_on_hand,daily_demand_units,safety_stock,reorder_point
SNP_00001,29-03-26,PRD_102,HUB_LAX,179,15,50,150
SNP_00002,04-04-26,PRD_103,HUB_NYC,40,24,60,200
SNP_00003,08-05-26,PRD_106,HUB_CHI,241,10,55,180
SNP_00004,15-03-26,PRD_101,HUB_CHI,319,25,30,80
SNP_00005,25-04-26,PRD_108,HUB_CHI,68,23,75,250
SNP_00006,24-05-26,PRD_102,HUB_LAX,229,29,50,150
SNP_00007,14-04-26,PRD_103,HUB_DFW,239,9,60,200
SNP_00008,14-05-26,PRD_108,HUB_DFW,126,28,75,250
SNP_00009,17-03-26,PRD_107,HUB_NYC,319,29,30,100
SNP_00010,15-04-26,PRD_102,HUB_DFW,688,25,50,150
SNP_00011,19-03-26,PRD_108,HUB_DFW,56,12,75,250
SNP_00012,19-04-26,PRD_108,HUB_LAX,285,7,75,250
SNP_00013,24-04-26,PRD_101,HUB_DFW,182,6,30,80
SNP_00014,04-04-26,PRD_106,HUB_DFW,259,23,55,180
SNP_00015,22-04-26,PRD_104,HUB_CHI,248,11,40,120
SNP_00016,14-05-26,PRD_108,HUB_CHI,99,6,75,250
SNP_00017,21-03-26,PRD_108,HUB_NYC,276,20,75,250
SNP_00018,25-05-26,PRD_106,HUB_DFW,259,6,55,180
SNP_00019,30-03-26,PRD_103,HUB_NYC,284,7,60,200
SNP_00020,16-04-26,PRD_104,HUB_CHI,231,23,40,120
SNP_00021,13-03-26,PRD_101,HUB_LAX,86,21,30,80
SNP_00022,25-05-26,PRD_103,HUB_LAX,87,22,60,200
SNP_00023,02-05-26,PRD_106,HUB_LAX,159,27,55,180
SNP_00024,08-05-26,PRD_107,HUB_CHI,260,24,30,100
SNP_00025,13-03-26,PRD_104,HUB_DFW,156,21,40,120
SNP_00026,31-03-26,PRD_107,HUB_LAX,119,14,30,100
SNP_00027,16-05-26,PRD_105,HUB_CHI,152,8,25,70
SNP_00028,16-03-26,PRD_107,HUB_CHI,188,7,30,100
SNP_00029,25-04-26,PRD_105,HUB_DFW,244,5,25,70
SNP_00030,20-05-26,PRD_108,HUB_DFW,142,15,75,250
SNP_00031,22-03-26,PRD_108,HUB_CHI,237,19,75,250
SNP_00032,04-04-26,PRD_101,HUB_CHI,155,14,30,80
SNP_00033,29-03-26,PRD_106,HUB_NYC,240,18,55,180
SNP_00034,19-04-26,PRD_103,HUB_LAX,184,29,60,200
SNP_00035,01-04-26,PRD_106,HUB_NYC,101,10,55,180
SNP_00036,23-04-26,PRD_105,HUB_CHI,267,30,25,70
SNP_00037,18-04-26,PRD_101,HUB_LAX,107,16,30,80
SNP_00038,18-05-26,PRD_103,HUB_LAX,144,7,60,200
SNP_00039,26-04-26,PRD_105,HUB_NYC,7,30,25,70
SNP_00040,26-03-26,PRD_107,HUB_DFW,245,17,30,100
SNP_00041,25-03-26,PRD_104,HUB_DFW,122,15,40,120
SNP_00042,29-04-26,PRD_107,HUB_LAX,119,7,30,100
SNP_00043,13-05-26,PRD_101,HUB_NYC,259,10,30,80
SNP_00044,24-05-26,PRD_105,HUB_DFW,166,24,25,70
SNP_00045,08-05-26,PRD_102,HUB_NYC,228,24,50,150
SNP_00046,11-04-26,PRD_108,HUB_LAX,249,10,75,250
SNP_00047,04-05-26,PRD_108,HUB_DFW,258,23,75,250
SNP_00048,09-03-26,PRD_105,HUB_NYC,22,12,25,70
SNP_00049,18-03-26,PRD_105,HUB_LAX,83,5,25,70
SNP_00050,05-05-26,PRD_101,HUB_CHI,80,6,30,80
SNP_00051,17-03-26,PRD_103,HUB_DFW,290,5,60,200
SNP_00052,10-04-26,PRD_108,HUB_NYC,268,15,75,250
SNP_00053,21-05-26,PRD_105,HUB_NYC,5,23,25,70
SNP_00054,21-04-26,PRD_101,HUB_LAX,261,5,30,80
SNP_00055,24-04-26,PRD_102,HUB_CHI,99,20,50,150
SNP_00056,18-03-26,PRD_108,HUB_NYC,295,5,75,250
SNP_00057,28-05-26,PRD_105,HUB_NYC,7,27,25,70
SNP_00058,06-04-26,PRD_108,HUB_NYC,149,17,75,250
SNP_00059,10-05-26,PRD_106,HUB_LAX,159,7,55,180
SNP_00060,08-05-26,PRD_108,HUB_CHI,276,5,75,250
SNP_00061,02-04-26,PRD_107,HUB_CHI,66,9,30,100
SNP_00062,18-03-26,PRD_106,HUB_DFW,163,8,55,180
SNP_00063,14-04-26,PRD_105,HUB_NYC,11,12,25,70
SNP_00064,08-04-26,PRD_108,HUB_CHI,209,4,75,250
SNP_00065,25-03-26,PRD_107,HUB_DFW,87,27,30,100
SNP_00066,01-03-26,PRD_101,HUB_CHI,199,11,30,80
SNP_00067,06-05-26,PRD_101,HUB_DFW,299,9,30,80
SNP_00068,29-03-26,PRD_107,HUB_NYC,169,26,30,100
SNP_00069,26-04-26,PRD_106,HUB_LAX,111,14,55,180
SNP_00070,26-04-26,PRD_104,HUB_LAX,291,25,40,120
SNP_00071,24-03-26,PRD_101,HUB_NYC,62,6,30,80
SNP_00072,06-03-26,PRD_102,HUB_LAX,320,28,50,150
SNP_00073,22-05-26,PRD_105,HUB_CHI,288,8,25,70
SNP_00074,22-05-26,PRD_101,HUB_LAX,77,4,30,80
SNP_00075,28-04-26,PRD_108,HUB_CHI,80,26,75,250
SNP_00076,17-03-26,PRD_105,HUB_NYC,13,15,25,70
SNP_00077,23-04-26,PRD_108,HUB_NYC,135,9,75,250
SNP_00078,20-05-26,PRD_105,HUB_DFW,285,30,25,70
SNP_00079,24-05-26,PRD_104,HUB_LAX,61,17,40,120
SNP_00080,19-05-26,PRD_101,HUB_LAX,270,15,30,80
SNP_00081,17-04-26,PRD_108,HUB_DFW,92,4,75,250
SNP_00082,05-04-26,PRD_104,HUB_LAX,282,21,40,120
SNP_00083,07-03-26,PRD_106,HUB_DFW,186,21,55,180
SNP_00084,22-04-26,PRD_101,HUB_CHI,231,30,30,80
SNP_00085,20-04-26,PRD_107,HUB_LAX,138,25,30,100
SNP_00086,07-04-26,PRD_103,HUB_LAX,124,7,60,200
SNP_00087,17-04-26,PRD_108,HUB_LAX,102,30,75,250
SNP_00088,25-04-26,PRD_101,HUB_LAX,160,18,30,80
SNP_00089,14-03-26,PRD_105,HUB_CHI,74,10,25,70
SNP_00090,16-03-26,PRD_104,HUB_CHI,312,10,40,120
SNP_00091,05-05-26,PRD_107,HUB_NYC,251,14,30,100
SNP_00092,19-05-26,PRD_107,HUB_NYC,190,6,30,100
SNP_00093,06-05-26,PRD_107,HUB_DFW,272,11,30,100
SNP_00094,11-05-26,PRD_107,HUB_DFW,231,9,30,100
SNP_00095,21-04-26,PRD_101,HUB_DFW,110,7,30,80
SNP_00096,21-04-26,PRD_106,HUB_DFW,171,14,55,180
SNP_00097,09-04-26,PRD_101,HUB_CHI,243,13,30,80
SNP_00098,16-04-26,PRD_102,HUB_CHI,54,5,50,150
SNP_00099,15-05-26,PRD_107,HUB_CHI,84,14,30,100
SNP_00100,05-03-26,PRD_102,HUB_NYC,305,10,50,150
SNP_00101,11-05-26,PRD_103,HUB_LAX,131,26,60,200
SNP_00102,18-03-26,PRD_101,HUB_CHI,309,16,30,80
SNP_00103,28-03-26,PRD_106,HUB_NYC,130,10,55,180
SNP_00104,12-03-26,PRD_103,HUB_DFW,256,12,60,200
SNP_00105,26-05-26,PRD_105,HUB_DFW,313,7,25,70
SNP_00106,06-04-26,PRD_108,HUB_LAX,151,5,75,250
SNP_00107,27-04-26,PRD_105,HUB_CHI,141,26,25,70
SNP_00108,24-03-26,PRD_101,HUB_NYC,281,21,30,80
SNP_00109,14-03-26,PRD_107,HUB_LAX,263,14,30,100
SNP_00110,13-05-26,PRD_105,HUB_DFW,273,18,25,70
SNP_00111,08-03-26,PRD_104,HUB_DFW,105,19,40,120
SNP_00112,31-03-26,PRD_108,HUB_DFW,199,9,75,250
SNP_00113,04-04-26,PRD_102,HUB_CHI,144,9,50,150
SNP_00114,15-03-26,PRD_101,HUB_LAX,147,4,30,80
SNP_00115,30-04-26,PRD_105,HUB_NYC,26,30,25,70
SNP_00116,02-04-26,PRD_105,HUB_NYC,20,21,25,70
SNP_00117,15-05-26,PRD_105,HUB_DFW,98,24,25,70
SNP_00118,05-04-26,PRD_108,HUB_LAX,155,23,75,250
SNP_00119,26-04-26,PRD_104,HUB_LAX,53,17,40,120
SNP_00120,13-04-26,PRD_102,HUB_DFW,595,10,50,150
SNP_00121,14-04-26,PRD_104,HUB_LAX,88,25,40,120
SNP_00122,24-04-26,PRD_102,HUB_DFW,588,20,50,150
SNP_00123,19-04-26,PRD_103,HUB_LAX,127,14,60,200
SNP_00124,10-05-26,PRD_107,HUB_DFW,300,21,30,100
SNP_00125,18-04-26,PRD_108,HUB_CHI,235,9,75,250
SNP_00126,15-03-26,PRD_104,HUB_DFW,69,4,40,120
SNP_00127,10-03-26,PRD_108,HUB_CHI,246,23,75,250
SNP_00128,03-04-26,PRD_102,HUB_CHI,286,16,50,150
SNP_00129,15-04-26,PRD_102,HUB_DFW,570,8,50,150
SNP_00130,26-03-26,PRD_102,HUB_DFW,645,6,50,150
SNP_00131,30-03-26,PRD_108,HUB_LAX,190,26,75,250
SNP_00132,15-05-26,PRD_101,HUB_LAX,276,11,30,80
SNP_00133,08-05-26,PRD_102,HUB_DFW,547,6,50,150
SNP_00134,08-03-26,PRD_105,HUB_NYC,15,18,25,70
SNP_00135,17-05-26,PRD_106,HUB_LAX,274,7,55,180
SNP_00136,11-03-26,PRD_108,HUB_DFW,45,27,75,250
SNP_00137,28-04-26,PRD_107,HUB_NYC,303,4,30,100
SNP_00138,04-03-26,PRD_107,HUB_NYC,80,21,30,100
SNP_00139,21-05-26,PRD_101,HUB_NYC,134,15,30,80
SNP_00140,09-04-26,PRD_103,HUB_CHI,51,27,60,200
SNP_00141,26-05-26,PRD_101,HUB_CHI,230,9,30,80
SNP_00142,28-04-26,PRD_103,HUB_CHI,140,19,60,200
SNP_00143,06-04-26,PRD_101,HUB_LAX,287,14,30,80
SNP_00144,15-05-26,PRD_103,HUB_NYC,192,28,60,200
SNP_00145,06-03-26,PRD_107,HUB_LAX,51,7,30,100
SNP_00146,22-04-26,PRD_104,HUB_DFW,151,24,40,120
SNP_00147,22-03-26,PRD_105,HUB_DFW,298,13,25,70
SNP_00148,01-04-26,PRD_102,HUB_CHI,314,19,50,150
SNP_00149,17-03-26,PRD_104,HUB_CHI,262,18,40,120
SNP_00150,02-05-26,PRD_102,HUB_NYC,123,30,50,150
SNP_00151,10-04-26,PRD_104,HUB_CHI,250,10,40,120
SNP_00152,20-05-26,PRD_105,HUB_LAX,69,9,25,70
SNP_00153,17-04-26,PRD_104,HUB_NYC,295,10,40,120
SNP_00154,14-04-26,PRD_105,HUB_LAX,63,22,25,70
SNP_00155,24-05-26,PRD_107,HUB_CHI,304,23,30,100
SNP_00156,29-05-26,PRD_102,HUB_LAX,160,5,50,150
SNP_00157,20-03-26,PRD_108,HUB_DFW,128,25,75,250
SNP_00158,05-03-26,PRD_107,HUB_DFW,43,14,30,100
SNP_00159,20-04-26,PRD_102,HUB_CHI,208,10,50,150
SNP_00160,16-05-26,PRD_106,HUB_DFW,223,10,55,180
SNP_00161,29-03-26,PRD_104,HUB_LAX,256,24,40,120
SNP_00162,18-05-26,PRD_107,HUB_NYC,302,4,30,100
SNP_00163,20-03-26,PRD_108,HUB_DFW,45,22,75,250
SNP_00164,27-03-26,PRD_103,HUB_CHI,52,7,60,200
SNP_00165,23-03-26,PRD_104,HUB_CHI,267,21,40,120
SNP_00166,06-05-26,PRD_108,HUB_DFW,206,23,75,250
SNP_00167,19-05-26,PRD_103,HUB_NYC,228,7,60,200
SNP_00168,28-04-26,PRD_102,HUB_NYC,264,20,50,150
SNP_00169,04-05-26,PRD_102,HUB_CHI,110,26,50,150
SNP_00170,17-03-26,PRD_105,HUB_CHI,132,16,25,70
SNP_00171,22-05-26,PRD_104,HUB_LAX,52,26,40,120
SNP_00172,17-05-26,PRD_107,HUB_LAX,64,4,30,100
SNP_00173,11-05-26,PRD_103,HUB_CHI,241,14,60,200
SNP_00174,27-03-26,PRD_102,HUB_DFW,693,20,50,150
SNP_00175,08-05-26,PRD_102,HUB_CHI,264,30,50,150
SNP_00176,26-03-26,PRD_101,HUB_NYC,154,5,30,80
SNP_00177,23-03-26,PRD_102,HUB_NYC,128,23,50,150
SNP_00178,01-05-26,PRD_104,HUB_CHI,70,5,40,120
SNP_00179,18-05-26,PRD_105,HUB_NYC,20,22,25,70
SNP_00180,16-04-26,PRD_102,HUB_DFW,575,24,50,150
SNP_00181,26-04-26,PRD_107,HUB_CHI,137,19,30,100
SNP_00182,05-05-26,PRD_106,HUB_CHI,279,20,55,180
SNP_00183,18-04-26,PRD_107,HUB_NYC,177,30,30,100
SNP_00184,09-03-26,PRD_108,HUB_CHI,176,4,75,250
SNP_00185,12-05-26,PRD_107,HUB_CHI,204,14,30,100
SNP_00186,21-05-26,PRD_105,HUB_LAX,84,29,25,70
SNP_00187,31-03-26,PRD_104,HUB_CHI,125,5,40,120
SNP_00188,27-04-26,PRD_107,HUB_LAX,102,15,30,100
SNP_00189,12-03-26,PRD_101,HUB_CHI,209,17,30,80
SNP_00190,22-05-26,PRD_101,HUB_DFW,229,6,30,80
SNP_00191,20-03-26,PRD_105,HUB_NYC,28,10,25,70
SNP_00192,16-05-26,PRD_101,HUB_DFW,169,28,30,80
SNP_00193,13-03-26,PRD_107,HUB_NYC,232,5,30,100
SNP_00194,20-05-26,PRD_107,HUB_CHI,247,18,30,100
SNP_00195,28-03-26,PRD_106,HUB_CHI,59,22,55,180
SNP_00196,20-05-26,PRD_105,HUB_CHI,306,26,25,70
SNP_00197,26-03-26,PRD_105,HUB_LAX,252,4,25,70
SNP_00198,07-04-26,PRD_108,HUB_CHI,149,15,75,250
SNP_00199,29-04-26,PRD_103,HUB_CHI,282,5,60,200
SNP_00200,27-03-26,PRD_103,HUB_NYC,162,13,60,200
SNP_00201,17-04-26,PRD_103,HUB_CHI,133,4,60,200
SNP_00202,28-05-26,PRD_103,HUB_DFW,57,11,60,200
SNP_00203,10-03-26,PRD_103,HUB_NYC,228,18,60,200
SNP_00204,05-05-26,PRD_107,HUB_DFW,213,30,30,100
SNP_00205,03-04-26,PRD_106,HUB_DFW,244,29,55,180
SNP_00206,20-03-26,PRD_103,HUB_CHI,301,10,60,200
SNP_00207,30-03-26,PRD_108,HUB_CHI,245,22,75,250
SNP_00208,05-05-26,PRD_101,HUB_NYC,120,19,30,80
SNP_00209,19-03-26,PRD_102,HUB_DFW,636,12,50,150
SNP_00210,16-04-26,PRD_104,HUB_CHI,253,13,40,120
SNP_00211,22-03-26,PRD_108,HUB_NYC,59,30,75,250
SNP_00212,11-03-26,PRD_103,HUB_NYC,181,29,60,200
SNP_00213,25-03-26,PRD_107,HUB_LAX,244,28,30,100
SNP_00214,15-05-26,PRD_106,HUB_CHI,56,23,55,180
SNP_00215,28-03-26,PRD_103,HUB_DFW,145,25,60,200
SNP_00216,27-04-26,PRD_105,HUB_DFW,305,7,25,70
SNP_00217,28-05-26,PRD_108,HUB_NYC,266,20,75,250
SNP_00218,09-03-26,PRD_106,HUB_NYC,105,28,55,180
SNP_00219,22-05-26,PRD_105,HUB_DFW,212,13,25,70
SNP_00220,11-03-26,PRD_104,HUB_CHI,193,30,40,120
SNP_00221,13-04-26,PRD_102,HUB_CHI,62,14,50,150
SNP_00222,05-05-26,PRD_105,HUB_LAX,266,19,25,70
SNP_00223,09-03-26,PRD_104,HUB_CHI,222,8,40,120
SNP_00224,15-05-26,PRD_106,HUB_DFW,153,22,55,180
SNP_00225,20-03-26,PRD_104,HUB_DFW,315,25,40,120
SNP_00226,20-03-26,PRD_107,HUB_NYC,116,6,30,100
SNP_00227,27-05-26,PRD_106,HUB_CHI,79,12,55,180
SNP_00228,10-05-26,PRD_108,HUB_CHI,261,4,75,250
SNP_00229,29-04-26,PRD_104,HUB_NYC,187,8,40,120
SNP_00230,25-03-26,PRD_106,HUB_NYC,288,20,55,180
SNP_00231,07-05-26,PRD_102,HUB_LAX,143,5,50,150
SNP_00232,28-05-26,PRD_101,HUB_LAX,46,16,30,80
SNP_00233,23-05-26,PRD_101,HUB_CHI,64,5,30,80
SNP_00234,22-04-26,PRD_107,HUB_CHI,97,21,30,100
SNP_00235,13-04-26,PRD_104,HUB_CHI,265,27,40,120
SNP_00236,09-03-26,PRD_108,HUB_LAX,112,30,75,250
SNP_00237,30-03-26,PRD_101,HUB_LAX,48,29,30,80
SNP_00238,27-03-26,PRD_107,HUB_CHI,279,26,30,100
SNP_00239,18-04-26,PRD_106,HUB_DFW,164,24,55,180
SNP_00240,29-03-26,PRD_106,HUB_LAX,71,13,55,180
SNP_00241,18-04-26,PRD_101,HUB_LAX,226,9,30,80
SNP_00242,08-05-26,PRD_105,HUB_LAX,261,9,25,70
SNP_00243,13-03-26,PRD_105,HUB_LAX,221,22,25,70
SNP_00244,10-04-26,PRD_108,HUB_CHI,94,7,75,250
SNP_00245,17-03-26,PRD_106,HUB_CHI,51,10,55,180
SNP_00246,02-03-26,PRD_106,HUB_NYC,224,24,55,180
SNP_00247,05-04-26,PRD_106,HUB_NYC,279,30,55,180
SNP_00248,05-03-26,PRD_105,HUB_NYC,28,30,25,70
SNP_00249,01-03-26,PRD_103,HUB_LAX,164,4,60,200
SNP_00250,08-04-26,PRD_103,HUB_CHI,165,12,60,200
SNP_00251,03-05-26,PRD_106,HUB_NYC,78,13,55,180
SNP_00252,13-04-26,PRD_104,HUB_LAX,277,29,40,120
SNP_00253,30-05-26,PRD_102,HUB_DFW,461,25,50,150
SNP_00254,20-04-26,PRD_108,HUB_DFW,304,9,75,250
SNP_00255,09-03-26,PRD_108,HUB_DFW,253,16,75,250
SNP_00256,18-03-26,PRD_101,HUB_LAX,295,19,30,80
SNP_00257,10-04-26,PRD_101,HUB_CHI,302,5,30,80
SNP_00258,20-03-26,PRD_106,HUB_NYC,162,22,55,180
SNP_00259,10-04-26,PRD_101,HUB_CHI,84,9,30,80
SNP_00260,02-05-26,PRD_102,HUB_CHI,184,30,50,150
SNP_00261,15-04-26,PRD_104,HUB_LAX,214,26,40,120
SNP_00262,23-03-26,PRD_107,HUB_LAX,74,29,30,100
SNP_00263,28-04-26,PRD_101,HUB_NYC,271,29,30,80
SNP_00264,15-05-26,PRD_101,HUB_CHI,281,13,30,80
SNP_00265,07-03-26,PRD_105,HUB_LAX,296,12,25,70
SNP_00266,19-04-26,PRD_105,HUB_DFW,283,13,25,70
SNP_00267,12-04-26,PRD_108,HUB_NYC,138,10,75,250
SNP_00268,02-04-26,PRD_106,HUB_LAX,186,20,55,180
SNP_00269,02-05-26,PRD_107,HUB_CHI,244,6,30,100
SNP_00270,17-04-26,PRD_103,HUB_CHI,88,23,60,200
SNP_00271,25-05-26,PRD_106,HUB_NYC,287,15,55,180
SNP_00272,14-05-26,PRD_101,HUB_NYC,267,18,30,80
SNP_00273,24-05-26,PRD_108,HUB_NYC,41,26,75,250
SNP_00274,23-05-26,PRD_105,HUB_NYC,23,30,25,70
SNP_00275,29-05-26,PRD_104,HUB_DFW,318,13,40,120
SNP_00276,21-05-26,PRD_108,HUB_LAX,42,16,75,250
SNP_00277,27-04-26,PRD_105,HUB_LAX,251,28,25,70
SNP_00278,18-04-26,PRD_106,HUB_LAX,141,15,55,180
SNP_00279,03-03-26,PRD_106,HUB_CHI,210,15,55,180
SNP_00280,16-05-26,PRD_102,HUB_DFW,575,23,50,150
SNP_00281,09-05-26,PRD_106,HUB_DFW,242,29,55,180
SNP_00282,20-04-26,PRD_107,HUB_CHI,106,27,30,100
SNP_00283,03-04-26,PRD_107,HUB_LAX,168,7,30,100
SNP_00284,01-05-26,PRD_105,HUB_NYC,24,12,25,70
SNP_00285,29-04-26,PRD_101,HUB_CHI,252,20,30,80
SNP_00286,10-05-26,PRD_105,HUB_NYC,10,11,25,70
SNP_00287,12-05-26,PRD_103,HUB_DFW,237,24,60,200
SNP_00288,19-03-26,PRD_105,HUB_CHI,292,11,25,70
SNP_00289,19-03-26,PRD_108,HUB_NYC,307,9,75,250
SNP_00290,27-05-26,PRD_101,HUB_CHI,107,11,30,80
SNP_00291,08-05-26,PRD_103,HUB_CHI,140,6,60,200
SNP_00292,03-03-26,PRD_106,HUB_LAX,275,21,55,180
SNP_00293,06-03-26,PRD_104,HUB_NYC,314,23,40,120
SNP_00294,11-03-26,PRD_104,HUB_LAX,194,6,40,120
SNP_00295,23-03-26,PRD_108,HUB_CHI,47,17,75,250
SNP_00296,04-05-26,PRD_107,HUB_LAX,183,4,30,100
SNP_00297,03-03-26,PRD_103,HUB_CHI,98,12,60,200
SNP_00298,31-03-26,PRD_106,HUB_LAX,265,6,55,180
SNP_00299,02-03-26,PRD_101,HUB_LAX,209,14,30,80
SNP_00300,21-05-26,PRD_108,HUB_DFW,257,25,75,250
SNP_00301,06-03-26,PRD_105,HUB_DFW,144,14,25,70
SNP_00302,10-03-26,PRD_106,HUB_DFW,179,18,55,180
SNP_00303,27-03-26,PRD_104,HUB_DFW,313,4,40,120
SNP_00304,23-05-26,PRD_104,HUB_NYC,129,23,40,120
SNP_00305,23-05-26,PRD_105,HUB_CHI,234,28,25,70
SNP_00306,23-05-26,PRD_101,HUB_NYC,161,20,30,80
SNP_00307,30-05-26,PRD_103,HUB_LAX,71,19,60,200
SNP_00308,29-05-26,PRD_102,HUB_CHI,157,7,50,150
SNP_00309,04-05-26,PRD_107,HUB_LAX,243,18,30,100
SNP_00310,05-04-26,PRD_102,HUB_LAX,316,18,50,150
SNP_00311,02-05-26,PRD_103,HUB_NYC,169,8,60,200
SNP_00312,09-05-26,PRD_102,HUB_DFW,642,15,50,150
SNP_00313,27-04-26,PRD_104,HUB_LAX,191,21,40,120
SNP_00314,01-05-26,PRD_104,HUB_LAX,76,7,40,120
SNP_00315,16-03-26,PRD_106,HUB_CHI,95,13,55,180
SNP_00316,07-05-26,PRD_107,HUB_DFW,183,13,30,100
SNP_00317,10-03-26,PRD_101,HUB_NYC,68,23,30,80
SNP_00318,05-03-26,PRD_106,HUB_DFW,299,20,55,180
SNP_00319,31-03-26,PRD_106,HUB_NYC,248,6,55,180
SNP_00320,22-05-26,PRD_101,HUB_NYC,90,22,30,80
SNP_00321,13-05-26,PRD_105,HUB_NYC,28,8,25,70
SNP_00322,02-05-26,PRD_108,HUB_NYC,304,12,75,250
SNP_00323,11-03-26,PRD_108,HUB_NYC,215,20,75,250
SNP_00324,15-03-26,PRD_104,HUB_CHI,222,19,40,120
SNP_00325,17-03-26,PRD_102,HUB_LAX,267,12,50,150
SNP_00326,04-05-26,PRD_103,HUB_LAX,239,12,60,200
SNP_00327,02-05-26,PRD_101,HUB_CHI,77,16,30,80
SNP_00328,22-03-26,PRD_102,HUB_DFW,519,30,50,150
SNP_00329,23-04-26,PRD_103,HUB_LAX,297,26,60,200
SNP_00330,28-05-26,PRD_105,HUB_CHI,176,30,25,70
SNP_00331,14-03-26,PRD_107,HUB_DFW,182,26,30,100
SNP_00332,01-03-26,PRD_103,HUB_NYC,62,11,60,200
SNP_00333,23-03-26,PRD_107,HUB_LAX,76,30,30,100
SNP_00334,30-05-26,PRD_104,HUB_NYC,247,5,40,120
SNP_00335,10-04-26,PRD_104,HUB_CHI,247,6,40,120
SNP_00336,02-03-26,PRD_101,HUB_DFW,188,16,30,80
SNP_00337,06-05-26,PRD_102,HUB_DFW,540,23,50,150
SNP_00338,06-04-26,PRD_108,HUB_CHI,233,20,75,250
SNP_00339,16-04-26,PRD_103,HUB_NYC,184,14,60,200
SNP_00340,12-04-26,PRD_102,HUB_LAX,67,6,50,150
SNP_00341,22-05-26,PRD_105,HUB_LAX,209,11,25,70
SNP_00342,02-05-26,PRD_107,HUB_NYC,225,14,30,100
SNP_00343,25-05-26,PRD_104,HUB_NYC,137,6,40,120
SNP_00344,12-04-26,PRD_103,HUB_DFW,240,14,60,200
SNP_00345,15-04-26,PRD_101,HUB_DFW,102,17,30,80
SNP_00346,16-04-26,PRD_102,HUB_LAX,212,18,50,150
SNP_00347,22-04-26,PRD_104,HUB_NYC,52,4,40,120
SNP_00348,04-05-26,PRD_107,HUB_NYC,103,5,30,100
SNP_00349,20-03-26,PRD_107,HUB_CHI,295,28,30,100
SNP_00350,11-05-26,PRD_106,HUB_CHI,94,10,55,180
SNP_00351,14-05-26,PRD_103,HUB_NYC,254,5,60,200
SNP_00352,08-04-26,PRD_104,HUB_DFW,47,5,40,120
SNP_00353,29-05-26,PRD_108,HUB_CHI,235,7,75,250
SNP_00354,08-03-26,PRD_107,HUB_NYC,274,23,30,100
SNP_00355,11-05-26,PRD_105,HUB_LAX,131,6,25,70
SNP_00356,04-05-26,PRD_103,HUB_LAX,48,8,60,200
SNP_00357,13-04-26,PRD_103,HUB_NYC,177,28,60,200
SNP_00358,26-05-26,PRD_102,HUB_DFW,494,10,50,150
SNP_00359,26-05-26,PRD_106,HUB_LAX,172,23,55,180
SNP_00360,05-03-26,PRD_106,HUB_DFW,137,8,55,180
SNP_00361,13-03-26,PRD_108,HUB_LAX,204,4,75,250
SNP_00362,09-03-26,PRD_104,HUB_LAX,210,23,40,120
SNP_00363,01-04-26,PRD_107,HUB_LAX,308,11,30,100
SNP_00364,07-03-26,PRD_107,HUB_CHI,189,18,30,100
SNP_00365,26-05-26,PRD_106,HUB_LAX,164,7,55,180
SNP_00366,08-03-26,PRD_105,HUB_LAX,150,21,25,70
SNP_00367,24-03-26,PRD_106,HUB_DFW,256,15,55,180
SNP_00368,28-03-26,PRD_106,HUB_LAX,223,10,55,180
SNP_00369,10-03-26,PRD_108,HUB_LAX,158,19,75,250
SNP_00370,13-03-26,PRD_103,HUB_CHI,78,12,60,200
SNP_00371,01-04-26,PRD_101,HUB_DFW,73,22,30,80
SNP_00372,17-05-26,PRD_104,HUB_CHI,114,4,40,120
SNP_00373,25-03-26,PRD_106,HUB_NYC,320,15,55,180
SNP_00374,10-05-26,PRD_107,HUB_NYC,296,20,30,100
SNP_00375,07-05-26,PRD_108,HUB_LAX,200,27,75,250
SNP_00376,18-04-26,PRD_107,HUB_LAX,156,4,30,100
SNP_00377,17-03-26,PRD_108,HUB_NYC,176,26,75,250
SNP_00378,18-03-26,PRD_104,HUB_LAX,180,23,40,120
SNP_00379,19-05-26,PRD_108,HUB_NYC,247,27,75,250
SNP_00380,23-04-26,PRD_108,HUB_DFW,103,15,75,250
SNP_00381,30-03-26,PRD_106,HUB_NYC,90,13,55,180
SNP_00382,07-04-26,PRD_107,HUB_DFW,88,21,30,100
SNP_00383,14-04-26,PRD_103,HUB_CHI,190,6,60,200
SNP_00384,10-05-26,PRD_105,HUB_DFW,303,24,25,70
SNP_00385,06-04-26,PRD_103,HUB_NYC,156,12,60,200
SNP_00386,24-05-26,PRD_104,HUB_CHI,271,23,40,120
SNP_00387,07-04-26,PRD_103,HUB_LAX,295,16,60,200
SNP_00388,05-03-26,PRD_107,HUB_DFW,45,20,30,100
SNP_00389,26-03-26,PRD_102,HUB_LAX,113,5,50,150
SNP_00390,17-04-26,PRD_105,HUB_DFW,232,8,25,70
SNP_00391,28-05-26,PRD_106,HUB_DFW,131,17,55,180
SNP_00392,13-03-26,PRD_101,HUB_DFW,287,13,30,80
SNP_00393,02-04-26,PRD_108,HUB_NYC,267,30,75,250
SNP_00394,20-05-26,PRD_106,HUB_LAX,157,9,55,180
SNP_00395,12-04-26,PRD_102,HUB_CHI,279,28,50,150
SNP_00396,31-03-26,PRD_108,HUB_CHI,221,8,75,250
SNP_00397,09-03-26,PRD_103,HUB_LAX,211,20,60,200
SNP_00398,11-03-26,PRD_104,HUB_CHI,69,24,40,120
SNP_00399,11-03-26,PRD_104,HUB_CHI,188,27,40,120
SNP_00400,14-04-26,PRD_104,HUB_LAX,135,30,40,120
SNP_00401,15-04-26,PRD_107,HUB_LAX,177,11,30,100
SNP_00402,23-03-26,PRD_103,HUB_LAX,80,5,60,200
SNP_00403,22-03-26,PRD_102,HUB_DFW,679,27,50,150
SNP_00404,12-03-26,PRD_107,HUB_DFW,147,16,30,100
SNP_00405,21-05-26,PRD_103,HUB_NYC,292,13,60,200
SNP_00406,18-03-26,PRD_106,HUB_CHI,221,27,55,180
SNP_00407,18-04-26,PRD_108,HUB_NYC,72,25,75,250
SNP_00408,01-04-26,PRD_106,HUB_NYC,244,20,55,180
SNP_00409,08-05-26,PRD_102,HUB_NYC,125,7,50,150
SNP_00410,06-03-26,PRD_102,HUB_NYC,143,27,50,150
SNP_00411,05-04-26,PRD_104,HUB_DFW,285,25,40,120
SNP_00412,12-05-26,PRD_105,HUB_DFW,257,20,25,70
SNP_00413,22-05-26,PRD_108,HUB_LAX,80,16,75,250
SNP_00414,01-03-26,PRD_102,HUB_NYC,142,8,50,150
SNP_00415,02-04-26,PRD_105,HUB_LAX,53,9,25,70
SNP_00416,01-03-26,PRD_104,HUB_DFW,171,20,40,120
SNP_00417,23-03-26,PRD_107,HUB_DFW,315,11,30,100
SNP_00418,09-03-26,PRD_104,HUB_CHI,145,28,40,120
SNP_00419,01-05-26,PRD_102,HUB_CHI,284,8,50,150
SNP_00420,30-05-26,PRD_104,HUB_LAX,82,18,40,120
SNP_00421,21-03-26,PRD_105,HUB_CHI,44,14,25,70
SNP_00422,14-04-26,PRD_107,HUB_CHI,112,23,30,100
SNP_00423,20-03-26,PRD_108,HUB_DFW,218,5,75,250
SNP_00424,02-05-26,PRD_106,HUB_CHI,73,25,55,180
SNP_00425,09-03-26,PRD_103,HUB_CHI,156,8,60,200
SNP_00426,29-04-26,PRD_106,HUB_DFW,182,24,55,180
SNP_00427,28-03-26,PRD_105,HUB_DFW,313,21,25,70
SNP_00428,06-05-26,PRD_104,HUB_NYC,50,16,40,120
SNP_00429,07-03-26,PRD_105,HUB_CHI,144,8,25,70
SNP_00430,26-05-26,PRD_108,HUB_DFW,77,17,75,250
SNP_00431,06-05-26,PRD_103,HUB_DFW,209,10,60,200
SNP_00432,03-03-26,PRD_107,HUB_NYC,252,9,30,100
SNP_00433,25-03-26,PRD_104,HUB_LAX,99,15,40,120
SNP_00434,24-04-26,PRD_108,HUB_CHI,62,17,75,250
SNP_00435,18-03-26,PRD_108,HUB_CHI,280,16,75,250
SNP_00436,18-05-26,PRD_103,HUB_DFW,291,27,60,200
SNP_00437,24-05-26,PRD_105,HUB_DFW,306,6,25,70
SNP_00438,14-05-26,PRD_106,HUB_NYC,209,18,55,180
SNP_00439,12-04-26,PRD_104,HUB_DFW,118,8,40,120
SNP_00440,14-03-26,PRD_107,HUB_DFW,310,26,30,100
SNP_00441,02-05-26,PRD_104,HUB_CHI,54,8,40,120
SNP_00442,18-05-26,PRD_104,HUB_CHI,241,19,40,120
SNP_00443,07-03-26,PRD_107,HUB_CHI,186,7,30,100
SNP_00444,13-04-26,PRD_101,HUB_NYC,263,9,30,80
SNP_00445,16-03-26,PRD_106,HUB_CHI,211,25,55,180
SNP_00446,07-03-26,PRD_103,HUB_NYC,151,13,60,200
SNP_00447,29-03-26,PRD_106,HUB_DFW,234,27,55,180
SNP_00448,18-05-26,PRD_101,HUB_NYC,291,23,30,80
SNP_00449,21-03-26,PRD_104,HUB_LAX,290,5,40,120
SNP_00450,16-03-26,PRD_104,HUB_CHI,101,24,40,120
SNP_00451,16-04-26,PRD_103,HUB_DFW,145,12,60,200
SNP_00452,19-05-26,PRD_101,HUB_NYC,272,26,30,80
SNP_00453,08-04-26,PRD_101,HUB_NYC,66,27,30,80
SNP_00454,09-05-26,PRD_103,HUB_NYC,282,18,60,200
SNP_00455,27-05-26,PRD_108,HUB_DFW,207,16,75,250
SNP_00456,13-04-26,PRD_108,HUB_DFW,270,23,75,250
SNP_00457,27-05-26,PRD_104,HUB_CHI,167,23,40,120
SNP_00458,16-05-26,PRD_105,HUB_CHI,314,9,25,70
SNP_00459,04-05-26,PRD_106,HUB_CHI,269,28,55,180
SNP_00460,24-04-26,PRD_107,HUB_NYC,161,12,30,100
SNP_00461,26-03-26,PRD_108,HUB_CHI,45,26,75,250
SNP_00462,18-03-26,PRD_106,HUB_NYC,54,5,55,180
SNP_00463,11-04-26,PRD_103,HUB_CHI,265,15,60,200
SNP_00464,08-04-26,PRD_106,HUB_LAX,114,15,55,180
SNP_00465,11-03-26,PRD_101,HUB_DFW,242,19,30,80
SNP_00466,02-05-26,PRD_102,HUB_DFW,462,8,50,150
SNP_00467,22-04-26,PRD_103,HUB_CHI,169,8,60,200
SNP_00468,01-05-26,PRD_105,HUB_LAX,140,14,25,70
SNP_00469,15-03-26,PRD_107,HUB_CHI,259,18,30,100
SNP_00470,20-04-26,PRD_106,HUB_CHI,181,6,55,180
SNP_00471,09-03-26,PRD_101,HUB_CHI,315,20,30,80
SNP_00472,06-04-26,PRD_107,HUB_CHI,192,4,30,100
SNP_00473,10-04-26,PRD_102,HUB_DFW,493,9,50,150
SNP_00474,31-03-26,PRD_104,HUB_DFW,318,22,40,120
SNP_00475,08-03-26,PRD_108,HUB_CHI,127,21,75,250
SNP_00476,10-04-26,PRD_107,HUB_CHI,288,15,30,100
SNP_00477,28-04-26,PRD_108,HUB_DFW,307,16,75,250
SNP_00478,19-05-26,PRD_104,HUB_NYC,77,11,40,120
SNP_00479,11-04-26,PRD_107,HUB_LAX,188,15,30,100
SNP_00480,24-03-26,PRD_102,HUB_LAX,213,4,50,150
SNP_00481,07-05-26,PRD_102,HUB_CHI,123,23,50,150
SNP_00482,21-04-26,PRD_108,HUB_NYC,162,15,75,250
SNP_00483,09-05-26,PRD_107,HUB_LAX,104,24,30,100
SNP_00484,16-03-26,PRD_105,HUB_CHI,158,9,25,70
SNP_00485,27-05-26,PRD_102,HUB_CHI,87,6,50,150
SNP_00486,02-03-26,PRD_105,HUB_NYC,17,27,25,70
SNP_00487,17-04-26,PRD_103,HUB_CHI,169,20,60,200
SNP_00488,15-04-26,PRD_106,HUB_NYC,193,5,55,180
SNP_00489,30-03-26,PRD_108,HUB_CHI,79,21,75,250
SNP_00490,10-03-26,PRD_106,HUB_CHI,88,18,55,180
SNP_00491,15-04-26,PRD_107,HUB_NYC,282,18,30,100
SNP_00492,30-04-26,PRD_103,HUB_CHI,254,30,60,200
SNP_00493,18-03-26,PRD_105,HUB_DFW,305,16,25,70
SNP_00494,19-05-26,PRD_108,HUB_CHI,50,10,75,250
SNP_00495,16-05-26,PRD_102,HUB_NYC,252,17,50,150
SNP_00496,09-04-26,PRD_101,HUB_NYC,302,19,30,80
SNP_00497,18-04-26,PRD_102,HUB_LAX,137,5,50,150
SNP_00498,07-03-26,PRD_102,HUB_NYC,177,28,50,150
SNP_00499,25-03-26,PRD_107,HUB_CHI,310,11,30,100
SNP_00500,03-05-26,PRD_101,HUB_LAX,76,17,30,80
SNP_00501,29-03-26,PRD_103,HUB_NYC,294,9,60,200
SNP_00502,30-03-26,PRD_102,HUB_DFW,567,8,50,150
SNP_00503,03-04-26,PRD_103,HUB_CHI,141,24,60,200
SNP_00504,23-04-26,PRD_103,HUB_LAX,272,21,60,200
SNP_00505,18-04-26,PRD_102,HUB_CHI,98,6,50,150
SNP_00506,14-04-26,PRD_106,HUB_CHI,254,28,55,180
SNP_00507,26-05-26,PRD_107,HUB_DFW,215,10,30,100
SNP_00508,25-04-26,PRD_101,HUB_LAX,238,26,30,80
SNP_00509,22-05-26,PRD_107,HUB_DFW,113,10,30,100
SNP_00510,27-03-26,PRD_108,HUB_DFW,146,21,75,250
SNP_00511,30-03-26,PRD_108,HUB_CHI,202,29,75,250
SNP_00512,05-03-26,PRD_105,HUB_CHI,155,27,25,70
SNP_00513,27-05-26,PRD_107,HUB_DFW,187,4,30,100
SNP_00514,29-05-26,PRD_107,HUB_DFW,247,26,30,100
SNP_00515,02-05-26,PRD_103,HUB_LAX,182,13,60,200
SNP_00516,18-04-26,PRD_104,HUB_LAX,271,13,40,120
SNP_00517,26-03-26,PRD_107,HUB_NYC,155,16,30,100
SNP_00518,15-04-26,PRD_101,HUB_LAX,69,11,30,80
SNP_00519,23-04-26,PRD_108,HUB_CHI,304,14,75,250
SNP_00520,25-05-26,PRD_107,HUB_LAX,67,11,30,100
SNP_00521,22-05-26,PRD_108,HUB_DFW,116,22,75,250
SNP_00522,13-05-26,PRD_101,HUB_NYC,228,8,30,80
SNP_00523,14-04-26,PRD_105,HUB_LAX,122,4,25,70
SNP_00524,23-04-26,PRD_103,HUB_DFW,55,24,60,200
SNP_00525,25-04-26,PRD_102,HUB_CHI,77,4,50,150
SNP_00526,23-03-26,PRD_107,HUB_NYC,206,19,30,100
SNP_00527,08-03-26,PRD_107,HUB_LAX,108,12,30,100
SNP_00528,11-05-26,PRD_104,HUB_NYC,239,11,40,120
SNP_00529,21-04-26,PRD_103,HUB_DFW,242,9,60,200
SNP_00530,01-05-26,PRD_105,HUB_CHI,225,20,25,70
SNP_00531,01-05-26,PRD_101,HUB_LAX,88,4,30,80
SNP_00532,26-03-26,PRD_101,HUB_NYC,234,11,30,80
SNP_00533,05-05-26,PRD_104,HUB_CHI,299,24,40,120
SNP_00534,16-04-26,PRD_101,HUB_DFW,114,13,30,80
SNP_00535,13-05-26,PRD_105,HUB_CHI,243,14,25,70
SNP_00536,21-03-26,PRD_103,HUB_DFW,202,25,60,200
SNP_00537,11-03-26,PRD_101,HUB_NYC,46,23,30,80
SNP_00538,29-03-26,PRD_103,HUB_LAX,88,20,60,200
SNP_00539,26-05-26,PRD_101,HUB_CHI,54,12,30,80
SNP_00540,21-04-26,PRD_108,HUB_CHI,173,11,75,250
SNP_00541,04-04-26,PRD_108,HUB_DFW,308,19,75,250
SNP_00542,04-04-26,PRD_108,HUB_NYC,311,4,75,250
SNP_00543,08-04-26,PRD_107,HUB_CHI,100,4,30,100
SNP_00544,28-04-26,PRD_104,HUB_DFW,70,17,40,120
SNP_00545,12-03-26,PRD_101,HUB_DFW,272,22,30,80
SNP_00546,11-03-26,PRD_101,HUB_DFW,44,28,30,80
SNP_00547,15-03-26,PRD_103,HUB_DFW,258,19,60,200
SNP_00548,20-04-26,PRD_101,HUB_NYC,50,12,30,80
SNP_00549,17-05-26,PRD_104,HUB_LAX,152,24,40,120
SNP_00550,04-04-26,PRD_106,HUB_DFW,144,15,55,180
SNP_00551,11-04-26,PRD_107,HUB_LAX,112,30,30,100
SNP_00552,09-04-26,PRD_103,HUB_DFW,195,26,60,200
SNP_00553,01-03-26,PRD_101,HUB_NYC,303,7,30,80
SNP_00554,01-05-26,PRD_103,HUB_CHI,197,27,60,200
SNP_00555,10-05-26,PRD_105,HUB_NYC,17,20,25,70
SNP_00556,20-04-26,PRD_108,HUB_DFW,118,30,75,250
SNP_00557,26-03-26,PRD_102,HUB_DFW,494,14,50,150
SNP_00558,20-03-26,PRD_104,HUB_NYC,183,6,40,120
SNP_00559,12-05-26,PRD_105,HUB_CHI,251,20,25,70
SNP_00560,01-04-26,PRD_106,HUB_DFW,74,30,55,180
SNP_00561,28-03-26,PRD_103,HUB_LAX,299,7,60,200
SNP_00562,28-04-26,PRD_103,HUB_CHI,284,21,60,200
SNP_00563,09-04-26,PRD_102,HUB_DFW,567,18,50,150
SNP_00564,14-04-26,PRD_101,HUB_DFW,249,17,30,80
SNP_00565,04-05-26,PRD_101,HUB_NYC,139,21,30,80
SNP_00566,04-03-26,PRD_102,HUB_CHI,276,29,50,150
SNP_00567,20-03-26,PRD_105,HUB_DFW,291,19,25,70
SNP_00568,09-05-26,PRD_103,HUB_CHI,162,8,60,200
SNP_00569,26-05-26,PRD_107,HUB_DFW,116,10,30,100
SNP_00570,29-05-26,PRD_103,HUB_CHI,169,12,60,200
SNP_00571,23-04-26,PRD_105,HUB_LAX,317,23,25,70
SNP_00572,23-05-26,PRD_107,HUB_NYC,61,10,30,100
SNP_00573,18-03-26,PRD_108,HUB_LAX,258,18,75,250
SNP_00574,08-03-26,PRD_108,HUB_NYC,170,4,75,250
SNP_00575,11-04-26,PRD_107,HUB_CHI,83,9,30,100
SNP_00576,21-05-26,PRD_106,HUB_DFW,312,20,55,180
SNP_00577,06-03-26,PRD_108,HUB_CHI,92,4,75,250
SNP_00578,03-05-26,PRD_105,HUB_NYC,27,30,25,70
SNP_00579,21-04-26,PRD_102,HUB_CHI,208,20,50,150
SNP_00580,06-05-26,PRD_106,HUB_LAX,109,22,55,180
SNP_00581,20-04-26,PRD_103,HUB_NYC,196,23,60,200
SNP_00582,11-03-26,PRD_106,HUB_CHI,102,8,55,180
SNP_00583,24-05-26,PRD_105,HUB_DFW,211,22,25,70
SNP_00584,16-03-26,PRD_108,HUB_DFW,207,22,75,250
SNP_00585,04-05-26,PRD_107,HUB_NYC,258,21,30,100
SNP_00586,23-05-26,PRD_102,HUB_CHI,313,6,50,150
SNP_00587,12-03-26,PRD_106,HUB_CHI,186,23,55,180
SNP_00588,04-04-26,PRD_101,HUB_DFW,120,20,30,80
SNP_00589,24-03-26,PRD_102,HUB_LAX,234,9,50,150
SNP_00590,12-04-26,PRD_108,HUB_NYC,239,18,75,250
SNP_00591,24-04-26,PRD_101,HUB_LAX,106,26,30,80
SNP_00592,19-03-26,PRD_104,HUB_LAX,186,29,40,120
SNP_00593,02-04-26,PRD_103,HUB_CHI,191,5,60,200
SNP_00594,03-04-26,PRD_102,HUB_CHI,69,23,50,150
SNP_00595,18-05-26,PRD_104,HUB_LAX,102,25,40,120
SNP_00596,15-04-26,PRD_107,HUB_NYC,313,29,30,100
SNP_00597,21-03-26,PRD_101,HUB_NYC,135,11,30,80
SNP_00598,05-04-26,PRD_107,HUB_LAX,195,9,30,100
SNP_00599,31-03-26,PRD_101,HUB_NYC,130,29,30,80
SNP_00600,14-03-26,PRD_107,HUB_CHI,79,4,30,100
SNP_00601,08-05-26,PRD_102,HUB_NYC,291,10,50,150
SNP_00602,13-04-26,PRD_104,HUB_LAX,181,10,40,120
SNP_00603,07-05-26,PRD_102,HUB_NYC,224,9,50,150
SNP_00604,26-05-26,PRD_105,HUB_DFW,73,29,25,70
SNP_00605,02-05-26,PRD_101,HUB_CHI,91,29,30,80
SNP_00606,10-05-26,PRD_105,HUB_DFW,62,23,25,70
SNP_00607,28-05-26,PRD_105,HUB_DFW,271,7,25,70
SNP_00608,29-05-26,PRD_107,HUB_LAX,182,18,30,100
SNP_00609,06-04-26,PRD_108,HUB_DFW,99,25,75,250
SNP_00610,08-04-26,PRD_108,HUB_DFW,169,20,75,250
SNP_00611,30-05-26,PRD_104,HUB_NYC,235,6,40,120
SNP_00612,28-04-26,PRD_108,HUB_LAX,44,29,75,250
SNP_00613,04-05-26,PRD_101,HUB_LAX,300,22,30,80
SNP_00614,02-05-26,PRD_108,HUB_LAX,218,4,75,250
SNP_00615,09-05-26,PRD_102,HUB_NYC,163,22,50,150
SNP_00616,11-05-26,PRD_105,HUB_CHI,191,15,25,70
SNP_00617,04-05-26,PRD_102,HUB_NYC,158,9,50,150
SNP_00618,17-04-26,PRD_103,HUB_CHI,222,15,60,200
SNP_00619,22-05-26,PRD_107,HUB_DFW,312,14,30,100
SNP_00620,14-04-26,PRD_102,HUB_DFW,622,13,50,150
SNP_00621,08-05-26,PRD_108,HUB_CHI,241,29,75,250
SNP_00622,21-04-26,PRD_101,HUB_NYC,283,21,30,80
SNP_00623,25-04-26,PRD_103,HUB_NYC,312,10,60,200
SNP_00624,03-05-26,PRD_108,HUB_LAX,111,22,75,250
SNP_00625,12-04-26,PRD_107,HUB_DFW,263,23,30,100
SNP_00626,03-03-26,PRD_101,HUB_NYC,228,15,30,80
SNP_00627,03-04-26,PRD_108,HUB_DFW,182,7,75,250
SNP_00628,21-04-26,PRD_102,HUB_CHI,126,7,50,150
SNP_00629,21-04-26,PRD_101,HUB_CHI,179,27,30,80
SNP_00630,04-04-26,PRD_104,HUB_LAX,241,11,40,120
SNP_00631,08-05-26,PRD_101,HUB_LAX,235,17,30,80
SNP_00632,25-04-26,PRD_108,HUB_CHI,199,6,75,250
SNP_00633,25-03-26,PRD_104,HUB_LAX,171,28,40,120
SNP_00634,21-03-26,PRD_103,HUB_DFW,259,21,60,200
SNP_00635,17-03-26,PRD_107,HUB_LAX,185,4,30,100
SNP_00636,22-05-26,PRD_108,HUB_CHI,268,23,75,250
SNP_00637,15-05-26,PRD_103,HUB_LAX,116,19,60,200
SNP_00638,27-03-26,PRD_105,HUB_LAX,79,27,25,70
SNP_00639,11-04-26,PRD_105,HUB_CHI,300,4,25,70
SNP_00640,08-04-26,PRD_108,HUB_NYC,116,27,75,250
SNP_00641,05-04-26,PRD_103,HUB_LAX,268,27,60,200
SNP_00642,08-05-26,PRD_101,HUB_LAX,43,19,30,80
SNP_00643,16-05-26,PRD_108,HUB_LAX,195,4,75,250
SNP_00644,03-03-26,PRD_104,HUB_DFW,105,9,40,120
SNP_00645,22-03-26,PRD_107,HUB_DFW,137,25,30,100
SNP_00646,29-04-26,PRD_101,HUB_NYC,57,5,30,80
SNP_00647,06-03-26,PRD_105,HUB_CHI,278,21,25,70
SNP_00648,22-04-26,PRD_101,HUB_CHI,166,20,30,80
SNP_00649,08-05-26,PRD_106,HUB_DFW,317,25,55,180
SNP_00650,18-03-26,PRD_106,HUB_CHI,200,29,55,180
SNP_00651,11-03-26,PRD_101,HUB_NYC,68,26,30,80
SNP_00652,31-03-26,PRD_106,HUB_CHI,78,19,55,180
SNP_00653,27-03-26,PRD_101,HUB_NYC,199,30,30,80
SNP_00654,26-03-26,PRD_107,HUB_LAX,90,14,30,100
SNP_00655,10-03-26,PRD_104,HUB_CHI,109,22,40,120
SNP_00656,27-04-26,PRD_104,HUB_DFW,100,23,40,120
SNP_00657,28-04-26,PRD_101,HUB_NYC,88,30,30,80
SNP_00658,09-05-26,PRD_108,HUB_LAX,179,28,75,250
SNP_00659,14-03-26,PRD_107,HUB_LAX,66,13,30,100
SNP_00660,05-04-26,PRD_102,HUB_LAX,213,23,50,150
SNP_00661,18-05-26,PRD_106,HUB_DFW,176,17,55,180
SNP_00662,05-05-26,PRD_107,HUB_CHI,157,26,30,100
SNP_00663,18-04-26,PRD_105,HUB_NYC,20,28,25,70
SNP_00664,17-05-26,PRD_101,HUB_DFW,205,6,30,80
SNP_00665,08-03-26,PRD_103,HUB_NYC,77,18,60,200
SNP_00666,22-04-26,PRD_104,HUB_DFW,84,14,40,120
SNP_00667,09-03-26,PRD_102,HUB_NYC,313,25,50,150
SNP_00668,14-03-26,PRD_102,HUB_NYC,180,14,50,150
SNP_00669,04-04-26,PRD_103,HUB_NYC,151,19,60,200
SNP_00670,05-03-26,PRD_102,HUB_NYC,53,13,50,150
SNP_00671,05-05-26,PRD_108,HUB_CHI,207,15,75,250
SNP_00672,14-04-26,PRD_105,HUB_CHI,267,21,25,70
SNP_00673,14-05-26,PRD_102,HUB_DFW,680,6,50,150
SNP_00674,13-03-26,PRD_107,HUB_LAX,115,19,30,100
SNP_00675,14-04-26,PRD_107,HUB_LAX,167,9,30,100
SNP_00676,12-04-26,PRD_105,HUB_CHI,312,8,25,70
SNP_00677,05-03-26,PRD_102,HUB_LAX,95,27,50,150
SNP_00678,30-04-26,PRD_103,HUB_NYC,196,20,60,200
SNP_00679,21-04-26,PRD_101,HUB_LAX,127,10,30,80
SNP_00680,03-03-26,PRD_108,HUB_DFW,91,11,75,250
SNP_00681,15-03-26,PRD_105,HUB_CHI,91,5,25,70
SNP_00682,29-05-26,PRD_108,HUB_DFW,146,20,75,250
SNP_00683,10-04-26,PRD_104,HUB_CHI,164,14,40,120
SNP_00684,10-05-26,PRD_101,HUB_DFW,189,30,30,80
SNP_00685,25-03-26,PRD_103,HUB_DFW,101,15,60,200
SNP_00686,24-05-26,PRD_102,HUB_DFW,746,7,50,150
SNP_00687,12-05-26,PRD_106,HUB_LAX,140,24,55,180
SNP_00688,13-05-26,PRD_108,HUB_CHI,156,8,75,250
SNP_00689,25-04-26,PRD_102,HUB_LAX,264,24,50,150
SNP_00690,01-04-26,PRD_106,HUB_NYC,44,27,55,180
SNP_00691,01-05-26,PRD_101,HUB_CHI,78,13,30,80
SNP_00692,08-03-26,PRD_108,HUB_NYC,121,4,75,250
SNP_00693,29-03-26,PRD_102,HUB_LAX,181,24,50,150
SNP_00694,03-05-26,PRD_101,HUB_LAX,108,19,30,80
SNP_00695,29-03-26,PRD_102,HUB_CHI,306,15,50,150
SNP_00696,20-05-26,PRD_102,HUB_DFW,714,12,50,150
SNP_00697,22-04-26,PRD_106,HUB_NYC,224,29,55,180
SNP_00698,05-03-26,PRD_106,HUB_NYC,231,19,55,180
SNP_00699,29-04-26,PRD_107,HUB_NYC,149,7,30,100
SNP_00700,28-03-26,PRD_106,HUB_CHI,213,12,55,180
SNP_00701,19-03-26,PRD_106,HUB_NYC,243,22,55,180
SNP_00702,11-05-26,PRD_107,HUB_CHI,227,19,30,100
SNP_00703,02-05-26,PRD_107,HUB_NYC,150,7,30,100
SNP_00704,07-03-26,PRD_108,HUB_DFW,229,5,75,250
SNP_00705,29-03-26,PRD_104,HUB_DFW,57,18,40,120
SNP_00706,04-03-26,PRD_106,HUB_NYC,158,7,55,180
SNP_00707,11-04-26,PRD_104,HUB_CHI,276,11,40,120
SNP_00708,21-05-26,PRD_102,HUB_LAX,81,13,50,150
SNP_00709,30-03-26,PRD_102,HUB_NYC,174,9,50,150
SNP_00710,08-04-26,PRD_105,HUB_DFW,269,22,25,70
SNP_00711,06-04-26,PRD_102,HUB_LAX,141,19,50,150
SNP_00712,15-05-26,PRD_107,HUB_LAX,53,12,30,100
SNP_00713,07-05-26,PRD_102,HUB_NYC,111,7,50,150
SNP_00714,27-04-26,PRD_101,HUB_LAX,306,25,30,80
SNP_00715,22-03-26,PRD_107,HUB_DFW,121,27,30,100
SNP_00716,17-05-26,PRD_104,HUB_LAX,134,7,40,120
SNP_00717,16-03-26,PRD_108,HUB_LAX,165,5,75,250
SNP_00718,17-03-26,PRD_104,HUB_CHI,75,19,40,120
SNP_00719,09-05-26,PRD_108,HUB_DFW,121,18,75,250
SNP_00720,17-05-26,PRD_106,HUB_CHI,167,26,55,180
SNP_00721,01-03-26,PRD_102,HUB_LAX,227,18,50,150
SNP_00722,15-03-26,PRD_107,HUB_NYC,109,28,30,100
SNP_00723,11-03-26,PRD_104,HUB_CHI,257,30,40,120
SNP_00724,02-05-26,PRD_108,HUB_NYC,110,22,75,250
SNP_00725,28-05-26,PRD_103,HUB_NYC,78,7,60,200
SNP_00726,24-03-26,PRD_103,HUB_DFW,170,16,60,200
SNP_00727,02-03-26,PRD_103,HUB_CHI,167,5,60,200
SNP_00728,25-04-26,PRD_108,HUB_LAX,259,22,75,250
SNP_00729,26-04-26,PRD_103,HUB_LAX,190,11,60,200
SNP_00730,04-04-26,PRD_105,HUB_CHI,84,24,25,70
SNP_00731,22-04-26,PRD_106,HUB_CHI,165,26,55,180
SNP_00732,03-04-26,PRD_105,HUB_NYC,9,20,25,70
SNP_00733,21-04-26,PRD_105,HUB_CHI,292,7,25,70
SNP_00734,12-03-26,PRD_105,HUB_DFW,273,12,25,70
SNP_00735,24-05-26,PRD_103,HUB_NYC,306,26,60,200
SNP_00736,26-05-26,PRD_108,HUB_NYC,75,7,75,250
SNP_00737,06-03-26,PRD_106,HUB_DFW,202,17,55,180
SNP_00738,08-03-26,PRD_103,HUB_CHI,256,8,60,200
SNP_00739,20-05-26,PRD_104,HUB_LAX,114,9,40,120
SNP_00740,16-04-26,PRD_107,HUB_DFW,110,10,30,100
SNP_00741,13-03-26,PRD_108,HUB_DFW,61,16,75,250
SNP_00742,10-04-26,PRD_104,HUB_DFW,214,28,40,120
SNP_00743,20-03-26,PRD_108,HUB_NYC,95,10,75,250
SNP_00744,02-04-26,PRD_108,HUB_DFW,203,24,75,250
SNP_00745,25-05-26,PRD_106,HUB_DFW,247,6,55,180
SNP_00746,22-04-26,PRD_106,HUB_DFW,307,5,55,180
SNP_00747,20-03-26,PRD_106,HUB_CHI,234,8,55,180
SNP_00748,19-05-26,PRD_104,HUB_CHI,251,29,40,120
SNP_00749,13-04-26,PRD_101,HUB_LAX,72,20,30,80
SNP_00750,02-05-26,PRD_104,HUB_LAX,42,18,40,120
SNP_00751,05-04-26,PRD_102,HUB_CHI,85,17,50,150
SNP_00752,13-04-26,PRD_101,HUB_LAX,66,11,30,80
SNP_00753,08-05-26,PRD_108,HUB_NYC,155,27,75,250
SNP_00754,25-05-26,PRD_103,HUB_CHI,82,19,60,200
SNP_00755,10-05-26,PRD_108,HUB_CHI,188,26,75,250
SNP_00756,17-03-26,PRD_102,HUB_CHI,280,20,50,150
SNP_00757,26-05-26,PRD_101,HUB_DFW,228,25,30,80
SNP_00758,08-05-26,PRD_108,HUB_DFW,233,10,75,250
SNP_00759,22-05-26,PRD_108,HUB_NYC,183,29,75,250
SNP_00760,18-04-26,PRD_106,HUB_CHI,272,4,55,180
SNP_00761,21-05-26,PRD_106,HUB_LAX,98,17,55,180
SNP_00762,20-05-26,PRD_108,HUB_LAX,74,18,75,250
SNP_00763,21-05-26,PRD_105,HUB_NYC,25,12,25,70
SNP_00764,18-04-26,PRD_104,HUB_LAX,284,13,40,120
SNP_00765,23-04-26,PRD_103,HUB_NYC,219,4,60,200
SNP_00766,02-04-26,PRD_108,HUB_CHI,314,10,75,250
SNP_00767,30-05-26,PRD_104,HUB_NYC,202,6,40,120
SNP_00768,15-04-26,PRD_103,HUB_NYC,213,28,60,200
SNP_00769,18-05-26,PRD_106,HUB_LAX,133,26,55,180
SNP_00770,25-04-26,PRD_104,HUB_NYC,299,22,40,120
SNP_00771,30-05-26,PRD_104,HUB_NYC,75,29,40,120
SNP_00772,08-03-26,PRD_105,HUB_LAX,270,8,25,70
SNP_00773,11-03-26,PRD_102,HUB_CHI,265,17,50,150
SNP_00774,27-04-26,PRD_106,HUB_CHI,249,15,55,180
SNP_00775,04-05-26,PRD_102,HUB_NYC,244,7,50,150
SNP_00776,21-04-26,PRD_105,HUB_DFW,43,19,25,70
SNP_00777,04-04-26,PRD_101,HUB_NYC,145,9,30,80
SNP_00778,06-03-26,PRD_102,HUB_DFW,598,11,50,150
SNP_00779,26-03-26,PRD_103,HUB_CHI,292,25,60,200
SNP_00780,13-05-26,PRD_101,HUB_CHI,124,19,30,80
SNP_00781,18-04-26,PRD_102,HUB_NYC,121,25,50,150
SNP_00782,14-04-26,PRD_102,HUB_DFW,594,11,50,150
SNP_00783,17-03-26,PRD_108,HUB_CHI,320,22,75,250
SNP_00784,21-04-26,PRD_103,HUB_LAX,247,8,60,200
SNP_00785,02-03-26,PRD_103,HUB_NYC,110,27,60,200
SNP_00786,01-03-26,PRD_103,HUB_DFW,271,7,60,200
SNP_00787,19-03-26,PRD_105,HUB_CHI,152,12,25,70
SNP_00788,30-05-26,PRD_101,HUB_CHI,211,27,30,80
SNP_00789,19-05-26,PRD_108,HUB_NYC,75,6,75,250
SNP_00790,09-05-26,PRD_106,HUB_NYC,257,16,55,180
SNP_00791,30-04-26,PRD_104,HUB_DFW,53,22,40,120
SNP_00792,12-05-26,PRD_101,HUB_NYC,219,4,30,80
SNP_00793,16-04-26,PRD_108,HUB_CHI,54,28,75,250
SNP_00794,08-04-26,PRD_108,HUB_CHI,218,24,75,250
SNP_00795,17-03-26,PRD_101,HUB_CHI,62,13,30,80
SNP_00796,25-04-26,PRD_105,HUB_LAX,122,26,25,70
SNP_00797,30-05-26,PRD_104,HUB_DFW,225,9,40,120
SNP_00798,01-03-26,PRD_104,HUB_CHI,152,28,40,120
SNP_00799,21-03-26,PRD_101,HUB_NYC,192,22,30,80
SNP_00800,26-03-26,PRD_106,HUB_NYC,109,7,55,180
SNP_00801,16-05-26,PRD_101,HUB_CHI,157,11,30,80
SNP_00802,10-04-26,PRD_103,HUB_CHI,186,4,60,200
SNP_00803,14-03-26,PRD_106,HUB_DFW,98,29,55,180
SNP_00804,04-03-26,PRD_102,HUB_DFW,480,9,50,150
SNP_00805,30-03-26,PRD_107,HUB_NYC,127,6,30,100
SNP_00806,05-04-26,PRD_107,HUB_LAX,266,29,30,100
SNP_00807,07-04-26,PRD_108,HUB_LAX,102,4,75,250
SNP_00808,23-04-26,PRD_101,HUB_CHI,274,10,30,80
SNP_00809,08-04-26,PRD_107,HUB_NYC,50,13,30,100
SNP_00810,06-04-26,PRD_103,HUB_CHI,172,8,60,200
SNP_00811,02-05-26,PRD_107,HUB_CHI,116,29,30,100
SNP_00812,10-03-26,PRD_102,HUB_DFW,749,16,50,150
SNP_00813,27-05-26,PRD_102,HUB_DFW,575,12,50,150
SNP_00814,25-03-26,PRD_108,HUB_DFW,125,28,75,250
SNP_00815,10-03-26,PRD_107,HUB_CHI,68,24,30,100
SNP_00816,28-03-26,PRD_106,HUB_NYC,130,29,55,180
SNP_00817,30-05-26,PRD_108,HUB_DFW,108,30,75,250
SNP_00818,14-04-26,PRD_103,HUB_NYC,126,23,60,200
SNP_00819,03-03-26,PRD_101,HUB_LAX,269,17,30,80
SNP_00820,05-04-26,PRD_103,HUB_DFW,107,8,60,200
SNP_00821,17-03-26,PRD_105,HUB_NYC,16,20,25,70
SNP_00822,10-03-26,PRD_105,HUB_LAX,160,7,25,70
SNP_00823,19-05-26,PRD_103,HUB_CHI,145,12,60,200
SNP_00824,01-03-26,PRD_103,HUB_DFW,86,26,60,200
SNP_00825,17-03-26,PRD_104,HUB_CHI,115,9,40,120
SNP_00826,05-04-26,PRD_102,HUB_NYC,206,4,50,150
SNP_00827,01-04-26,PRD_107,HUB_DFW,183,13,30,100
SNP_00828,14-04-26,PRD_107,HUB_NYC,222,12,30,100
SNP_00829,06-05-26,PRD_104,HUB_LAX,61,8,40,120
SNP_00830,08-03-26,PRD_104,HUB_DFW,150,7,40,120
SNP_00831,14-03-26,PRD_106,HUB_DFW,175,7,55,180
SNP_00832,17-04-26,PRD_103,HUB_DFW,251,24,60,200
SNP_00833,31-03-26,PRD_102,HUB_NYC,140,5,50,150
SNP_00834,28-04-26,PRD_108,HUB_DFW,231,7,75,250
SNP_00835,06-04-26,PRD_106,HUB_DFW,282,12,55,180
SNP_00836,11-05-26,PRD_108,HUB_DFW,258,4,75,250
SNP_00837,12-05-26,PRD_101,HUB_LAX,241,18,30,80
SNP_00838,12-05-26,PRD_101,HUB_CHI,286,25,30,80
SNP_00839,31-03-26,PRD_105,HUB_CHI,211,4,25,70
SNP_00840,28-03-26,PRD_103,HUB_DFW,300,23,60,200
SNP_00841,19-03-26,PRD_101,HUB_CHI,59,30,30,80
SNP_00842,24-05-26,PRD_106,HUB_CHI,285,30,55,180
SNP_00843,04-04-26,PRD_104,HUB_NYC,266,5,40,120
SNP_00844,06-04-26,PRD_102,HUB_LAX,240,28,50,150
SNP_00845,18-05-26,PRD_102,HUB_CHI,267,24,50,150
SNP_00846,26-03-26,PRD_105,HUB_LAX,165,30,25,70
SNP_00847,29-04-26,PRD_104,HUB_LAX,124,20,40,120
SNP_00848,11-04-26,PRD_103,HUB_NYC,177,17,60,200
SNP_00849,01-03-26,PRD_108,HUB_DFW,279,4,75,250
SNP_00850,22-03-26,PRD_106,HUB_DFW,191,27,55,180
SNP_00851,19-05-26,PRD_104,HUB_DFW,182,6,40,120
SNP_00852,19-04-26,PRD_106,HUB_CHI,105,27,55,180
SNP_00853,04-03-26,PRD_106,HUB_NYC,247,23,55,180
SNP_00854,14-03-26,PRD_107,HUB_NYC,272,6,30,100
SNP_00855,26-04-26,PRD_102,HUB_LAX,236,21,50,150
SNP_00856,07-05-26,PRD_104,HUB_NYC,196,21,40,120
SNP_00857,30-04-26,PRD_107,HUB_DFW,166,15,30,100
SNP_00858,12-04-26,PRD_103,HUB_LAX,56,22,60,200
SNP_00859,16-05-26,PRD_105,HUB_NYC,6,11,25,70
SNP_00860,17-04-26,PRD_102,HUB_DFW,567,21,50,150
SNP_00861,25-04-26,PRD_102,HUB_NYC,111,18,50,150
SNP_00862,13-05-26,PRD_104,HUB_DFW,193,30,40,120
SNP_00863,13-03-26,PRD_103,HUB_LAX,226,30,60,200
SNP_00864,15-03-26,PRD_105,HUB_DFW,160,21,25,70
SNP_00865,10-03-26,PRD_101,HUB_CHI,84,14,30,80
SNP_00866,02-05-26,PRD_106,HUB_LAX,40,18,55,180
SNP_00867,16-05-26,PRD_107,HUB_LAX,278,8,30,100
SNP_00868,16-04-26,PRD_101,HUB_CHI,58,22,30,80
SNP_00869,14-04-26,PRD_101,HUB_DFW,271,11,30,80
SNP_00870,12-05-26,PRD_106,HUB_NYC,205,6,55,180
SNP_00871,02-03-26,PRD_101,HUB_CHI,264,12,30,80
SNP_00872,29-05-26,PRD_107,HUB_LAX,132,14,30,100
SNP_00873,13-03-26,PRD_102,HUB_LAX,59,6,50,150
SNP_00874,25-05-26,PRD_101,HUB_LAX,151,13,30,80
SNP_00875,11-03-26,PRD_108,HUB_LAX,178,27,75,250
SNP_00876,20-04-26,PRD_104,HUB_LAX,139,9,40,120
SNP_00877,26-04-26,PRD_106,HUB_LAX,308,29,55,180
SNP_00878,06-03-26,PRD_108,HUB_LAX,293,27,75,250
SNP_00879,28-05-26,PRD_105,HUB_DFW,178,29,25,70
SNP_00880,25-03-26,PRD_103,HUB_DFW,260,4,60,200
SNP_00881,07-04-26,PRD_104,HUB_LAX,149,16,40,120
SNP_00882,21-04-26,PRD_102,HUB_NYC,116,7,50,150
SNP_00883,06-03-26,PRD_105,HUB_DFW,72,17,25,70
SNP_00884,11-03-26,PRD_104,HUB_DFW,112,7,40,120
SNP_00885,04-03-26,PRD_103,HUB_NYC,174,12,60,200
SNP_00886,18-05-26,PRD_106,HUB_LAX,149,8,55,180
SNP_00887,19-03-26,PRD_101,HUB_LAX,100,16,30,80
SNP_00888,24-05-26,PRD_104,HUB_LAX,115,9,40,120
SNP_00889,26-05-26,PRD_106,HUB_DFW,250,11,55,180
SNP_00890,04-03-26,PRD_106,HUB_DFW,101,24,55,180
SNP_00891,05-04-26,PRD_105,HUB_NYC,25,30,25,70
SNP_00892,12-03-26,PRD_105,HUB_LAX,241,20,25,70
SNP_00893,14-04-26,PRD_103,HUB_LAX,79,15,60,200
SNP_00894,03-03-26,PRD_107,HUB_DFW,85,23,30,100
SNP_00895,19-03-26,PRD_103,HUB_CHI,293,29,60,200
SNP_00896,01-04-26,PRD_108,HUB_DFW,115,27,75,250
SNP_00897,10-05-26,PRD_106,HUB_DFW,54,6,55,180
SNP_00898,25-04-26,PRD_102,HUB_CHI,299,25,50,150
SNP_00899,07-05-26,PRD_103,HUB_NYC,42,16,60,200
SNP_00900,02-05-26,PRD_102,HUB_NYC,90,5,50,150
SNP_00901,30-03-26,PRD_107,HUB_LAX,267,19,30,100
SNP_00902,22-04-26,PRD_105,HUB_DFW,170,24,25,70
SNP_00903,20-03-26,PRD_106,HUB_DFW,318,16,55,180
SNP_00904,25-04-26,PRD_102,HUB_NYC,86,15,50,150
SNP_00905,24-05-26,PRD_102,HUB_CHI,230,16,50,150
SNP_00906,25-04-26,PRD_105,HUB_NYC,10,11,25,70
SNP_00907,22-04-26,PRD_102,HUB_LAX,293,18,50,150
SNP_00908,18-03-26,PRD_101,HUB_LAX,102,30,30,80
SNP_00909,27-05-26,PRD_106,HUB_DFW,43,24,55,180
SNP_00910,24-04-26,PRD_104,HUB_LAX,173,20,40,120
SNP_00911,11-03-26,PRD_104,HUB_LAX,62,30,40,120
SNP_00912,01-04-26,PRD_104,HUB_LAX,165,17,40,120
SNP_00913,21-04-26,PRD_104,HUB_NYC,161,19,40,120
SNP_00914,15-03-26,PRD_104,HUB_LAX,66,14,40,120
SNP_00915,03-03-26,PRD_108,HUB_NYC,308,23,75,250
SNP_00916,24-05-26,PRD_104,HUB_LAX,306,19,40,120
SNP_00917,16-03-26,PRD_101,HUB_LAX,147,17,30,80
SNP_00918,26-03-26,PRD_104,HUB_CHI,303,23,40,120
SNP_00919,01-05-26,PRD_107,HUB_NYC,137,29,30,100
SNP_00920,12-03-26,PRD_101,HUB_NYC,188,16,30,80
SNP_00921,19-04-26,PRD_107,HUB_NYC,107,18,30,100
SNP_00922,21-05-26,PRD_103,HUB_NYC,177,14,60,200
SNP_00923,12-03-26,PRD_108,HUB_LAX,104,7,75,250
SNP_00924,09-05-26,PRD_104,HUB_NYC,66,28,40,120
SNP_00925,20-05-26,PRD_103,HUB_LAX,310,19,60,200
SNP_00926,05-05-26,PRD_101,HUB_NYC,253,15,30,80
SNP_00927,29-05-26,PRD_106,HUB_LAX,260,11,55,180
SNP_00928,03-03-26,PRD_108,HUB_DFW,162,29,75,250
SNP_00929,11-03-26,PRD_103,HUB_NYC,79,6,60,200
SNP_00930,22-05-26,PRD_103,HUB_LAX,234,29,60,200
SNP_00931,05-05-26,PRD_104,HUB_LAX,240,14,40,120
SNP_00932,25-03-26,PRD_101,HUB_DFW,182,24,30,80
SNP_00933,02-04-26,PRD_104,HUB_LAX,139,6,40,120
SNP_00934,09-04-26,PRD_107,HUB_DFW,318,10,30,100
SNP_00935,21-04-26,PRD_102,HUB_LAX,43,4,50,150
SNP_00936,07-04-26,PRD_106,HUB_NYC,129,8,55,180
SNP_00937,25-03-26,PRD_106,HUB_NYC,44,9,55,180
SNP_00938,16-05-26,PRD_102,HUB_CHI,306,28,50,150
SNP_00939,12-05-26,PRD_103,HUB_NYC,70,9,60,200
SNP_00940,15-03-26,PRD_106,HUB_NYC,224,10,55,180
SNP_00941,25-04-26,PRD_101,HUB_CHI,40,24,30,80
SNP_00942,21-04-26,PRD_106,HUB_CHI,218,14,55,180
SNP_00943,01-03-26,PRD_102,HUB_NYC,120,17,50,150
SNP_00944,16-03-26,PRD_102,HUB_DFW,738,15,50,150
SNP_00945,10-04-26,PRD_108,HUB_DFW,78,23,75,250
SNP_00946,15-04-26,PRD_107,HUB_LAX,260,12,30,100
SNP_00947,16-04-26,PRD_101,HUB_LAX,162,6,30,80
SNP_00948,13-03-26,PRD_107,HUB_DFW,212,6,30,100
SNP_00949,07-05-26,PRD_103,HUB_NYC,145,22,60,200
SNP_00950,04-04-26,PRD_107,HUB_CHI,77,7,30,100
SNP_00951,26-05-26,PRD_106,HUB_CHI,201,13,55,180
SNP_00952,30-05-26,PRD_101,HUB_DFW,253,16,30,80
SNP_00953,05-04-26,PRD_105,HUB_LAX,286,27,25,70
SNP_00954,22-04-26,PRD_107,HUB_LAX,125,24,30,100
SNP_00955,30-05-26,PRD_107,HUB_LAX,306,30,30,100
SNP_00956,29-05-26,PRD_104,HUB_NYC,97,21,40,120
SNP_00957,24-05-26,PRD_105,HUB_LAX,78,5,25,70
SNP_00958,01-05-26,PRD_107,HUB_LAX,157,14,30,100
SNP_00959,28-03-26,PRD_106,HUB_CHI,59,20,55,180
SNP_00960,26-05-26,PRD_102,HUB_LAX,204,13,50,150
SNP_00961,17-05-26,PRD_102,HUB_CHI,228,13,50,150
SNP_00962,01-05-26,PRD_104,HUB_DFW,175,26,40,120
SNP_00963,19-05-26,PRD_103,HUB_NYC,43,4,60,200
SNP_00964,31-03-26,PRD_101,HUB_CHI,241,13,30,80
SNP_00965,20-04-26,PRD_103,HUB_LAX,185,4,60,200
SNP_00966,16-04-26,PRD_104,HUB_DFW,195,17,40,120
SNP_00967,20-04-26,PRD_101,HUB_CHI,193,15,30,80
SNP_00968,12-04-26,PRD_107,HUB_LAX,256,6,30,100
SNP_00969,12-03-26,PRD_103,HUB_CHI,103,25,60,200
SNP_00970,14-05-26,PRD_101,HUB_CHI,173,5,30,80
SNP_00971,19-05-26,PRD_104,HUB_CHI,159,13,40,120
SNP_00972,07-05-26,PRD_108,HUB_NYC,287,25,75,250
SNP_00973,11-04-26,PRD_103,HUB_NYC,218,23,60,200
SNP_00974,12-04-26,PRD_102,HUB_DFW,695,27,50,150
SNP_00975,13-04-26,PRD_101,HUB_DFW,204,7,30,80
SNP_00976,01-05-26,PRD_104,HUB_LAX,308,21,40,120
SNP_00977,28-03-26,PRD_101,HUB_NYC,105,19,30,80
SNP_00978,27-04-26,PRD_104,HUB_NYC,76,21,40,120
SNP_00979,29-03-26,PRD_105,HUB_CHI,145,12,25,70
SNP_00980,11-03-26,PRD_107,HUB_NYC,203,21,30,100
SNP_00981,24-04-26,PRD_105,HUB_LAX,300,23,25,70
SNP_00982,30-04-26,PRD_108,HUB_LAX,152,23,75,250
SNP_00983,16-05-26,PRD_103,HUB_LAX,310,8,60,200
SNP_00984,03-05-26,PRD_102,HUB_LAX,96,11,50,150
SNP_00985,18-03-26,PRD_105,HUB_NYC,26,25,25,70
SNP_00986,30-03-26,PRD_103,HUB_LAX,56,24,60,200
SNP_00987,15-04-26,PRD_101,HUB_DFW,239,16,30,80
SNP_00988,17-04-26,PRD_102,HUB_NYC,247,21,50,150
SNP_00989,16-03-26,PRD_103,HUB_DFW,218,8,60,200
SNP_00990,18-03-26,PRD_106,HUB_CHI,247,21,55,180
SNP_00991,11-03-26,PRD_101,HUB_DFW,217,24,30,80
SNP_00992,09-05-26,PRD_105,HUB_DFW,254,9,25,70
SNP_00993,23-04-26,PRD_104,HUB_LAX,320,11,40,120
SNP_00994,03-04-26,PRD_103,HUB_LAX,300,21,60,200
SNP_00995,12-03-26,PRD_102,HUB_NYC,185,29,50,150
SNP_00996,12-05-26,PRD_105,HUB_DFW,79,23,25,70
SNP_00997,19-05-26,PRD_107,HUB_CHI,120,12,30,100
SNP_00998,26-05-26,PRD_104,HUB_LAX,290,10,40,120
SNP_00999,09-04-26,PRD_107,HUB_NYC,289,13,30,100
SNP_01000,05-03-26,PRD_105,HUB_NYC,11,11,25,70
