order_id,customer_id,hub_id,order_date,platform,total_order_amount,total_cogs,items_count
ORD_00001,CUST_1077,HUB_CHI,17-02-26,Mobile App,129,65,1
ORD_00002,CUST_1030,HUB_LAX,17-01-26,Web Portal,1992,880,1
ORD_00003,CUST_1150,HUB_NYC,21-06-26,Web Portal,159,75,1
ORD_00004,CUST_1141,HUB_LAX,01-04-26,Web Portal,2565,1658,4
ORD_00005,CUST_1120,HUB_LAX,08-04-26,Mobile App,658,408,2
ORD_00006,CUST_1226,HUB_CHI,18-02-26,Web Portal,129,65,1
ORD_00007,CUST_1071,HUB_DFW,17-02-26,Web Portal,2398,1580,2
ORD_00008,CUST_1156,HUB_CHI,02-06-26,Mobile App,138,60,1
ORD_00009,CUST_1193,HUB_NYC,31-01-26,In-Store POS,5990,3800,1
ORD_00010,CUST_1086,HUB_NYC,17-03-26,Mobile App,599,380,1
ORD_00011,CUST_1202,HUB_DFW,25-04-26,Web Portal,1644,795,2
ORD_00012,CUST_1219,HUB_DFW,11-05-26,In-Store POS,17622,11475,2
ORD_00013,CUST_1111,HUB_DFW,13-02-26,Web Portal,159,75,1
ORD_00014,CUST_1058,HUB_NYC,06-03-26,Web Portal,668,296,2
ORD_00015,CUST_1218,HUB_NYC,15-06-26,Web Portal,996,440,1
ORD_00016,CUST_1098,HUB_LAX,14-03-26,In-Store POS,207,90,1
ORD_00017,CUST_1259,HUB_DFW,27-04-26,Web Portal,308,138,2
ORD_00018,CUST_1126,HUB_NYC,12-01-26,Web Portal,599,380,1
ORD_00019,CUST_1267,HUB_NYC,24-06-26,Mobile App,599,380,1
ORD_00020,CUST_1250,HUB_NYC,19-06-26,Corporate EDI,2276,1425,2
ORD_00021,CUST_1080,HUB_LAX,18-06-26,Corporate EDI,1198,760,1
ORD_00022,CUST_1118,HUB_NYC,29-04-26,Web Portal,1797,1140,1
ORD_00023,CUST_1087,HUB_DFW,15-05-26,Web Portal,167,74,2
ORD_00024,CUST_1230,HUB_LAX,01-06-26,In-Store POS,118,52,2
ORD_00025,CUST_1035,HUB_NYC,27-05-26,Web Portal,3598,2400,1
ORD_00026,CUST_1153,HUB_DFW,31-03-26,Web Portal,2246,1415,3
ORD_00027,CUST_1141,HUB_NYC,01-05-26,Web Portal,128,58,2
ORD_00028,CUST_1127,HUB_LAX,27-04-26,Mobile App,276,120,1
ORD_00029,CUST_1199,HUB_NYC,21-03-26,Web Portal,1198,760,1
ORD_00030,CUST_1257,HUB_NYC,30-05-26,Mobile App,49,22,1
ORD_00031,CUST_1109,HUB_DFW,14-03-26,Web Portal,345,150,1
ORD_00032,CUST_1280,HUB_NYC,04-04-26,Web Portal,903,455,1
ORD_00033,CUST_1210,HUB_DFW,28-06-26,Corporate EDI,1799,1200,1
ORD_00034,CUST_1295,HUB_CHI,15-03-26,Mobile App,49,22,1
ORD_00035,CUST_1292,HUB_DFW,28-02-26,Mobile App,1868,1230,2
ORD_00036,CUST_1189,HUB_NYC,24-03-26,Mobile App,996,440,1
ORD_00037,CUST_1045,HUB_CHI,25-01-26,Mobile App,996,440,1
ORD_00038,CUST_1172,HUB_DFW,18-05-26,Web Portal,2398,1580,2
ORD_00039,CUST_1178,HUB_LAX,24-04-26,Corporate EDI,59,28,1
ORD_00040,CUST_1081,HUB_LAX,26-02-26,Mobile App,848,490,2
ORD_00041,CUST_1024,HUB_CHI,05-01-26,Web Portal,159,75,1
ORD_00042,CUST_1012,HUB_NYC,30-04-26,Web Portal,3285,2100,4
ORD_00043,CUST_1100,HUB_NYC,06-01-26,Web Portal,129,65,1
ORD_00044,CUST_1139,HUB_DFW,15-05-26,Mobile App,1958,1275,2
ORD_00045,CUST_1096,HUB_NYC,20-04-26,Web Portal,1097,600,2
ORD_00046,CUST_1047,HUB_DFW,20-03-26,Web Portal,1314,580,2
ORD_00047,CUST_1267,HUB_DFW,01-06-26,Web Portal,599,380,1
ORD_00048,CUST_1214,HUB_DFW,30-03-26,In-Store POS,1410,620,2
ORD_00049,CUST_1151,HUB_CHI,01-06-26,Web Portal,167,78,2
ORD_00050,CUST_1149,HUB_NYC,11-03-26,Web Portal,746,446,2
ORD_00051,CUST_1214,HUB_NYC,23-04-26,Mobile App,930,432,2
ORD_00052,CUST_1023,HUB_LAX,04-01-26,Mobile App,728,445,2
ORD_00053,CUST_1140,HUB_CHI,19-03-26,Mobile App,4923,3165,3
ORD_00054,CUST_1207,HUB_NYC,18-05-26,Web Portal,59,28,1
ORD_00055,CUST_1130,HUB_CHI,29-05-26,Mobile App,129,65,1
ORD_00056,CUST_1193,HUB_NYC,14-05-26,Mobile App,903,455,1
ORD_00057,CUST_1125,HUB_DFW,12-02-26,Corporate EDI,1406,695,2
ORD_00058,CUST_1084,HUB_LAX,20-05-26,Mobile App,1198,760,1
ORD_00059,CUST_1004,HUB_DFW,25-01-26,Mobile App,1134,520,2
ORD_00060,CUST_1268,HUB_NYC,07-02-26,Corporate EDI,1799,1200,1
ORD_00061,CUST_1209,HUB_LAX,02-02-26,Web Portal,357,170,3
ORD_00062,CUST_1219,HUB_DFW,24-02-26,Web Portal,20414,13340,4
ORD_00063,CUST_1177,HUB_CHI,15-06-26,Web Portal,129,65,1
ORD_00064,CUST_1256,HUB_CHI,03-06-26,Web Portal,917,530,2
ORD_00065,CUST_1092,HUB_DFW,11-02-26,Mobile App,1958,1275,2
ORD_00066,CUST_1084,HUB_DFW,17-02-26,Mobile App,258,130,1
ORD_00067,CUST_1051,HUB_DFW,11-01-26,Mobile App,599,380,1
ORD_00068,CUST_1042,HUB_CHI,02-02-26,Mobile App,827,485,3
ORD_00069,CUST_1242,HUB_DFW,22-01-26,Mobile App,159,75,1
ORD_00070,CUST_1295,HUB_NYC,06-04-26,Mobile App,108,50,2
ORD_00071,CUST_1111,HUB_DFW,18-05-26,Web Portal,298,132,2
ORD_00072,CUST_1283,HUB_LAX,10-04-26,Mobile App,599,380,1
ORD_00073,CUST_1008,HUB_NYC,26-01-26,Web Portal,5397,3600,1
ORD_00074,CUST_1261,HUB_NYC,04-05-26,Mobile App,159,75,1
ORD_00075,CUST_1098,HUB_DFW,20-01-26,Mobile App,98,44,1
ORD_00076,CUST_1131,HUB_CHI,09-06-26,Web Portal,1743,770,1
ORD_00077,CUST_1087,HUB_CHI,28-01-26,Mobile App,318,150,1
ORD_00078,CUST_1053,HUB_DFW,10-05-26,Mobile App,138,60,1
ORD_00079,CUST_1047,HUB_NYC,19-02-26,Corporate EDI,728,445,2
ORD_00080,CUST_1057,HUB_CHI,15-06-26,Web Portal,1198,760,1
ORD_00081,CUST_1015,HUB_LAX,04-05-26,Web Portal,498,220,1
ORD_00082,CUST_1263,HUB_LAX,13-04-26,Web Portal,1848,1222,2
ORD_00083,CUST_1117,HUB_CHI,28-04-26,Web Portal,20525,13122,3
ORD_00084,CUST_1182,HUB_NYC,20-04-26,Mobile App,159,75,1
ORD_00085,CUST_1134,HUB_CHI,18-03-26,Mobile App,2235,1402,4
ORD_00086,CUST_1144,HUB_NYC,23-02-26,Mobile App,408,185,2
ORD_00087,CUST_1279,HUB_NYC,21-04-26,Web Portal,159,75,1
ORD_00088,CUST_1215,HUB_DFW,16-03-26,In-Store POS,857,510,2
ORD_00089,CUST_1016,HUB_DFW,01-02-26,Web Portal,288,140,2
ORD_00090,CUST_1005,HUB_NYC,29-04-26,Corporate EDI,159,75,1
ORD_00091,CUST_1088,HUB_DFW,24-06-26,Web Portal,226,102,3
ORD_00092,CUST_1187,HUB_LAX,07-03-26,Web Portal,69,30,1
ORD_00093,CUST_1198,HUB_LAX,04-01-26,Mobile App,129,65,1
ORD_00094,CUST_1204,HUB_CHI,04-01-26,Web Portal,2001,900,2
ORD_00095,CUST_1213,HUB_LAX,21-06-26,Web Portal,774,390,1
ORD_00096,CUST_1080,HUB_LAX,18-04-26,Corporate EDI,318,150,1
ORD_00097,CUST_1154,HUB_DFW,12-04-26,Mobile App,69,30,1
ORD_00098,CUST_1109,HUB_CHI,24-02-26,Web Portal,159,75,1
ORD_00099,CUST_1163,HUB_CHI,02-01-26,In-Store POS,3416,1576,3
ORD_00100,CUST_1116,HUB_DFW,31-05-26,Corporate EDI,906,405,2
ORD_00101,CUST_1234,HUB_DFW,15-04-26,Mobile App,129,65,1
ORD_00102,CUST_1086,HUB_CHI,29-06-26,Web Portal,943,457,3
ORD_00103,CUST_1043,HUB_DFW,23-02-26,Mobile App,159,75,1
ORD_00104,CUST_1146,HUB_LAX,07-01-26,In-Store POS,59,28,1
ORD_00105,CUST_1129,HUB_LAX,16-04-26,Corporate EDI,258,130,1
ORD_00106,CUST_1068,HUB_DFW,09-04-26,Web Portal,18167,12084,2
ORD_00107,CUST_1038,HUB_LAX,12-04-26,Mobile App,747,330,1
ORD_00108,CUST_1229,HUB_CHI,19-05-26,Web Portal,2289,1035,2
ORD_00109,CUST_1179,HUB_NYC,16-03-26,Web Portal,1797,1140,1
ORD_00110,CUST_1279,HUB_DFW,20-05-26,Web Portal,728,445,2
ORD_00111,CUST_1071,HUB_DFW,19-04-26,Web Portal,108,50,2
ORD_00112,CUST_1041,HUB_NYC,01-06-26,Mobile App,599,380,1
ORD_00113,CUST_1212,HUB_CHI,17-06-26,Corporate EDI,4415,2883,4
ORD_00114,CUST_1015,HUB_CHI,21-01-26,Mobile App,2146,1368,4
ORD_00115,CUST_1086,HUB_NYC,16-03-26,Web Portal,3775,2480,4
ORD_00116,CUST_1277,HUB_LAX,28-01-26,Web Portal,69,30,1
ORD_00117,CUST_1168,HUB_DFW,25-03-26,Web Portal,10027,6520,2
ORD_00118,CUST_1227,HUB_NYC,08-05-26,Mobile App,787,473,3
ORD_00119,CUST_1234,HUB_NYC,09-02-26,Web Portal,69,30,1
ORD_00120,CUST_1039,HUB_DFW,19-03-26,Mobile App,159,75,1
ORD_00121,CUST_1215,HUB_DFW,12-06-26,Web Portal,717,432,3
ORD_00122,CUST_1004,HUB_LAX,24-02-26,Web Portal,774,390,1
ORD_00123,CUST_1087,HUB_NYC,02-06-26,Corporate EDI,128,58,2
ORD_00124,CUST_1093,HUB_CHI,11-04-26,Web Portal,376,182,3
ORD_00125,CUST_1014,HUB_CHI,04-04-26,Web Portal,392,176,1
ORD_00126,CUST_1173,HUB_NYC,01-03-26,Mobile App,2256,1407,4
ORD_00127,CUST_1046,HUB_LAX,17-01-26,Web Portal,1290,650,1
ORD_00128,CUST_1202,HUB_NYC,15-04-26,Web Portal,954,420,2
ORD_00129,CUST_1121,HUB_NYC,22-01-26,In-Store POS,69,30,1
ORD_00130,CUST_1150,HUB_NYC,04-02-26,Mobile App,49,22,1
ORD_00131,CUST_1259,HUB_DFW,04-05-26,Web Portal,249,110,1
ORD_00132,CUST_1001,HUB_LAX,07-05-26,Corporate EDI,249,110,1
ORD_00133,CUST_1201,HUB_LAX,07-05-26,Mobile App,414,180,1
ORD_00134,CUST_1038,HUB_LAX,20-03-26,Web Portal,2117,1350,2
ORD_00135,CUST_1156,HUB_DFW,09-02-26,Corporate EDI,2207,1385,3
ORD_00136,CUST_1148,HUB_LAX,07-02-26,Web Portal,1928,1265,2
ORD_00137,CUST_1223,HUB_NYC,22-02-26,In-Store POS,1075,613,4
ORD_00138,CUST_1081,HUB_DFW,17-05-26,Corporate EDI,1245,550,1
ORD_00139,CUST_1265,HUB_CHI,29-03-26,Mobile App,367,162,3
ORD_00140,CUST_1242,HUB_NYC,17-03-26,Mobile App,308,138,2
ORD_00141,CUST_1294,HUB_LAX,11-04-26,Mobile App,69,30,1
ORD_00142,CUST_1091,HUB_NYC,26-05-26,Web Portal,343,154,1
ORD_00143,CUST_1152,HUB_CHI,11-04-26,Web Portal,59,28,1
ORD_00144,CUST_1193,HUB_LAX,31-03-26,Mobile App,483,210,1
ORD_00145,CUST_1074,HUB_LAX,22-02-26,Mobile App,1958,1275,2
ORD_00146,CUST_1270,HUB_CHI,14-01-26,Mobile App,18583,12200,2
ORD_00147,CUST_1223,HUB_NYC,23-03-26,Web Portal,627,285,2
ORD_00148,CUST_1146,HUB_CHI,17-03-26,Mobile App,648,402,2
ORD_00149,CUST_1155,HUB_NYC,18-02-26,Web Portal,483,210,1
ORD_00150,CUST_1107,HUB_NYC,07-02-26,In-Store POS,249,110,1
ORD_00151,CUST_1116,HUB_CHI,30-05-26,Mobile App,2345,1470,3
ORD_00152,CUST_1257,HUB_NYC,09-06-26,In-Store POS,1799,1200,1
ORD_00153,CUST_1073,HUB_CHI,11-01-26,Mobile App,1161,585,1
ORD_00154,CUST_1248,HUB_NYC,14-01-26,Web Portal,3847,2510,2
ORD_00155,CUST_1066,HUB_DFW,28-04-26,In-Store POS,1958,1275,2
ORD_00156,CUST_1119,HUB_NYC,11-05-26,Mobile App,49,22,1
ORD_00157,CUST_1128,HUB_DFW,24-06-26,Web Portal,69,30,1
ORD_00158,CUST_1006,HUB_NYC,15-04-26,Mobile App,1958,1275,2
ORD_00159,CUST_1232,HUB_LAX,24-02-26,In-Store POS,59,28,1
ORD_00160,CUST_1273,HUB_LAX,24-05-26,Corporate EDI,249,110,1
ORD_00161,CUST_1203,HUB_LAX,06-03-26,Corporate EDI,138,60,1
ORD_00162,CUST_1044,HUB_DFW,05-06-26,Mobile App,1858,1228,2
ORD_00163,CUST_1143,HUB_CHI,11-01-26,Web Portal,218,103,2
ORD_00164,CUST_1286,HUB_NYC,03-03-26,Web Portal,2396,1520,1
ORD_00165,CUST_1076,HUB_DFW,11-06-26,Web Portal,599,380,1
ORD_00166,CUST_1162,HUB_NYC,20-05-26,Web Portal,6667,4140,3
ORD_00167,CUST_1006,HUB_DFW,13-03-26,Mobile App,249,110,1
ORD_00168,CUST_1098,HUB_NYC,18-03-26,Mobile App,49,22,1
ORD_00169,CUST_1103,HUB_LAX,02-01-26,Web Portal,118,56,1
ORD_00170,CUST_1197,HUB_CHI,19-01-26,Corporate EDI,18965,12445,3
ORD_00171,CUST_1235,HUB_NYC,13-04-26,Mobile App,903,455,1
ORD_00172,CUST_1030,HUB_CHI,06-06-26,Corporate EDI,1290,650,1
ORD_00173,CUST_1144,HUB_CHI,12-05-26,In-Store POS,367,166,2
ORD_00174,CUST_1086,HUB_LAX,12-06-26,Web Portal,2117,1350,2
ORD_00175,CUST_1030,HUB_CHI,18-05-26,Web Portal,14864,9824,2
ORD_00176,CUST_1173,HUB_CHI,10-05-26,In-Store POS,49,22,1
ORD_00177,CUST_1037,HUB_DFW,07-04-26,Web Portal,129,65,1
ORD_00178,CUST_1260,HUB_LAX,09-02-26,Web Portal,1198,760,1
ORD_00179,CUST_1142,HUB_LAX,28-03-26,Web Portal,2256,1407,4
ORD_00180,CUST_1213,HUB_NYC,26-03-26,Web Portal,1992,880,1
ORD_00181,CUST_1075,HUB_DFW,14-05-26,Mobile App,3742,2230,2
ORD_00182,CUST_1240,HUB_NYC,16-01-26,In-Store POS,599,380,1
ORD_00183,CUST_1297,HUB_NYC,03-01-26,Web Portal,207,90,1
ORD_00184,CUST_1067,HUB_CHI,31-01-26,Web Portal,159,75,1
ORD_00185,CUST_1066,HUB_CHI,16-01-26,Mobile App,59,28,1
ORD_00186,CUST_1194,HUB_LAX,16-03-26,Web Portal,49,22,1
ORD_00187,CUST_1230,HUB_LAX,18-03-26,Corporate EDI,49,22,1
ORD_00188,CUST_1101,HUB_NYC,14-03-26,Web Portal,2017,1303,3
ORD_00189,CUST_1007,HUB_NYC,10-04-26,Mobile App,128,58,2
ORD_00190,CUST_1033,HUB_LAX,02-05-26,Mobile App,69,30,1
ORD_00191,CUST_1189,HUB_DFW,23-04-26,Web Portal,294,132,1
ORD_00192,CUST_1231,HUB_NYC,06-03-26,Web Portal,59,28,1
ORD_00193,CUST_1173,HUB_LAX,28-05-26,Web Portal,159,75,1
ORD_00194,CUST_1239,HUB_NYC,06-05-26,Web Portal,249,110,1
ORD_00195,CUST_1160,HUB_CHI,17-04-26,Mobile App,2274,1022,2
ORD_00196,CUST_1235,HUB_LAX,02-06-26,Web Portal,245,110,1
ORD_00197,CUST_1287,HUB_DFW,05-02-26,Mobile App,1396,641,3
ORD_00198,CUST_1176,HUB_NYC,07-01-26,Web Portal,354,168,1
ORD_00199,CUST_1025,HUB_DFW,05-04-26,Web Portal,188,93,2
ORD_00200,CUST_1210,HUB_NYC,24-04-26,In-Store POS,69,30,1
ORD_00201,CUST_1012,HUB_LAX,12-04-26,Web Portal,157,72,2
ORD_00202,CUST_1119,HUB_LAX,17-02-26,Corporate EDI,98,44,1
ORD_00203,CUST_1152,HUB_CHI,08-03-26,Mobile App,599,380,1
ORD_00204,CUST_1012,HUB_DFW,14-05-26,Mobile App,1958,1275,2
ORD_00205,CUST_1001,HUB_LAX,14-02-26,Mobile App,318,150,1
ORD_00206,CUST_1033,HUB_NYC,16-03-26,Web Portal,1928,1265,2
ORD_00207,CUST_1288,HUB_DFW,06-01-26,Web Portal,249,110,1
ORD_00208,CUST_1099,HUB_NYC,04-02-26,Corporate EDI,2695,1715,4
ORD_00209,CUST_1189,HUB_NYC,08-03-26,Web Portal,414,180,1
ORD_00210,CUST_1037,HUB_DFW,30-04-26,Web Portal,298,132,2
ORD_00211,CUST_1125,HUB_LAX,13-05-26,Mobile App,531,252,1
ORD_00212,CUST_1080,HUB_LAX,10-03-26,Web Portal,1992,880,1
ORD_00213,CUST_1029,HUB_LAX,08-06-26,Mobile App,2997,1960,2
ORD_00214,CUST_1276,HUB_CHI,14-01-26,Mobile App,188,93,2
ORD_00215,CUST_1054,HUB_CHI,24-03-26,Web Portal,129,65,1
ORD_00216,CUST_1110,HUB_NYC,15-03-26,Web Portal,2675,1711,4
ORD_00217,CUST_1269,HUB_CHI,01-05-26,Corporate EDI,477,225,1
ORD_00218,CUST_1202,HUB_DFW,26-05-26,Web Portal,1245,550,1
ORD_00219,CUST_1015,HUB_LAX,03-04-26,Web Portal,159,75,1
ORD_00220,CUST_1108,HUB_CHI,06-05-26,Corporate EDI,3885,2533,4
ORD_00221,CUST_1165,HUB_CHI,19-03-26,Web Portal,1799,1200,1
ORD_00222,CUST_1030,HUB_DFW,04-06-26,Mobile App,5391,3420,1
ORD_00223,CUST_1213,HUB_LAX,04-05-26,Web Portal,599,278,2
ORD_00224,CUST_1021,HUB_LAX,06-06-26,Web Portal,4004,2525,4
ORD_00225,CUST_1033,HUB_CHI,14-01-26,Mobile App,59,28,1
ORD_00226,CUST_1051,HUB_LAX,10-02-26,In-Store POS,129,65,1
ORD_00227,CUST_1028,HUB_DFW,13-03-26,Web Portal,848,490,2
ORD_00228,CUST_1228,HUB_LAX,08-06-26,Mobile App,108,50,2
ORD_00229,CUST_1026,HUB_NYC,23-06-26,Mobile App,1007,565,3
ORD_00230,CUST_1157,HUB_LAX,28-05-26,Web Portal,1799,1200,1
ORD_00231,CUST_1178,HUB_CHI,01-02-26,Mobile App,316,151,3
ORD_00232,CUST_1038,HUB_DFW,02-06-26,Web Portal,378,175,2
ORD_00233,CUST_1063,HUB_DFW,23-03-26,Web Portal,129,65,1
ORD_00234,CUST_1249,HUB_CHI,09-04-26,In-Store POS,599,380,1
ORD_00235,CUST_1096,HUB_CHI,16-05-26,Web Portal,387,195,1
ORD_00236,CUST_1063,HUB_CHI,20-04-26,Web Portal,866,505,3
ORD_00237,CUST_1287,HUB_LAX,30-03-26,Web Portal,904,400,2
ORD_00238,CUST_1129,HUB_DFW,01-03-26,Mobile App,1845,855,2
ORD_00239,CUST_1155,HUB_CHI,16-02-26,Mobile App,5110,3190,2
ORD_00240,CUST_1067,HUB_NYC,14-01-26,In-Store POS,1958,1275,2
ORD_00241,CUST_1093,HUB_NYC,24-01-26,Web Portal,159,75,1
ORD_00242,CUST_1160,HUB_CHI,04-01-26,Mobile App,774,390,1
ORD_00243,CUST_1207,HUB_NYC,07-05-26,Web Portal,49,22,1
ORD_00244,CUST_1098,HUB_CHI,03-03-26,Corporate EDI,69,30,1
ORD_00245,CUST_1218,HUB_LAX,15-05-26,Web Portal,581,262,2
ORD_00246,CUST_1001,HUB_NYC,23-03-26,Mobile App,159,75,1
ORD_00247,CUST_1068,HUB_LAX,10-01-26,Mobile App,4291,2704,2
ORD_00248,CUST_1088,HUB_DFW,11-05-26,Web Portal,566,268,3
ORD_00249,CUST_1099,HUB_NYC,24-01-26,Mobile App,129,65,1
ORD_00250,CUST_1140,HUB_CHI,01-04-26,Mobile App,188,93,2
ORD_00251,CUST_1010,HUB_NYC,03-02-26,Web Portal,599,380,1
ORD_00252,CUST_1193,HUB_CHI,08-05-26,Mobile App,5691,3732,2
ORD_00253,CUST_1198,HUB_LAX,13-05-26,In-Store POS,1447,870,2
ORD_00254,CUST_1050,HUB_CHI,21-02-26,Web Portal,198,95,2
ORD_00255,CUST_1197,HUB_CHI,08-01-26,Mobile App,1590,750,1
ORD_00256,CUST_1092,HUB_DFW,23-04-26,Web Portal,507,240,2
ORD_00257,CUST_1275,HUB_CHI,25-05-26,Web Portal,590,280,1
ORD_00258,CUST_1120,HUB_DFW,07-06-26,Web Portal,159,75,1
ORD_00259,CUST_1271,HUB_CHI,07-05-26,Web Portal,4393,2775,2
ORD_00260,CUST_1282,HUB_DFW,13-06-26,Web Portal,5556,3675,2
ORD_00261,CUST_1024,HUB_NYC,08-04-26,Mobile App,537,250,3
ORD_00262,CUST_1183,HUB_DFW,02-03-26,Mobile App,599,380,1
ORD_00263,CUST_1048,HUB_DFW,21-05-26,Mobile App,129,65,1
ORD_00264,CUST_1134,HUB_LAX,13-01-26,Mobile App,697,424,2
ORD_00265,CUST_1004,HUB_CHI,06-01-26,In-Store POS,531,252,1
ORD_00266,CUST_1295,HUB_DFW,14-05-26,Web Portal,658,408,2
ORD_00267,CUST_1075,HUB_CHI,06-02-26,In-Store POS,4756,2804,3
ORD_00268,CUST_1284,HUB_CHI,05-02-26,Corporate EDI,59,28,1
ORD_00269,CUST_1033,HUB_DFW,08-01-26,In-Store POS,1267,790,2
ORD_00270,CUST_1265,HUB_CHI,04-03-26,Web Portal,59,28,1
ORD_00271,CUST_1233,HUB_DFW,23-04-26,Corporate EDI,228,105,2
ORD_00272,CUST_1085,HUB_CHI,27-01-26,Web Portal,387,180,2
ORD_00273,CUST_1099,HUB_NYC,05-05-26,Mobile App,49,22,1
ORD_00274,CUST_1246,HUB_DFW,25-02-26,Mobile App,11116,6975,3
ORD_00275,CUST_1015,HUB_CHI,16-02-26,Web Portal,59,28,1
ORD_00276,CUST_1267,HUB_NYC,22-06-26,Web Portal,257,119,2
ORD_00277,CUST_1177,HUB_NYC,09-06-26,Mobile App,129,65,1
ORD_00278,CUST_1048,HUB_DFW,05-04-26,Web Portal,159,75,1
ORD_00279,CUST_1179,HUB_LAX,25-05-26,Web Portal,507,240,2
ORD_00280,CUST_1036,HUB_NYC,11-06-26,Web Portal,728,445,2
ORD_00281,CUST_1030,HUB_DFW,24-04-26,Web Portal,17916,11607,3
ORD_00282,CUST_1193,HUB_CHI,10-02-26,Web Portal,975,445,2
ORD_00283,CUST_1280,HUB_LAX,09-03-26,Corporate EDI,294,132,1
ORD_00284,CUST_1130,HUB_CHI,01-05-26,Mobile App,599,380,1
ORD_00285,CUST_1087,HUB_LAX,20-02-26,Mobile App,1799,1200,1
ORD_00286,CUST_1015,HUB_CHI,10-04-26,Mobile App,2017,1303,3
ORD_00287,CUST_1173,HUB_CHI,26-01-26,Corporate EDI,318,150,1
ORD_00288,CUST_1069,HUB_LAX,15-02-26,Web Portal,159,75,1
ORD_00289,CUST_1032,HUB_CHI,22-02-26,Web Portal,1868,1230,2
ORD_00290,CUST_1008,HUB_NYC,09-02-26,Corporate EDI,118,56,1
ORD_00291,CUST_1250,HUB_CHI,28-06-26,Mobile App,347,168,3
ORD_00292,CUST_1184,HUB_LAX,26-01-26,Mobile App,129,65,1
ORD_00293,CUST_1180,HUB_CHI,25-05-26,Web Portal,2455,1139,3
ORD_00294,CUST_1133,HUB_LAX,24-04-26,Mobile App,69,30,1
ORD_00295,CUST_1179,HUB_LAX,01-01-26,Corporate EDI,69,30,1
ORD_00296,CUST_1039,HUB_CHI,11-04-26,Web Portal,2117,1350,2
ORD_00297,CUST_1143,HUB_NYC,12-06-26,Mobile App,308,138,2
ORD_00298,CUST_1026,HUB_LAX,05-04-26,Mobile App,129,65,1
ORD_00299,CUST_1031,HUB_LAX,11-05-26,Web Portal,298,132,2
ORD_00300,CUST_1108,HUB_CHI,15-06-26,Web Portal,437,203,3
ORD_00301,CUST_1155,HUB_NYC,03-01-26,Web Portal,276,120,1
ORD_00302,CUST_1049,HUB_NYC,25-01-26,Mobile App,69,30,1
ORD_00303,CUST_1138,HUB_DFW,15-04-26,Mobile App,596,264,2
ORD_00304,CUST_1102,HUB_DFW,15-02-26,Web Portal,177,84,1
ORD_00305,CUST_1061,HUB_CHI,21-03-26,In-Store POS,249,110,1
ORD_00306,CUST_1282,HUB_LAX,02-05-26,Mobile App,59,28,1
ORD_00307,CUST_1023,HUB_LAX,05-05-26,Mobile App,599,380,1
ORD_00308,CUST_1181,HUB_NYC,06-06-26,Corporate EDI,2276,1425,2
ORD_00309,CUST_1283,HUB_DFW,17-01-26,In-Store POS,697,424,2
ORD_00310,CUST_1252,HUB_NYC,08-01-26,Web Portal,679,298,2
ORD_00311,CUST_1088,HUB_LAX,11-03-26,Web Portal,2117,1350,2
ORD_00312,CUST_1194,HUB_DFW,27-01-26,Web Portal,308,138,2
ORD_00313,CUST_1004,HUB_NYC,07-06-26,Web Portal,2160,981,4
ORD_00314,CUST_1206,HUB_DFW,24-06-26,Web Portal,1958,1275,2
ORD_00315,CUST_1179,HUB_NYC,22-03-26,In-Store POS,49,22,1
ORD_00316,CUST_1082,HUB_LAX,26-04-26,Mobile App,4193,2660,1
ORD_00317,CUST_1154,HUB_NYC,19-05-26,Corporate EDI,557,248,2
ORD_00318,CUST_1256,HUB_CHI,23-01-26,Mobile App,159,75,1
ORD_00319,CUST_1027,HUB_NYC,07-02-26,Web Portal,69,30,1
ORD_00320,CUST_1193,HUB_LAX,05-03-26,Mobile App,4685,2909,4
ORD_00321,CUST_1146,HUB_CHI,13-02-26,Web Portal,599,380,1
ORD_00322,CUST_1118,HUB_NYC,10-04-26,In-Store POS,441,198,1
ORD_00323,CUST_1141,HUB_LAX,21-01-26,Web Portal,49,22,1
ORD_00324,CUST_1083,HUB_DFW,28-06-26,Web Portal,387,170,2
ORD_00325,CUST_1170,HUB_DFW,10-01-26,Web Portal,298,132,2
ORD_00326,CUST_1088,HUB_CHI,06-02-26,Web Portal,2325,1447,3
ORD_00327,CUST_1236,HUB_NYC,14-06-26,In-Store POS,228,105,2
ORD_00328,CUST_1231,HUB_LAX,14-03-26,Mobile App,816,370,2
ORD_00329,CUST_1194,HUB_LAX,27-04-26,Web Portal,636,280,2
ORD_00330,CUST_1214,HUB_DFW,24-02-26,Mobile App,4373,2651,3
ORD_00331,CUST_1043,HUB_NYC,13-05-26,In-Store POS,1105,623,4
ORD_00332,CUST_1050,HUB_LAX,05-03-26,Mobile App,3152,1820,4
ORD_00333,CUST_1057,HUB_CHI,06-05-26,Corporate EDI,69,30,1
ORD_00334,CUST_1118,HUB_NYC,15-04-26,Corporate EDI,5990,3800,1
ORD_00335,CUST_1296,HUB_DFW,06-05-26,In-Store POS,1176,577,2
ORD_00336,CUST_1248,HUB_LAX,01-05-26,Web Portal,1166,630,3
ORD_00337,CUST_1256,HUB_DFW,13-03-26,In-Store POS,128,58,2
ORD_00338,CUST_1143,HUB_CHI,20-01-26,Web Portal,747,330,1
ORD_00339,CUST_1144,HUB_DFW,14-03-26,Web Portal,258,130,1
ORD_00340,CUST_1048,HUB_CHI,19-03-26,Web Portal,1316,812,3
ORD_00341,CUST_1184,HUB_LAX,16-04-26,Mobile App,59,28,1
ORD_00342,CUST_1170,HUB_CHI,19-01-26,Web Portal,1977,1287,3
ORD_00343,CUST_1256,HUB_NYC,14-03-26,Web Portal,5615,3703,3
ORD_00344,CUST_1109,HUB_CHI,08-04-26,Web Portal,9292,6135,3
ORD_00345,CUST_1267,HUB_LAX,16-03-26,Mobile App,159,75,1
ORD_00346,CUST_1017,HUB_CHI,30-05-26,Web Portal,2573,1575,4
ORD_00347,CUST_1058,HUB_DFW,02-04-26,Mobile App,1743,770,1
ORD_00348,CUST_1296,HUB_LAX,19-06-26,Web Portal,1161,585,1
ORD_00349,CUST_1244,HUB_LAX,17-04-26,Web Portal,599,380,1
ORD_00350,CUST_1094,HUB_DFW,24-02-26,Mobile App,2176,1378,3
ORD_00351,CUST_1105,HUB_CHI,27-03-26,Mobile App,69,30,1
ORD_00352,CUST_1080,HUB_DFW,25-02-26,Web Portal,1596,735,2
ORD_00353,CUST_1109,HUB_DFW,12-06-26,Mobile App,5934,3850,4
ORD_00354,CUST_1064,HUB_DFW,26-06-26,Mobile App,159,75,1
ORD_00355,CUST_1094,HUB_NYC,08-01-26,Mobile App,128,58,2
ORD_00356,CUST_1205,HUB_DFW,05-03-26,Web Portal,795,375,1
ORD_00357,CUST_1228,HUB_DFW,14-04-26,Corporate EDI,1799,1200,1
ORD_00358,CUST_1105,HUB_CHI,19-01-26,Mobile App,498,220,1
ORD_00359,CUST_1050,HUB_DFW,22-06-26,Corporate EDI,917,530,2
ORD_00360,CUST_1187,HUB_NYC,23-02-26,Web Portal,258,130,1
ORD_00361,CUST_1216,HUB_NYC,15-06-26,Web Portal,483,210,1
ORD_00362,CUST_1058,HUB_DFW,21-05-26,Web Portal,795,375,1
ORD_00363,CUST_1050,HUB_DFW,03-02-26,Mobile App,737,440,2
ORD_00364,CUST_1125,HUB_LAX,03-06-26,Web Portal,4008,2460,2
ORD_00365,CUST_1184,HUB_NYC,06-04-26,Mobile App,2225,1400,4
ORD_00366,CUST_1144,HUB_CHI,08-01-26,Mobile App,159,75,1
ORD_00367,CUST_1269,HUB_DFW,10-04-26,Corporate EDI,697,322,2
ORD_00368,CUST_1235,HUB_NYC,01-01-26,Mobile App,621,270,1
ORD_00369,CUST_1262,HUB_DFW,20-01-26,Web Portal,599,380,1
ORD_00370,CUST_1051,HUB_LAX,15-04-26,Corporate EDI,864,405,2
ORD_00371,CUST_1126,HUB_NYC,05-01-26,Web Portal,49,22,1
ORD_00372,CUST_1055,HUB_LAX,27-05-26,Corporate EDI,298,132,2
ORD_00373,CUST_1186,HUB_LAX,26-01-26,In-Store POS,69,30,1
ORD_00374,CUST_1238,HUB_NYC,18-02-26,Mobile App,59,28,1
ORD_00375,CUST_1092,HUB_NYC,19-01-26,Mobile App,128,58,2
ORD_00376,CUST_1019,HUB_LAX,18-01-26,Corporate EDI,49,22,1
ORD_00377,CUST_1236,HUB_DFW,17-05-26,Corporate EDI,69,30,1
ORD_00378,CUST_1174,HUB_DFW,14-01-26,Web Portal,159,75,1
ORD_00379,CUST_1144,HUB_CHI,06-04-26,Web Portal,2027,1305,3
ORD_00380,CUST_1076,HUB_LAX,06-03-26,Web Portal,129,65,1
ORD_00381,CUST_1102,HUB_NYC,09-01-26,Web Portal,483,210,1
ORD_00382,CUST_1106,HUB_CHI,14-01-26,Mobile App,249,110,1
ORD_00383,CUST_1139,HUB_NYC,15-06-26,Web Portal,1958,1275,2
ORD_00384,CUST_1276,HUB_CHI,07-04-26,Web Portal,247,121,2
ORD_00385,CUST_1262,HUB_LAX,20-02-26,Mobile App,318,140,2
ORD_00386,CUST_1241,HUB_CHI,13-01-26,Web Portal,8885,5135,3
ORD_00387,CUST_1065,HUB_CHI,30-01-26,Mobile App,844,490,2
ORD_00388,CUST_1107,HUB_NYC,12-02-26,Web Portal,1198,760,1
ORD_00389,CUST_1208,HUB_DFW,29-05-26,Web Portal,347,168,3
ORD_00390,CUST_1034,HUB_NYC,12-06-26,Web Portal,108,50,2
ORD_00391,CUST_1271,HUB_DFW,26-01-26,Mobile App,4701,2420,3
ORD_00392,CUST_1228,HUB_NYC,03-01-26,Mobile App,249,110,1
ORD_00393,CUST_1003,HUB_CHI,11-02-26,In-Store POS,318,150,1
ORD_00394,CUST_1083,HUB_LAX,18-03-26,In-Store POS,668,410,2
ORD_00395,CUST_1006,HUB_NYC,15-04-26,Mobile App,1958,1275,2
ORD_00396,CUST_1131,HUB_NYC,17-01-26,Web Portal,441,198,1
ORD_00397,CUST_1021,HUB_LAX,12-02-26,Mobile App,8995,6000,1
ORD_00398,CUST_1127,HUB_DFW,30-03-26,In-Store POS,2995,1900,1
ORD_00399,CUST_1239,HUB_NYC,21-05-26,Mobile App,59,28,1
ORD_00400,CUST_1291,HUB_CHI,10-01-26,In-Store POS,2026,1309,3
ORD_00401,CUST_1118,HUB_NYC,05-03-26,Mobile App,15590,10360,2
ORD_00402,CUST_1051,HUB_DFW,20-05-26,Web Portal,599,380,1
ORD_00403,CUST_1156,HUB_NYC,21-05-26,Web Portal,159,75,1
ORD_00404,CUST_1194,HUB_DFW,02-05-26,Web Portal,318,140,2
ORD_00405,CUST_1123,HUB_DFW,07-01-26,Mobile App,1958,1275,2
ORD_00406,CUST_1132,HUB_CHI,02-03-26,Web Portal,59,28,1
ORD_00407,CUST_1052,HUB_NYC,22-01-26,Mobile App,387,195,1
ORD_00408,CUST_1220,HUB_CHI,26-06-26,Corporate EDI,3549,1650,4
ORD_00409,CUST_1009,HUB_NYC,27-04-26,Mobile App,345,150,1
ORD_00410,CUST_1050,HUB_CHI,11-03-26,Web Portal,5814,3805,3
ORD_00411,CUST_1207,HUB_NYC,25-05-26,Web Portal,69,30,1
ORD_00412,CUST_1232,HUB_CHI,07-04-26,Web Portal,728,445,2
ORD_00413,CUST_1153,HUB_LAX,20-06-26,In-Store POS,129,65,1
ORD_00414,CUST_1057,HUB_DFW,08-02-26,Web Portal,658,408,2
ORD_00415,CUST_1167,HUB_NYC,01-04-26,In-Store POS,129,65,1
ORD_00416,CUST_1227,HUB_LAX,02-01-26,Mobile App,1799,1200,1
ORD_00417,CUST_1091,HUB_DFW,29-05-26,Corporate EDI,2649,1253,4
ORD_00418,CUST_1267,HUB_NYC,09-01-26,Mobile App,536,243,4
ORD_00419,CUST_1225,HUB_DFW,19-04-26,In-Store POS,1958,1275,2
ORD_00420,CUST_1238,HUB_DFW,24-03-26,In-Store POS,59,28,1
ORD_00421,CUST_1175,HUB_LAX,26-06-26,Web Portal,516,260,1
ORD_00422,CUST_1072,HUB_LAX,28-04-26,Web Portal,427,197,3
ORD_00423,CUST_1028,HUB_CHI,01-01-26,Web Portal,1447,870,2
ORD_00424,CUST_1209,HUB_LAX,11-06-26,In-Store POS,1799,1200,1
ORD_00425,CUST_1095,HUB_NYC,25-02-26,Corporate EDI,1113,525,1
ORD_00426,CUST_1023,HUB_CHI,23-02-26,Web Portal,2007,1297,3
ORD_00427,CUST_1108,HUB_CHI,19-02-26,Mobile App,318,140,2
ORD_00428,CUST_1140,HUB_DFW,26-05-26,Web Portal,69,30,1
ORD_00429,CUST_1084,HUB_LAX,28-05-26,Web Portal,108,50,2
ORD_00430,CUST_1025,HUB_NYC,07-04-26,Web Portal,1155,642,4
ORD_00431,CUST_1297,HUB_CHI,01-04-26,Web Portal,2995,1900,1
ORD_00432,CUST_1297,HUB_LAX,17-05-26,Web Portal,1395,648,2
ORD_00433,CUST_1117,HUB_LAX,21-01-26,Corporate EDI,1032,520,1
ORD_00434,CUST_1010,HUB_CHI,09-02-26,Mobile App,746,446,2
ORD_00435,CUST_1126,HUB_LAX,30-03-26,Corporate EDI,1958,1275,2
ORD_00436,CUST_1019,HUB_DFW,12-04-26,Web Portal,4664,2993,5
ORD_00437,CUST_1106,HUB_DFW,30-01-26,Web Portal,417,205,2
ORD_00438,CUST_1057,HUB_CHI,21-03-26,Mobile App,258,130,1
ORD_00439,CUST_1267,HUB_CHI,22-01-26,Mobile App,727,438,3
ORD_00440,CUST_1246,HUB_NYC,07-04-26,Web Portal,354,168,1
ORD_00441,CUST_1046,HUB_LAX,07-01-26,Web Portal,690,300,1
ORD_00442,CUST_1010,HUB_CHI,18-02-26,Web Portal,4034,2602,4
ORD_00443,CUST_1071,HUB_DFW,05-06-26,In-Store POS,49,22,1
ORD_00444,CUST_1216,HUB_CHI,18-06-26,Web Portal,19421,12675,2
ORD_00445,CUST_1127,HUB_NYC,27-05-26,Mobile App,177,84,1
ORD_00446,CUST_1177,HUB_LAX,25-04-26,Mobile App,249,110,1
ORD_00447,CUST_1273,HUB_NYC,29-01-26,Mobile App,1799,1200,1
ORD_00448,CUST_1299,HUB_NYC,25-03-26,Web Portal,2027,1305,3
ORD_00449,CUST_1205,HUB_NYC,01-01-26,Web Portal,2210,1336,2
ORD_00450,CUST_1189,HUB_CHI,12-05-26,Web Portal,1492,892,2
ORD_00451,CUST_1164,HUB_CHI,17-04-26,Corporate EDI,1799,1200,1
ORD_00452,CUST_1086,HUB_LAX,01-02-26,Mobile App,129,65,1
ORD_00453,CUST_1129,HUB_NYC,27-04-26,In-Store POS,1444,670,2
ORD_00454,CUST_1124,HUB_DFW,21-04-26,Corporate EDI,457,207,3
ORD_00455,CUST_1092,HUB_CHI,27-03-26,Web Portal,159,75,1
ORD_00456,CUST_1031,HUB_NYC,29-04-26,Mobile App,3154,1975,2
ORD_00457,CUST_1274,HUB_DFW,19-06-26,Mobile App,378,175,2
ORD_00458,CUST_1275,HUB_LAX,17-06-26,Mobile App,1230,570,2
ORD_00459,CUST_1236,HUB_CHI,25-03-26,Web Portal,477,215,3
ORD_00460,CUST_1157,HUB_DFW,23-06-26,Mobile App,49,22,1
ORD_00461,CUST_1294,HUB_LAX,12-03-26,Web Portal,2048,1310,2
ORD_00462,CUST_1005,HUB_LAX,23-03-26,Web Portal,1958,1275,2
ORD_00463,CUST_1177,HUB_DFW,13-02-26,Web Portal,2007,1297,3
ORD_00464,CUST_1120,HUB_LAX,04-01-26,Web Portal,3196,1867,5
ORD_00465,CUST_1172,HUB_DFW,07-02-26,Mobile App,966,546,3
ORD_00466,CUST_1224,HUB_NYC,01-06-26,Web Portal,599,380,1
ORD_00467,CUST_1151,HUB_LAX,23-04-26,Mobile App,3598,2400,1
ORD_00468,CUST_1245,HUB_NYC,07-06-26,Web Portal,1198,760,1
ORD_00469,CUST_1211,HUB_LAX,24-04-26,Mobile App,236,112,1
ORD_00470,CUST_1018,HUB_LAX,21-06-26,Corporate EDI,13070,8625,2
ORD_00471,CUST_1142,HUB_DFW,13-06-26,Corporate EDI,857,510,2
ORD_00472,CUST_1051,HUB_CHI,24-02-26,Web Portal,59,28,1
ORD_00473,CUST_1231,HUB_DFW,17-04-26,Web Portal,917,530,2
ORD_00474,CUST_1195,HUB_DFW,02-04-26,Mobile App,6782,4191,3
ORD_00475,CUST_1207,HUB_DFW,04-04-26,Mobile App,668,410,2
ORD_00476,CUST_1028,HUB_NYC,18-01-26,Mobile App,59,28,1
ORD_00477,CUST_1280,HUB_DFW,25-01-26,Web Portal,590,280,1
ORD_00478,CUST_1026,HUB_DFW,16-01-26,Web Portal,2525,1525,4
ORD_00479,CUST_1225,HUB_LAX,19-01-26,Mobile App,129,65,1
ORD_00480,CUST_1089,HUB_DFW,27-03-26,Web Portal,159,75,1
ORD_00481,CUST_1022,HUB_CHI,30-05-26,In-Store POS,648,402,2
ORD_00482,CUST_1144,HUB_LAX,26-02-26,Mobile App,2117,1350,2
ORD_00483,CUST_1042,HUB_NYC,12-06-26,Corporate EDI,249,110,1
ORD_00484,CUST_1227,HUB_LAX,29-05-26,Web Portal,129,65,1
ORD_00485,CUST_1054,HUB_NYC,17-02-26,Mobile App,567,250,2
ORD_00486,CUST_1166,HUB_DFW,30-04-26,Web Portal,2117,1350,2
ORD_00487,CUST_1020,HUB_NYC,22-04-26,In-Store POS,9666,6160,3
ORD_00488,CUST_1288,HUB_CHI,04-02-26,Corporate EDI,207,90,1
ORD_00489,CUST_1097,HUB_NYC,21-01-26,Web Portal,69,30,1
ORD_00490,CUST_1183,HUB_NYC,18-01-26,Web Portal,249,110,1
ORD_00491,CUST_1104,HUB_CHI,10-04-26,Web Portal,2024,1249,3
ORD_00492,CUST_1271,HUB_NYC,22-06-26,Mobile App,147,66,1
ORD_00493,CUST_1043,HUB_LAX,23-03-26,Web Portal,69,30,1
ORD_00494,CUST_1005,HUB_DFW,26-03-26,Web Portal,317,158,2
ORD_00495,CUST_1182,HUB_CHI,01-01-26,Mobile App,59,28,1
ORD_00496,CUST_1042,HUB_DFW,12-01-26,Web Portal,129,65,1
ORD_00497,CUST_1298,HUB_NYC,05-05-26,Corporate EDI,159,75,1
ORD_00498,CUST_1111,HUB_DFW,24-02-26,Web Portal,3916,2550,2
ORD_00499,CUST_1151,HUB_NYC,07-03-26,Mobile App,69,30,1
ORD_00500,CUST_1180,HUB_NYC,20-05-26,In-Store POS,514,238,2
ORD_00501,CUST_1009,HUB_LAX,22-04-26,Web Portal,14741,9490,3
ORD_00502,CUST_1039,HUB_LAX,03-02-26,Web Portal,2896,1800,3
ORD_00503,CUST_1108,HUB_LAX,15-02-26,Corporate EDI,2107,1338,3
ORD_00504,CUST_1288,HUB_LAX,20-04-26,Mobile App,2216,1405,3
ORD_00505,CUST_1132,HUB_DFW,22-03-26,In-Store POS,583,280,3
ORD_00506,CUST_1092,HUB_DFW,21-04-26,Web Portal,159,75,1
ORD_00507,CUST_1063,HUB_NYC,08-04-26,Web Portal,408,185,2
ORD_00508,CUST_1273,HUB_CHI,20-01-26,Web Portal,1958,1275,2
ORD_00509,CUST_1234,HUB_CHI,17-02-26,Corporate EDI,1799,1200,1
ORD_00510,CUST_1256,HUB_DFW,02-02-26,Web Portal,287,133,3
ORD_00511,CUST_1230,HUB_LAX,09-03-26,Web Portal,599,380,1
ORD_00512,CUST_1251,HUB_LAX,05-01-26,Mobile App,3598,2400,1
ORD_00513,CUST_1136,HUB_CHI,16-02-26,Corporate EDI,2557,1655,3
ORD_00514,CUST_1203,HUB_LAX,22-04-26,Web Portal,159,75,1
ORD_00515,CUST_1034,HUB_CHI,27-03-26,Mobile App,408,185,2
ORD_00516,CUST_1298,HUB_NYC,11-02-26,Web Portal,49,22,1
ORD_00517,CUST_1163,HUB_NYC,10-02-26,Web Portal,7196,4800,1
ORD_00518,CUST_1114,HUB_NYC,04-03-26,In-Store POS,737,440,2
ORD_00519,CUST_1172,HUB_NYC,06-03-26,Mobile App,378,175,2
ORD_00520,CUST_1168,HUB_CHI,11-06-26,Web Portal,16827,11100,2
ORD_00521,CUST_1070,HUB_DFW,02-01-26,Mobile App,848,490,2
ORD_00522,CUST_1207,HUB_LAX,16-03-26,Web Portal,129,65,1
ORD_00523,CUST_1176,HUB_DFW,04-03-26,Mobile App,1431,675,1
ORD_00524,CUST_1102,HUB_DFW,02-04-26,Web Portal,516,260,1
ORD_00525,CUST_1290,HUB_DFW,14-01-26,Corporate EDI,7280,4450,2
ORD_00526,CUST_1072,HUB_CHI,19-06-26,Web Portal,387,195,1
ORD_00527,CUST_1080,HUB_NYC,07-04-26,Mobile App,2995,1900,1
ORD_00528,CUST_1187,HUB_DFW,19-05-26,Mobile App,747,330,1
ORD_00529,CUST_1230,HUB_NYC,26-04-26,Mobile App,249,110,1
ORD_00530,CUST_1091,HUB_LAX,13-05-26,Mobile App,734,332,2
ORD_00531,CUST_1246,HUB_DFW,22-02-26,Mobile App,294,132,1
ORD_00532,CUST_1187,HUB_DFW,15-06-26,Web Portal,69,30,1
ORD_00533,CUST_1253,HUB_DFW,17-05-26,Mobile App,249,110,1
ORD_00534,CUST_1050,HUB_CHI,16-01-26,Mobile App,1868,1230,2
ORD_00535,CUST_1006,HUB_CHI,09-03-26,Mobile App,187,82,2
ORD_00536,CUST_1204,HUB_NYC,21-04-26,Mobile App,498,220,1
ORD_00537,CUST_1289,HUB_CHI,14-06-26,Mobile App,298,132,2
ORD_00538,CUST_1215,HUB_NYC,04-04-26,Mobile App,49,22,1
ORD_00539,CUST_1047,HUB_CHI,13-05-26,Mobile App,498,220,1
ORD_00540,CUST_1227,HUB_NYC,29-06-26,Mobile App,208,97,2
ORD_00541,CUST_1143,HUB_LAX,01-06-26,Mobile App,1958,1275,2
ORD_00542,CUST_1098,HUB_LAX,12-02-26,Corporate EDI,3598,2400,1
ORD_00543,CUST_1181,HUB_CHI,04-05-26,In-Store POS,118,52,2
ORD_00544,CUST_1146,HUB_DFW,17-02-26,Mobile App,249,110,1
ORD_00545,CUST_1037,HUB_DFW,30-03-26,Mobile App,49,22,1
ORD_00546,CUST_1200,HUB_LAX,31-05-26,Web Portal,1355,832,3
ORD_00547,CUST_1201,HUB_CHI,14-03-26,In-Store POS,13124,8652,2
ORD_00548,CUST_1082,HUB_NYC,27-06-26,Corporate EDI,747,330,1
ORD_00549,CUST_1268,HUB_DFW,14-05-26,Web Portal,404,178,2
ORD_00550,CUST_1000,HUB_LAX,25-05-26,Web Portal,69,30,1
ORD_00551,CUST_1282,HUB_DFW,26-06-26,In-Store POS,1799,1200,1
ORD_00552,CUST_1259,HUB_NYC,28-01-26,Mobile App,1215,662,4
ORD_00553,CUST_1055,HUB_LAX,28-03-26,Mobile App,49,22,1
ORD_00554,CUST_1026,HUB_DFW,25-02-26,Mobile App,2336,1450,4
ORD_00555,CUST_1098,HUB_LAX,04-06-26,Web Portal,59,28,1
ORD_00556,CUST_1000,HUB_NYC,01-05-26,Web Portal,3826,2505,3
ORD_00557,CUST_1286,HUB_CHI,09-03-26,Web Portal,1143,545,2
ORD_00558,CUST_1119,HUB_NYC,31-03-26,Web Portal,437,203,3
ORD_00559,CUST_1108,HUB_NYC,15-04-26,Mobile App,118,52,2
ORD_00560,CUST_1077,HUB_CHI,06-02-26,Mobile App,3364,2132,4
ORD_00561,CUST_1272,HUB_DFW,24-05-26,Mobile App,249,110,1
ORD_00562,CUST_1179,HUB_DFW,03-01-26,Web Portal,49,22,1
ORD_00563,CUST_1104,HUB_NYC,19-02-26,Web Portal,59,28,1
ORD_00564,CUST_1010,HUB_DFW,08-02-26,Web Portal,318,140,2
ORD_00565,CUST_1136,HUB_DFW,17-03-26,Web Portal,316,147,3
ORD_00566,CUST_1213,HUB_DFW,16-05-26,Web Portal,5269,3265,2
ORD_00567,CUST_1107,HUB_LAX,27-06-26,Web Portal,308,138,2
ORD_00568,CUST_1277,HUB_CHI,11-04-26,Mobile App,249,110,1
ORD_00569,CUST_1025,HUB_NYC,21-01-26,Corporate EDI,69,30,1
ORD_00570,CUST_1101,HUB_DFW,11-01-26,Mobile App,2465,1515,4
ORD_00571,CUST_1216,HUB_CHI,10-02-26,Corporate EDI,5391,3420,1
ORD_00572,CUST_1172,HUB_CHI,25-03-26,In-Store POS,658,408,2
ORD_00573,CUST_1247,HUB_LAX,14-02-26,Web Portal,1035,597,3
ORD_00574,CUST_1090,HUB_DFW,27-02-26,Web Portal,387,195,1
ORD_00575,CUST_1046,HUB_LAX,30-03-26,Web Portal,2490,1100,1
ORD_00576,CUST_1299,HUB_DFW,15-06-26,Web Portal,59,28,1
ORD_00577,CUST_1250,HUB_DFW,30-06-26,In-Store POS,599,380,1
ORD_00578,CUST_1196,HUB_LAX,03-02-26,Mobile App,2117,1350,2
ORD_00579,CUST_1190,HUB_CHI,20-03-26,Web Portal,159,75,1
ORD_00580,CUST_1103,HUB_LAX,25-05-26,Corporate EDI,69,30,1
ORD_00581,CUST_1146,HUB_CHI,18-03-26,Mobile App,817,483,3
ORD_00582,CUST_1161,HUB_DFW,11-05-26,Mobile App,668,410,2
ORD_00583,CUST_1240,HUB_NYC,14-01-26,Mobile App,2246,1415,3
ORD_00584,CUST_1248,HUB_DFW,27-04-26,Mobile App,765,345,4
ORD_00585,CUST_1146,HUB_CHI,31-05-26,Corporate EDI,848,490,2
ORD_00586,CUST_1162,HUB_CHI,07-01-26,Mobile App,3007,1401,4
ORD_00587,CUST_1141,HUB_NYC,27-05-26,Web Portal,5446,3622,2
ORD_00588,CUST_1058,HUB_CHI,24-03-26,Web Portal,1590,750,1
ORD_00589,CUST_1262,HUB_LAX,02-01-26,Mobile App,237,115,3
ORD_00590,CUST_1160,HUB_LAX,21-02-26,Web Portal,245,110,1
ORD_00591,CUST_1084,HUB_CHI,13-02-26,Web Portal,188,93,2
ORD_00592,CUST_1104,HUB_LAX,20-02-26,Corporate EDI,3647,2422,2
ORD_00593,CUST_1001,HUB_CHI,19-05-26,Web Portal,5646,3710,2
ORD_00594,CUST_1146,HUB_NYC,24-03-26,Web Portal,714,355,2
ORD_00595,CUST_1284,HUB_LAX,03-05-26,Web Portal,408,185,2
ORD_00596,CUST_1189,HUB_LAX,02-02-26,Web Portal,245,110,1
ORD_00597,CUST_1244,HUB_NYC,16-06-26,Mobile App,249,110,1
ORD_00598,CUST_1191,HUB_DFW,27-05-26,In-Store POS,3598,2400,1
ORD_00599,CUST_1043,HUB_DFW,29-01-26,Web Portal,2995,1900,1
ORD_00600,CUST_1147,HUB_CHI,09-01-26,Mobile App,1856,1168,2
ORD_00601,CUST_1016,HUB_NYC,12-04-26,Mobile App,599,380,1
ORD_00602,CUST_1154,HUB_LAX,11-01-26,Mobile App,245,110,1
ORD_00603,CUST_1218,HUB_LAX,22-05-26,Corporate EDI,483,210,1
ORD_00604,CUST_1049,HUB_LAX,22-01-26,In-Store POS,249,110,1
ORD_00605,CUST_1227,HUB_CHI,25-02-26,Web Portal,49,22,1
ORD_00606,CUST_1158,HUB_LAX,02-06-26,Web Portal,129,65,1
ORD_00607,CUST_1157,HUB_DFW,13-01-26,Mobile App,1958,1275,2
ORD_00608,CUST_1067,HUB_CHI,15-02-26,Web Portal,707,430,3
ORD_00609,CUST_1009,HUB_DFW,30-06-26,Mobile App,392,176,1
ORD_00610,CUST_1176,HUB_NYC,06-06-26,Web Portal,10790,7080,2
ORD_00611,CUST_1195,HUB_LAX,13-02-26,Web Portal,7196,4800,1
ORD_00612,CUST_1103,HUB_DFW,27-03-26,Mobile App,2352,1470,3
ORD_00613,CUST_1118,HUB_NYC,08-01-26,Web Portal,2139,946,2
ORD_00614,CUST_1159,HUB_NYC,03-04-26,Mobile App,129,65,1
ORD_00615,CUST_1075,HUB_CHI,27-06-26,Web Portal,795,375,1
ORD_00616,CUST_1138,HUB_DFW,05-06-26,Mobile App,668,410,2
ORD_00617,CUST_1232,HUB_LAX,19-05-26,Mobile App,159,75,1
ORD_00618,CUST_1102,HUB_NYC,06-04-26,In-Store POS,413,196,1
ORD_00619,CUST_1242,HUB_NYC,11-05-26,Mobile App,118,56,1
ORD_00620,CUST_1094,HUB_DFW,06-01-26,Web Portal,249,110,1
ORD_00621,CUST_1244,HUB_DFW,29-01-26,Mobile App,599,380,1
ORD_00622,CUST_1122,HUB_CHI,23-01-26,Mobile App,1267,790,2
ORD_00623,CUST_1008,HUB_CHI,14-02-26,Web Portal,531,252,1
ORD_00624,CUST_1089,HUB_LAX,10-05-26,Web Portal,159,75,1
ORD_00625,CUST_1161,HUB_CHI,27-04-26,Mobile App,2117,1350,2
ORD_00626,CUST_1106,HUB_LAX,25-06-26,Web Portal,129,65,1
ORD_00627,CUST_1022,HUB_CHI,24-05-26,In-Store POS,1848,1222,2
ORD_00628,CUST_1252,HUB_CHI,10-01-26,Mobile App,318,150,1
ORD_00629,CUST_1211,HUB_CHI,17-05-26,Web Portal,870,390,2
ORD_00630,CUST_1206,HUB_NYC,07-01-26,Corporate EDI,658,408,2
ORD_00631,CUST_1226,HUB_CHI,13-01-26,Mobile App,317,158,2
ORD_00632,CUST_1214,HUB_CHI,15-01-26,Web Portal,712,348,2
ORD_00633,CUST_1206,HUB_DFW,11-04-26,Mobile App,758,455,2
ORD_00634,CUST_1147,HUB_LAX,07-06-26,Web Portal,599,380,1
ORD_00635,CUST_1160,HUB_CHI,08-01-26,Mobile App,6333,3954,2
ORD_00636,CUST_1113,HUB_NYC,26-02-26,Corporate EDI,249,110,1
ORD_00637,CUST_1048,HUB_DFW,23-06-26,Mobile App,159,75,1
ORD_00638,CUST_1253,HUB_DFW,01-04-26,Web Portal,59,28,1
ORD_00639,CUST_1273,HUB_DFW,07-06-26,In-Store POS,306,145,4
ORD_00640,CUST_1219,HUB_NYC,14-03-26,Web Portal,2535,1122,2
ORD_00641,CUST_1196,HUB_LAX,08-04-26,Mobile App,3865,2525,4
ORD_00642,CUST_1005,HUB_DFW,27-05-26,Mobile App,249,110,1
ORD_00643,CUST_1022,HUB_LAX,09-02-26,Mobile App,599,380,1
ORD_00644,CUST_1008,HUB_LAX,27-03-26,Web Portal,2287,1020,2
ORD_00645,CUST_1134,HUB_DFW,03-04-26,Mobile App,318,140,2
ORD_00646,CUST_1220,HUB_LAX,25-06-26,Web Portal,4792,3040,1
ORD_00647,CUST_1285,HUB_DFW,20-06-26,Mobile App,915,425,3
ORD_00648,CUST_1094,HUB_NYC,01-02-26,Mobile App,557,248,2
ORD_00649,CUST_1257,HUB_CHI,10-01-26,Corporate EDI,159,75,1
ORD_00650,CUST_1176,HUB_LAX,24-03-26,Mobile App,795,375,1
ORD_00651,CUST_1116,HUB_NYC,17-02-26,Web Portal,507,240,2
ORD_00652,CUST_1201,HUB_DFW,11-03-26,Web Portal,2995,1900,1
ORD_00653,CUST_1172,HUB_CHI,30-01-26,Mobile App,159,75,1
ORD_00654,CUST_1290,HUB_NYC,01-06-26,Web Portal,2490,1100,1
ORD_00655,CUST_1121,HUB_CHI,08-04-26,In-Store POS,367,172,2
ORD_00656,CUST_1168,HUB_LAX,23-05-26,Web Portal,18432,11790,2
ORD_00657,CUST_1185,HUB_LAX,05-02-26,Web Portal,59,28,1
ORD_00658,CUST_1280,HUB_LAX,11-01-26,Mobile App,2230,1280,2
ORD_00659,CUST_1036,HUB_NYC,21-03-26,Web Portal,249,110,1
ORD_00660,CUST_1291,HUB_CHI,09-01-26,Mobile App,447,205,3
ORD_00661,CUST_1217,HUB_CHI,18-02-26,Mobile App,1958,1275,2
ORD_00662,CUST_1279,HUB_CHI,19-06-26,In-Store POS,1928,1265,2
ORD_00663,CUST_1089,HUB_CHI,01-06-26,Web Portal,1394,755,2
ORD_00664,CUST_1288,HUB_LAX,22-04-26,Web Portal,159,75,1
ORD_00665,CUST_1016,HUB_NYC,20-05-26,Mobile App,159,75,1
ORD_00666,CUST_1095,HUB_CHI,03-01-26,Corporate EDI,516,260,1
ORD_00667,CUST_1252,HUB_NYC,06-04-26,In-Store POS,354,168,1
ORD_00668,CUST_1107,HUB_LAX,12-03-26,Mobile App,49,22,1
ORD_00669,CUST_1194,HUB_LAX,26-06-26,In-Store POS,228,105,2
ORD_00670,CUST_1053,HUB_LAX,24-02-26,Web Portal,138,60,1
ORD_00671,CUST_1012,HUB_NYC,04-03-26,In-Store POS,69,30,1
ORD_00672,CUST_1256,HUB_DFW,13-04-26,Mobile App,537,250,3
ORD_00673,CUST_1204,HUB_NYC,26-03-26,Mobile App,6404,3980,2
ORD_00674,CUST_1224,HUB_CHI,20-02-26,Web Portal,1958,1275,2
ORD_00675,CUST_1285,HUB_NYC,08-04-26,Corporate EDI,2276,1415,4
ORD_00676,CUST_1172,HUB_CHI,10-04-26,In-Store POS,69,30,1
ORD_00677,CUST_1223,HUB_NYC,24-04-26,Corporate EDI,247,117,3
ORD_00678,CUST_1277,HUB_CHI,11-02-26,Mobile App,159,75,1
ORD_00679,CUST_1033,HUB_CHI,01-02-26,In-Store POS,249,110,1
ORD_00680,CUST_1182,HUB_DFW,25-06-26,Corporate EDI,69,30,1
ORD_00681,CUST_1154,HUB_CHI,06-01-26,Corporate EDI,1848,1222,2
ORD_00682,CUST_1050,HUB_LAX,11-03-26,Web Portal,228,105,2
ORD_00683,CUST_1131,HUB_DFW,15-01-26,Web Portal,690,300,1
ORD_00684,CUST_1175,HUB_NYC,11-03-26,Web Portal,207,90,1
ORD_00685,CUST_1145,HUB_DFW,21-01-26,Web Portal,69,30,1
ORD_00686,CUST_1197,HUB_CHI,21-04-26,In-Store POS,4792,3040,1
ORD_00687,CUST_1119,HUB_DFW,28-01-26,Web Portal,387,170,2
ORD_00688,CUST_1280,HUB_CHI,19-04-26,Web Portal,690,300,1
ORD_00689,CUST_1111,HUB_DFW,10-01-26,Web Portal,318,140,2
ORD_00690,CUST_1185,HUB_NYC,23-06-26,Web Portal,118,56,1
ORD_00691,CUST_1050,HUB_CHI,21-02-26,Mobile App,129,65,1
ORD_00692,CUST_1116,HUB_LAX,07-01-26,Mobile App,4251,2695,4
ORD_00693,CUST_1031,HUB_LAX,04-05-26,Web Portal,207,90,1
ORD_00694,CUST_1193,HUB_CHI,30-06-26,Web Portal,13109,8660,2
ORD_00695,CUST_1053,HUB_CHI,22-06-26,In-Store POS,1149,543,2
ORD_00696,CUST_1047,HUB_CHI,05-01-26,Web Portal,288,140,2
ORD_00697,CUST_1285,HUB_DFW,21-01-26,Web Portal,2276,1415,4
ORD_00698,CUST_1135,HUB_CHI,10-03-26,Web Portal,9302,5810,3
ORD_00699,CUST_1190,HUB_CHI,27-03-26,In-Store POS,49,22,1
ORD_00700,CUST_1217,HUB_DFW,29-06-26,Mobile App,49,22,1
ORD_00701,CUST_1282,HUB_CHI,03-02-26,In-Store POS,366,165,2
ORD_00702,CUST_1146,HUB_LAX,27-02-26,Mobile App,816,360,2
ORD_00703,CUST_1013,HUB_DFW,08-04-26,Mobile App,2297,1420,2
ORD_00704,CUST_1050,HUB_DFW,23-01-26,In-Store POS,758,455,2
ORD_00705,CUST_1029,HUB_DFW,01-03-26,In-Store POS,129,65,1
ORD_00706,CUST_1019,HUB_NYC,25-02-26,Mobile App,599,380,1
ORD_00707,CUST_1002,HUB_CHI,14-02-26,Web Portal,69,30,1
ORD_00708,CUST_1299,HUB_LAX,25-01-26,Web Portal,1799,1200,1
ORD_00709,CUST_1211,HUB_LAX,10-02-26,Mobile App,1272,600,1
ORD_00710,CUST_1078,HUB_NYC,16-04-26,Web Portal,206,94,2
ORD_00711,CUST_1144,HUB_CHI,01-03-26,Mobile App,326,149,3
ORD_00712,CUST_1196,HUB_LAX,06-03-26,Web Portal,147,66,1
ORD_00713,CUST_1048,HUB_NYC,19-04-26,Web Portal,377,168,3
ORD_00714,CUST_1002,HUB_DFW,16-06-26,Mobile App,318,150,1
ORD_00715,CUST_1220,HUB_DFW,19-01-26,Mobile App,196,88,1
ORD_00716,CUST_1023,HUB_DFW,09-01-26,Web Portal,188,93,2
ORD_00717,CUST_1210,HUB_DFW,16-02-26,In-Store POS,367,166,2
ORD_00718,CUST_1074,HUB_DFW,23-03-26,Mobile App,228,105,2
ORD_00719,CUST_1155,HUB_LAX,01-04-26,In-Store POS,15664,10200,2
ORD_00720,CUST_1077,HUB_CHI,05-05-26,Web Portal,1927,1258,3
ORD_00721,CUST_1126,HUB_DFW,02-02-26,Web Portal,648,402,2
ORD_00722,CUST_1224,HUB_NYC,21-06-26,Mobile App,1799,1200,1
ORD_00723,CUST_1290,HUB_NYC,19-01-26,Web Portal,98,44,1
ORD_00724,CUST_1271,HUB_CHI,11-05-26,In-Store POS,1290,650,1
ORD_00725,CUST_1142,HUB_DFW,13-05-26,Web Portal,2136,1362,4
ORD_00726,CUST_1111,HUB_CHI,14-01-26,Mobile App,49,22,1
ORD_00727,CUST_1118,HUB_NYC,19-01-26,Corporate EDI,1032,520,1
ORD_00728,CUST_1135,HUB_DFW,13-04-26,Web Portal,1290,650,1
ORD_00729,CUST_1263,HUB_CHI,11-01-26,Mobile App,1797,1140,1
ORD_00730,CUST_1121,HUB_DFW,16-05-26,Mobile App,2087,1340,3
ORD_00731,CUST_1283,HUB_CHI,04-01-26,Mobile App,599,380,1
ORD_00732,CUST_1086,HUB_NYC,26-04-26,Web Portal,1245,550,1
ORD_00733,CUST_1276,HUB_DFW,05-05-26,Mobile App,69,30,1
ORD_00734,CUST_1028,HUB_NYC,14-06-26,Web Portal,129,65,1
ORD_00735,CUST_1243,HUB_NYC,04-01-26,Web Portal,3291,1800,2
ORD_00736,CUST_1151,HUB_CHI,06-01-26,Web Portal,2048,1310,2
ORD_00737,CUST_1171,HUB_CHI,01-05-26,Web Portal,118,52,2
ORD_00738,CUST_1085,HUB_CHI,15-04-26,Corporate EDI,1958,1275,2
ORD_00739,CUST_1074,HUB_CHI,29-05-26,Web Portal,59,28,1
ORD_00740,CUST_1214,HUB_DFW,28-06-26,In-Store POS,98,44,1
ORD_00741,CUST_1192,HUB_NYC,14-05-26,Corporate EDI,441,198,1
ORD_00742,CUST_1038,HUB_DFW,14-01-26,Mobile App,69,30,1
ORD_00743,CUST_1156,HUB_DFW,06-04-26,In-Store POS,2017,1303,3
ORD_00744,CUST_1176,HUB_NYC,15-02-26,Web Portal,1506,735,2
ORD_00745,CUST_1182,HUB_NYC,20-06-26,Web Portal,49,22,1
ORD_00746,CUST_1136,HUB_LAX,18-04-26,Mobile App,157,72,2
ORD_00747,CUST_1114,HUB_LAX,04-04-26,Web Portal,797,475,3
ORD_00748,CUST_1032,HUB_NYC,02-06-26,Web Portal,59,28,1
ORD_00749,CUST_1140,HUB_NYC,17-03-26,Web Portal,1244,705,2
ORD_00750,CUST_1294,HUB_CHI,28-05-26,In-Store POS,2744,1737,5
ORD_00751,CUST_1179,HUB_DFW,25-01-26,In-Store POS,49,22,1
ORD_00752,CUST_1254,HUB_NYC,05-04-26,Mobile App,178,87,2
ORD_00753,CUST_1289,HUB_CHI,02-04-26,Web Portal,49,22,1
ORD_00754,CUST_1103,HUB_DFW,20-01-26,Mobile App,69,30,1
ORD_00755,CUST_1261,HUB_CHI,18-04-26,Web Portal,159,75,1
ORD_00756,CUST_1251,HUB_DFW,12-03-26,Mobile App,387,195,1
ORD_00757,CUST_1170,HUB_NYC,07-02-26,In-Store POS,159,75,1
ORD_00758,CUST_1027,HUB_DFW,11-05-26,Web Portal,1146,622,3
ORD_00759,CUST_1078,HUB_DFW,09-04-26,In-Store POS,1846,1162,2
ORD_00760,CUST_1190,HUB_CHI,10-05-26,Mobile App,668,410,2
ORD_00761,CUST_1245,HUB_LAX,29-03-26,Web Portal,5990,3800,1
ORD_00762,CUST_1101,HUB_CHI,16-04-26,Web Portal,746,446,2
ORD_00763,CUST_1094,HUB_DFW,07-04-26,Mobile App,2048,1310,2
ORD_00764,CUST_1024,HUB_LAX,05-06-26,Web Portal,304,138,2
ORD_00765,CUST_1266,HUB_LAX,01-01-26,Web Portal,59,28,1
ORD_00766,CUST_1102,HUB_LAX,08-01-26,Mobile App,628,280,2
ORD_00767,CUST_1243,HUB_LAX,30-06-26,Web Portal,138,60,1
ORD_00768,CUST_1108,HUB_LAX,02-04-26,In-Store POS,159,75,1
ORD_00769,CUST_1111,HUB_CHI,18-02-26,Mobile App,198,95,2
ORD_00770,CUST_1096,HUB_DFW,14-03-26,Web Portal,49,22,1
ORD_00771,CUST_1221,HUB_CHI,12-05-26,Mobile App,249,110,1
ORD_00772,CUST_1193,HUB_CHI,16-04-26,Web Portal,414,180,1
ORD_00773,CUST_1037,HUB_NYC,18-05-26,Web Portal,1799,1200,1
ORD_00774,CUST_1004,HUB_CHI,21-03-26,In-Store POS,2877,1295,2
ORD_00775,CUST_1041,HUB_DFW,03-02-26,Mobile App,129,65,1
ORD_00776,CUST_1276,HUB_CHI,20-05-26,Web Portal,396,190,2
ORD_00777,CUST_1154,HUB_DFW,30-01-26,Mobile App,59,28,1
ORD_00778,CUST_1274,HUB_CHI,24-01-26,Web Portal,3757,2475,2
ORD_00779,CUST_1037,HUB_CHI,01-06-26,Web Portal,159,75,1
ORD_00780,CUST_1241,HUB_DFW,11-05-26,Web Portal,387,195,1
ORD_00781,CUST_1097,HUB_NYC,17-06-26,Web Portal,2415,1482,4
ORD_00782,CUST_1035,HUB_DFW,03-01-26,Mobile App,249,110,1
ORD_00783,CUST_1238,HUB_CHI,02-01-26,Web Portal,715,337,4
ORD_00784,CUST_1076,HUB_CHI,14-01-26,Corporate EDI,866,505,4
ORD_00785,CUST_1231,HUB_NYC,06-02-26,Mobile App,49,22,1
ORD_00786,CUST_1092,HUB_LAX,15-05-26,In-Store POS,2057,1330,2
ORD_00787,CUST_1167,HUB_CHI,12-05-26,Web Portal,2056,1319,3
ORD_00788,CUST_1242,HUB_CHI,19-05-26,Mobile App,49,22,1
ORD_00789,CUST_1039,HUB_CHI,16-03-26,Web Portal,69,30,1
ORD_00790,CUST_1216,HUB_CHI,22-02-26,Web Portal,294,132,1
ORD_00791,CUST_1116,HUB_CHI,17-04-26,Mobile App,408,185,2
ORD_00792,CUST_1041,HUB_LAX,27-04-26,Web Portal,318,150,1
ORD_00793,CUST_1075,HUB_NYC,26-02-26,In-Store POS,441,198,1
ORD_00794,CUST_1159,HUB_LAX,20-04-26,In-Store POS,69,30,1
ORD_00795,CUST_1030,HUB_CHI,26-01-26,In-Store POS,2799,1265,3
ORD_00796,CUST_1034,HUB_CHI,20-06-26,Mobile App,129,65,1
ORD_00797,CUST_1297,HUB_LAX,02-02-26,Mobile App,5805,3600,2
ORD_00798,CUST_1197,HUB_DFW,22-01-26,Web Portal,1835,860,2
ORD_00799,CUST_1063,HUB_LAX,11-03-26,Corporate EDI,327,160,2
ORD_00800,CUST_1074,HUB_DFW,28-06-26,Web Portal,129,65,1
ORD_00801,CUST_1152,HUB_CHI,08-04-26,Mobile App,2467,1610,3
ORD_00802,CUST_1187,HUB_NYC,12-06-26,Web Portal,59,28,1
ORD_00803,CUST_1086,HUB_DFW,12-04-26,Web Portal,249,110,1
ORD_00804,CUST_1044,HUB_DFW,20-06-26,Web Portal,98,44,1
ORD_00805,CUST_1272,HUB_NYC,28-03-26,Web Portal,49,22,1
ORD_00806,CUST_1084,HUB_LAX,07-02-26,Web Portal,2007,1297,3
ORD_00807,CUST_1122,HUB_LAX,26-04-26,In-Store POS,599,380,1
ORD_00808,CUST_1061,HUB_DFW,29-04-26,Web Portal,378,175,2
ORD_00809,CUST_1146,HUB_LAX,22-01-26,Web Portal,793,372,4
ORD_00810,CUST_1016,HUB_CHI,26-03-26,In-Store POS,747,330,1
ORD_00811,CUST_1155,HUB_DFW,20-04-26,In-Store POS,774,390,1
ORD_00812,CUST_1089,HUB_CHI,16-04-26,Web Portal,2027,1305,3
ORD_00813,CUST_1213,HUB_NYC,09-04-26,Mobile App,483,210,1
ORD_00814,CUST_1073,HUB_DFW,25-01-26,Web Portal,13209,8676,3
ORD_00815,CUST_1194,HUB_CHI,19-06-26,Mobile App,59,28,1
ORD_00816,CUST_1010,HUB_NYC,12-03-26,In-Store POS,1858,1228,2
ORD_00817,CUST_1102,HUB_DFW,08-05-26,Corporate EDI,1245,550,1
ORD_00818,CUST_1185,HUB_CHI,03-01-26,In-Store POS,408,185,2
ORD_00819,CUST_1050,HUB_NYC,30-01-26,Web Portal,4356,2855,3
ORD_00820,CUST_1218,HUB_DFW,10-03-26,Web Portal,5566,3430,2
ORD_00821,CUST_1072,HUB_LAX,06-05-26,Web Portal,69,30,1
ORD_00822,CUST_1040,HUB_LAX,03-02-26,Web Portal,387,195,1
ORD_00823,CUST_1062,HUB_NYC,13-02-26,Web Portal,531,252,1
ORD_00824,CUST_1282,HUB_NYC,11-01-26,In-Store POS,159,75,1
ORD_00825,CUST_1140,HUB_DFW,13-01-26,Mobile App,599,380,1
ORD_00826,CUST_1027,HUB_CHI,28-04-26,Mobile App,69,30,1
ORD_00827,CUST_1101,HUB_LAX,10-05-26,Corporate EDI,129,65,1
ORD_00828,CUST_1053,HUB_LAX,08-02-26,Web Portal,5990,3800,1
ORD_00829,CUST_1004,HUB_CHI,01-02-26,Mobile App,1082,476,2
ORD_00830,CUST_1257,HUB_DFW,04-03-26,Web Portal,1958,1275,2
ORD_00831,CUST_1191,HUB_DFW,05-06-26,Web Portal,2057,1330,2
ORD_00832,CUST_1073,HUB_CHI,05-02-26,Mobile App,1272,600,1
ORD_00833,CUST_1035,HUB_NYC,04-02-26,Mobile App,2276,1415,4
ORD_00834,CUST_1094,HUB_DFW,17-04-26,Web Portal,59,28,1
ORD_00835,CUST_1240,HUB_LAX,18-01-26,Web Portal,648,402,2
ORD_00836,CUST_1188,HUB_DFW,17-05-26,Web Portal,1245,550,1
ORD_00837,CUST_1289,HUB_DFW,04-05-26,Web Portal,159,75,1
ORD_00838,CUST_1282,HUB_LAX,28-06-26,Web Portal,59,28,1
ORD_00839,CUST_1072,HUB_DFW,21-05-26,Corporate EDI,2027,1305,3
ORD_00840,CUST_1296,HUB_CHI,19-02-26,Mobile App,295,140,1
ORD_00841,CUST_1003,HUB_LAX,06-03-26,Mobile App,59,28,1
ORD_00842,CUST_1295,HUB_LAX,27-06-26,Web Portal,49,22,1
ORD_00843,CUST_1224,HUB_CHI,07-06-26,Mobile App,477,225,1
ORD_00844,CUST_1135,HUB_NYC,24-02-26,Corporate EDI,1590,750,1
ORD_00845,CUST_1225,HUB_DFW,19-06-26,Mobile App,306,145,4
ORD_00846,CUST_1210,HUB_NYC,06-06-26,Mobile App,69,30,1
ORD_00847,CUST_1137,HUB_LAX,26-01-26,Web Portal,472,224,1
ORD_00848,CUST_1141,HUB_CHI,25-03-26,Corporate EDI,599,380,1
ORD_00849,CUST_1212,HUB_CHI,06-04-26,Corporate EDI,1958,1275,2
ORD_00850,CUST_1031,HUB_NYC,23-01-26,Web Portal,2616,1683,4
ORD_00851,CUST_1083,HUB_DFW,25-03-26,Web Portal,599,380,1
ORD_00852,CUST_1221,HUB_NYC,01-04-26,Web Portal,545,259,3
ORD_00853,CUST_1015,HUB_DFW,22-03-26,Web Portal,118,56,1
ORD_00854,CUST_1209,HUB_LAX,14-04-26,Mobile App,228,105,2
ORD_00855,CUST_1093,HUB_NYC,02-03-26,Web Portal,218,103,2
ORD_00856,CUST_1118,HUB_DFW,18-02-26,Web Portal,636,300,1
ORD_00857,CUST_1020,HUB_CHI,26-06-26,Web Portal,258,130,1
ORD_00858,CUST_1278,HUB_DFW,22-06-26,In-Store POS,308,138,2
ORD_00859,CUST_1192,HUB_LAX,26-03-26,Mobile App,1246,609,2
ORD_00860,CUST_1137,HUB_NYC,01-04-26,Corporate EDI,1442,686,3
ORD_00861,CUST_1230,HUB_LAX,05-06-26,Mobile App,49,22,1
ORD_00862,CUST_1287,HUB_DFW,17-05-26,Mobile App,13706,8925,2
ORD_00863,CUST_1159,HUB_LAX,19-04-26,Web Portal,599,380,1
ORD_00864,CUST_1030,HUB_DFW,08-03-26,Web Portal,1161,585,1
ORD_00865,CUST_1117,HUB_CHI,11-06-26,In-Store POS,7479,4570,4
ORD_00866,CUST_1079,HUB_CHI,27-02-26,In-Store POS,636,300,1
ORD_00867,CUST_1214,HUB_LAX,20-05-26,Mobile App,472,224,1
ORD_00868,CUST_1289,HUB_DFW,15-02-26,Mobile App,118,56,1
ORD_00869,CUST_1277,HUB_CHI,25-03-26,Mobile App,2575,1664,3
ORD_00870,CUST_1199,HUB_DFW,24-01-26,Web Portal,249,110,1
ORD_00871,CUST_1016,HUB_CHI,21-02-26,Web Portal,318,150,1
ORD_00872,CUST_1236,HUB_NYC,07-03-26,Web Portal,2117,1350,2
ORD_00873,CUST_1173,HUB_NYC,30-01-26,Mobile App,318,150,1
ORD_00874,CUST_1115,HUB_CHI,26-02-26,Mobile App,138,60,1
ORD_00875,CUST_1267,HUB_NYC,29-03-26,Mobile App,498,220,1
ORD_00876,CUST_1132,HUB_DFW,26-06-26,Mobile App,159,75,1
ORD_00877,CUST_1017,HUB_NYC,21-02-26,Web Portal,1958,1275,2
ORD_00878,CUST_1110,HUB_LAX,31-05-26,Web Portal,2027,1305,3
ORD_00879,CUST_1154,HUB_NYC,10-05-26,Mobile App,1316,812,3
ORD_00880,CUST_1227,HUB_NYC,27-03-26,In-Store POS,3598,2400,1
ORD_00881,CUST_1052,HUB_NYC,15-05-26,In-Store POS,2090,924,2
ORD_00882,CUST_1193,HUB_NYC,03-03-26,Mobile App,984,432,2
ORD_00883,CUST_1259,HUB_NYC,20-03-26,Web Portal,49,22,1
ORD_00884,CUST_1029,HUB_DFW,04-04-26,Corporate EDI,49,22,1
ORD_00885,CUST_1294,HUB_CHI,03-04-26,Web Portal,249,110,1
ORD_00886,CUST_1183,HUB_DFW,15-04-26,Web Portal,249,110,1
ORD_00887,CUST_1122,HUB_LAX,22-03-26,Web Portal,408,185,2
ORD_00888,CUST_1189,HUB_LAX,07-06-26,In-Store POS,1659,805,2
ORD_00889,CUST_1079,HUB_LAX,08-03-26,Web Portal,1290,650,1
ORD_00890,CUST_1172,HUB_NYC,22-06-26,Web Portal,675,304,2
ORD_00891,CUST_1082,HUB_LAX,14-02-26,Mobile App,12210,7845,3
ORD_00892,CUST_1016,HUB_CHI,03-05-26,Mobile App,159,75,1
ORD_00893,CUST_1233,HUB_CHI,06-03-26,Web Portal,1025,574,3
ORD_00894,CUST_1025,HUB_LAX,08-05-26,Mobile App,599,380,1
ORD_00895,CUST_1000,HUB_LAX,14-01-26,Corporate EDI,59,28,1
ORD_00896,CUST_1057,HUB_CHI,18-04-26,Web Portal,668,410,2
ORD_00897,CUST_1148,HUB_NYC,15-01-26,Web Portal,249,110,1
ORD_00898,CUST_1084,HUB_DFW,18-05-26,Mobile App,1858,1228,2
ORD_00899,CUST_1195,HUB_DFW,02-03-26,Mobile App,17436,11350,2
ORD_00900,CUST_1189,HUB_NYC,22-04-26,Corporate EDI,531,252,1
ORD_00901,CUST_1082,HUB_CHI,25-01-26,Web Portal,1474,880,2
ORD_00902,CUST_1135,HUB_LAX,10-01-26,Web Portal,671,326,2
ORD_00903,CUST_1065,HUB_LAX,14-06-26,In-Store POS,2117,1350,2
ORD_00904,CUST_1074,HUB_CHI,23-06-26,Web Portal,298,132,2
ORD_00905,CUST_1218,HUB_CHI,16-01-26,Web Portal,2995,1900,1
ORD_00906,CUST_1280,HUB_NYC,07-04-26,Web Portal,2749,1294,3
ORD_00907,CUST_1111,HUB_LAX,24-03-26,Corporate EDI,746,446,2
ORD_00908,CUST_1293,HUB_NYC,20-04-26,Mobile App,3916,2550,2
ORD_00909,CUST_1004,HUB_LAX,24-03-26,Corporate EDI,483,210,1
ORD_00910,CUST_1201,HUB_CHI,06-02-26,Web Portal,7679,5010,2
ORD_00911,CUST_1256,HUB_NYC,02-06-26,Mobile App,69,30,1
ORD_00912,CUST_1206,HUB_DFW,21-03-26,In-Store POS,2071,1190,4
ORD_00913,CUST_1108,HUB_LAX,24-06-26,In-Store POS,1198,760,1
ORD_00914,CUST_1198,HUB_LAX,05-01-26,Web Portal,1917,1252,3
ORD_00915,CUST_1262,HUB_LAX,25-03-26,Mobile App,4464,2905,5
ORD_00916,CUST_1092,HUB_DFW,28-03-26,In-Store POS,1917,1256,2
ORD_00917,CUST_1295,HUB_CHI,29-05-26,In-Store POS,457,207,3
ORD_00918,CUST_1278,HUB_DFW,19-02-26,Mobile App,59,28,1
ORD_00919,CUST_1072,HUB_LAX,11-01-26,Mobile App,1198,760,1
ORD_00920,CUST_1045,HUB_LAX,13-02-26,Web Portal,1934,881,3
ORD_00921,CUST_1232,HUB_DFW,22-04-26,Mobile App,159,75,1
ORD_00922,CUST_1104,HUB_LAX,08-04-26,In-Store POS,129,65,1
ORD_00923,CUST_1213,HUB_LAX,23-05-26,Web Portal,960,435,2
ORD_00924,CUST_1109,HUB_LAX,13-05-26,Web Portal,2544,1470,2
ORD_00925,CUST_1237,HUB_LAX,07-05-26,Corporate EDI,129,65,1
ORD_00926,CUST_1222,HUB_NYC,12-06-26,Mobile App,599,380,1
ORD_00927,CUST_1191,HUB_NYC,05-04-26,Web Portal,249,110,1
ORD_00928,CUST_1263,HUB_NYC,16-02-26,Web Portal,59,28,1
ORD_00929,CUST_1018,HUB_LAX,18-05-26,Mobile App,483,210,1
ORD_00930,CUST_1036,HUB_DFW,05-03-26,Mobile App,118,56,1
ORD_00931,CUST_1151,HUB_NYC,02-03-26,Web Portal,249,110,1
ORD_00932,CUST_1075,HUB_DFW,08-05-26,In-Store POS,345,150,1
ORD_00933,CUST_1039,HUB_NYC,24-01-26,Web Portal,1928,1265,2
ORD_00934,CUST_1200,HUB_NYC,26-06-26,Web Portal,599,380,1
ORD_00935,CUST_1273,HUB_DFW,28-05-26,Web Portal,129,65,1
ORD_00936,CUST_1052,HUB_NYC,02-01-26,Web Portal,196,88,1
ORD_00937,CUST_1098,HUB_LAX,22-03-26,Corporate EDI,3645,2362,3
ORD_00938,CUST_1203,HUB_CHI,27-06-26,Mobile App,717,432,3
ORD_00939,CUST_1005,HUB_LAX,01-03-26,Mobile App,249,110,1
ORD_00940,CUST_1031,HUB_LAX,06-04-26,Web Portal,1958,1275,2
ORD_00941,CUST_1296,HUB_DFW,18-05-26,Web Portal,2241,990,1
ORD_00942,CUST_1004,HUB_CHI,02-06-26,Web Portal,15554,9545,4
ORD_00943,CUST_1031,HUB_LAX,02-06-26,Web Portal,129,65,1
ORD_00944,CUST_1126,HUB_LAX,07-06-26,Web Portal,129,65,1
ORD_00945,CUST_1292,HUB_CHI,12-02-26,Mobile App,537,250,3
ORD_00946,CUST_1162,HUB_CHI,24-03-26,Mobile App,3340,2050,2
ORD_00947,CUST_1236,HUB_CHI,14-02-26,Web Portal,1097,600,2
ORD_00948,CUST_1126,HUB_DFW,18-03-26,Mobile App,2087,1340,3
ORD_00949,CUST_1070,HUB_NYC,07-02-26,In-Store POS,318,140,2
ORD_00950,CUST_1041,HUB_NYC,03-04-26,Mobile App,648,402,2
ORD_00951,CUST_1250,HUB_DFW,11-06-26,Mobile App,108,50,2
ORD_00952,CUST_1119,HUB_DFW,07-05-26,Web Portal,377,178,2
ORD_00953,CUST_1253,HUB_DFW,12-03-26,Mobile App,3916,2550,2
ORD_00954,CUST_1136,HUB_NYC,18-05-26,Web Portal,728,445,2
ORD_00955,CUST_1031,HUB_NYC,07-04-26,Mobile App,756,350,2
ORD_00956,CUST_1256,HUB_LAX,21-05-26,Web Portal,1958,1275,2
ORD_00957,CUST_1044,HUB_CHI,16-05-26,Mobile App,59,28,1
ORD_00958,CUST_1238,HUB_CHI,03-01-26,Web Portal,69,30,1
ORD_00959,CUST_1021,HUB_DFW,04-06-26,Web Portal,98,44,1
ORD_00960,CUST_1149,HUB_LAX,02-01-26,Web Portal,906,405,2
ORD_00961,CUST_1180,HUB_NYC,15-05-26,Mobile App,1713,825,2
ORD_00962,CUST_1287,HUB_DFW,12-04-26,Mobile App,17628,11430,3
ORD_00963,CUST_1262,HUB_NYC,28-03-26,Mobile App,2156,1370,4
ORD_00964,CUST_1103,HUB_LAX,23-04-26,Mobile App,1958,1275,2
ORD_00965,CUST_1251,HUB_CHI,30-03-26,Web Portal,1371,655,2
ORD_00966,CUST_1203,HUB_DFW,10-05-26,Web Portal,498,220,1
ORD_00967,CUST_1083,HUB_NYC,23-05-26,Web Portal,976,558,3
ORD_00968,CUST_1086,HUB_LAX,07-06-26,Web Portal,59,28,1
ORD_00969,CUST_1221,HUB_CHI,24-02-26,Web Portal,728,445,2
ORD_00970,CUST_1137,HUB_CHI,20-05-26,Corporate EDI,2995,1900,1
ORD_00971,CUST_1084,HUB_LAX,30-06-26,Web Portal,129,65,1
ORD_00972,CUST_1045,HUB_NYC,07-03-26,Mobile App,13152,8275,3
ORD_00973,CUST_1225,HUB_CHI,03-06-26,Mobile App,408,185,2
ORD_00974,CUST_1120,HUB_CHI,29-03-26,Web Portal,848,490,2
ORD_00975,CUST_1166,HUB_DFW,09-06-26,Web Portal,129,65,1
ORD_00976,CUST_1174,HUB_CHI,02-06-26,Web Portal,159,75,1
ORD_00977,CUST_1033,HUB_LAX,08-03-26,Web Portal,1958,1275,2
ORD_00978,CUST_1191,HUB_DFW,30-03-26,Mobile App,159,75,1
ORD_00979,CUST_1106,HUB_NYC,22-03-26,Web Portal,1958,1275,2
ORD_00980,CUST_1085,HUB_LAX,05-02-26,Web Portal,298,132,2
ORD_00981,CUST_1055,HUB_CHI,13-02-26,Web Portal,188,93,2
ORD_00982,CUST_1225,HUB_DFW,10-04-26,Mobile App,138,60,1
ORD_00983,CUST_1278,HUB_CHI,11-02-26,Mobile App,1958,1275,2
ORD_00984,CUST_1075,HUB_CHI,21-01-26,Mobile App,8995,6000,1
ORD_00985,CUST_1165,HUB_NYC,04-06-26,Mobile App,159,75,1
ORD_00986,CUST_1022,HUB_DFW,25-04-26,Web Portal,129,65,1
ORD_00987,CUST_1032,HUB_DFW,17-04-26,Web Portal,498,220,1
ORD_00988,CUST_1043,HUB_LAX,09-02-26,Mobile App,129,65,1
ORD_00989,CUST_1184,HUB_NYC,15-05-26,Mobile App,49,22,1
ORD_00990,CUST_1032,HUB_LAX,16-06-26,Mobile App,49,22,1
ORD_00991,CUST_1041,HUB_CHI,02-06-26,In-Store POS,1097,600,2
ORD_00992,CUST_1016,HUB_DFW,07-02-26,Web Portal,118,56,1
ORD_00993,CUST_1285,HUB_CHI,15-03-26,Corporate EDI,138,60,1
ORD_00994,CUST_1093,HUB_NYC,21-01-26,In-Store POS,599,380,1
ORD_00995,CUST_1292,HUB_CHI,07-01-26,Corporate EDI,668,410,2
ORD_00996,CUST_1113,HUB_DFW,26-02-26,Corporate EDI,2297,1420,2
ORD_00997,CUST_1228,HUB_DFW,15-03-26,Mobile App,6913,4510,3
ORD_00998,CUST_1066,HUB_DFW,03-04-26,Web Portal,498,220,1
ORD_00999,CUST_1258,HUB_LAX,23-05-26,Web Portal,797,475,3
ORD_01000,CUST_1049,HUB_NYC,03-05-26,Web Portal,249,110,1
